/*
 * Glyphs from JetBrains Mono ExtraBold, Copyright 2020 The JetBrains Mono Project
 * Authors (https://github.com/JetBrains/JetBrainsMono).
 * The font is licensed under the SIL Open Font License, Version 1.1: see
 * OFL-JetBrainsMono.txt beside this file. Converted for LVGL by ledienbien-ai (2026).
 */

/*******************************************************************************
 * Size: 16 px
 * Bpp: 4
 * Made with lv_font_conv (https://github.com/lvgl/lv_font_conv); see README.md here.
 ******************************************************************************/

#ifdef LV_LVGL_H_INCLUDE_SIMPLE
#include "lvgl.h"
#else
#include "lvgl.h"
#endif

#ifndef MUSE_FONT_MONO_VI_16
#define MUSE_FONT_MONO_VI_16 1
#endif

#if MUSE_FONT_MONO_VI_16

/*-----------------
 *    BITMAPS
 *----------------*/

/*Store the image of the glyphs*/
static LV_ATTRIBUTE_LARGE_CONST const uint8_t glyph_bitmap[] = {
    /* U+0020 " " */

    /* U+0021 "!" */
    0x7f, 0xf1, 0x7f, 0xf1, 0x7f, 0xf0, 0x6f, 0xf0,
    0x5f, 0xe0, 0x4f, 0xd0, 0x3f, 0xc0, 0x1c, 0x90,
    0x0, 0x0, 0x3, 0x20, 0x8f, 0xf2, 0x6f, 0xe1,

    /* U+0022 "\"" */
    0x3f, 0xf2, 0x8f, 0xd3, 0xff, 0x28, 0xfd, 0x3f,
    0xf1, 0x8f, 0xd2, 0xff, 0x6, 0xfc, 0xd, 0xc0,
    0x4d, 0x80,

    /* U+0023 "#" */
    0x0, 0xf, 0xb0, 0x4f, 0x60, 0x0, 0x1f, 0x90,
    0x6f, 0x30, 0x0, 0x4f, 0x60, 0x9f, 0x10, 0x3f,
    0xff, 0xff, 0xff, 0xf4, 0x19, 0xdf, 0x99, 0xfe,
    0x92, 0x0, 0xce, 0x1, 0xf9, 0x0, 0x0, 0xfb,
    0x4, 0xf6, 0x0, 0x6a, 0xfd, 0x9c, 0xfb, 0x70,
    0xbf, 0xff, 0xff, 0xff, 0xc0, 0x8, 0xf2, 0xd,
    0xd0, 0x0, 0xa, 0xf0, 0xf, 0xb0, 0x0, 0xc,
    0xd0, 0x2f, 0x80, 0x0,

    /* U+0024 "$" */
    0x0, 0x0, 0x31, 0x0, 0x0, 0x0, 0xc, 0x40,
    0x0, 0x0, 0x0, 0xc4, 0x0, 0x0, 0x8, 0xff,
    0xfd, 0x40, 0x9, 0xff, 0xff, 0xff, 0x20, 0xff,
    0x9c, 0x6f, 0xf8, 0xf, 0xf6, 0xc4, 0x12, 0x10,
    0xdf, 0xfe, 0x60, 0x0, 0x4, 0xff, 0xff, 0xe5,
    0x0, 0x3, 0xaf, 0xff, 0xf4, 0x0, 0x0, 0xc7,
    0xef, 0xb1, 0x77, 0x1c, 0x49, 0xfc, 0x1f, 0xfb,
    0xd8, 0xef, 0xa0, 0x8f, 0xff, 0xff, 0xf2, 0x0,
    0x5b, 0xfd, 0x92, 0x0, 0x0, 0xc, 0x40, 0x0,
    0x0, 0x0, 0xc4, 0x0, 0x0,

    /* U+0025 "%" */
    0x2, 0xcf, 0xc3, 0x0, 0x2f, 0x70, 0xbe, 0x5d,
    0xc0, 0xd, 0xc0, 0xd, 0xc0, 0xaf, 0x8, 0xf2,
    0x0, 0xce, 0x2c, 0xe4, 0xf6, 0x0, 0x4, 0xff,
    0xf7, 0xea, 0x0, 0x0, 0x1, 0x31, 0xae, 0x10,
    0x0, 0x0, 0x0, 0x5f, 0x40, 0x0, 0x0, 0x0,
    0x2f, 0x99, 0xff, 0xa0, 0x0, 0xc, 0xd4, 0xf9,
    0x8f, 0x50, 0x7, 0xf2, 0x5f, 0x32, 0xf6, 0x3,
    0xf7, 0x3, 0xf9, 0x8f, 0x40, 0xdb, 0x0, 0x8,
    0xee, 0x80,

    /* U+0026 "&" */
    0x0, 0x4c, 0xfe, 0x80, 0x0, 0x2, 0xff, 0xff,
    0xf9, 0x0, 0x7, 0xfc, 0x6, 0xfe, 0x0, 0x6,
    0xfb, 0x0, 0x0, 0x0, 0x1, 0xff, 0x30, 0x0,
    0x0, 0xa, 0xff, 0xd0, 0x0, 0x0, 0x4f, 0xfd,
    0xf9, 0x4f, 0xd0, 0x6f, 0xc1, 0xff, 0xdf, 0x70,
    0x7f, 0xc0, 0x5f, 0xfe, 0x0, 0x5f, 0xf1, 0x1e,
    0xfb, 0x0, 0x1e, 0xff, 0xff, 0xff, 0x40, 0x3,
    0xcf, 0xe9, 0x5f, 0xe0,

    /* U+0027 "'" */
    0x6f, 0xf6, 0xff, 0x6f, 0xf4, 0xfe, 0x2d, 0xa0,

    /* U+0028 "(" */
    0x0, 0x0, 0x14, 0x0, 0x8, 0xfc, 0x0, 0xbf,
    0xfc, 0x9, 0xff, 0x70, 0x1f, 0xf8, 0x0, 0x5f,
    0xf1, 0x0, 0x7f, 0xe0, 0x0, 0x8f, 0xe0, 0x0,
    0x8f, 0xe0, 0x0, 0x8f, 0xe0, 0x0, 0x7f, 0xf0,
    0x0, 0x4f, 0xf4, 0x0, 0xd, 0xfd, 0x20, 0x3,
    0xff, 0xf7, 0x0, 0x4e, 0xfc, 0x0, 0x1, 0x79,

    /* U+0029 ")" */
    0x14, 0x0, 0x0, 0x2, 0xfd, 0x40, 0x0, 0x2f,
    0xff, 0x60, 0x0, 0x2c, 0xff, 0x20, 0x0, 0xd,
    0xfa, 0x0, 0x0, 0x7f, 0xf0, 0x0, 0x4, 0xff,
    0x10, 0x0, 0x4f, 0xf2, 0x0, 0x4, 0xff, 0x20,
    0x0, 0x4f, 0xf1, 0x0, 0x6, 0xff, 0x0, 0x0,
    0xbf, 0xd0, 0x0, 0x6f, 0xf7, 0x1, 0xcf, 0xfc,
    0x0, 0x2f, 0xfb, 0x10, 0x2, 0xb4, 0x0, 0x0,

    /* U+002A "*" */
    0x0, 0x2, 0x87, 0x0, 0x0, 0x0, 0x3, 0xfd,
    0x0, 0x0, 0x7, 0x11, 0xfa, 0x3, 0x40, 0x4f,
    0xf6, 0xc7, 0xaf, 0xd0, 0x3b, 0xff, 0xef, 0xfe,
    0x90, 0x0, 0x7, 0xdd, 0x30, 0x0, 0x0, 0x8f,
    0x7d, 0xf3, 0x0, 0x4, 0xff, 0x16, 0xfe, 0x0,
    0x0, 0x77, 0x0, 0xb3, 0x0,

    /* U+002B "+" */
    0x0, 0x6, 0xff, 0x0, 0x0, 0x0, 0x6f, 0xf0,
    0x0, 0x4, 0x48, 0xff, 0x44, 0x22, 0xff, 0xff,
    0xff, 0xfb, 0x2f, 0xff, 0xff, 0xff, 0xb0, 0x0,
    0x6f, 0xf0, 0x0, 0x0, 0x6, 0xff, 0x0, 0x0,
    0x0, 0x4b, 0xb0, 0x0,

    /* U+002C "," */
    0x9, 0xff, 0x30, 0xdf, 0xc0, 0x1f, 0xf5, 0x6,
    0xfe, 0x0, 0xaf, 0x80, 0x0,

    /* U+002D "-" */
    0x34, 0x44, 0x41, 0xcf, 0xff, 0xf5, 0xcf, 0xff,
    0xf5,

    /* U+002E "." */
    0x3, 0x10, 0x8f, 0xf2, 0xcf, 0xf6, 0x5f, 0xd1,

    /* U+002F "/" */
    0x0, 0x0, 0x0, 0xdf, 0x90, 0x0, 0x0, 0x3f,
    0xf3, 0x0, 0x0, 0x9, 0xfd, 0x0, 0x0, 0x0,
    0xff, 0x80, 0x0, 0x0, 0x5f, 0xf2, 0x0, 0x0,
    0xb, 0xfc, 0x0, 0x0, 0x1, 0xff, 0x60, 0x0,
    0x0, 0x7f, 0xf1, 0x0, 0x0, 0xd, 0xfa, 0x0,
    0x0, 0x2, 0xff, 0x40, 0x0, 0x0, 0x8f, 0xe0,
    0x0, 0x0, 0xe, 0xf9, 0x0, 0x0, 0x4, 0xff,
    0x30, 0x0, 0x0, 0xaf, 0xd0, 0x0, 0x0, 0xf,
    0xf7, 0x0, 0x0, 0x0,

    /* U+0030 "0" */
    0x0, 0x5c, 0xfe, 0xa2, 0x0, 0x6f, 0xff, 0xff,
    0xe1, 0xe, 0xfa, 0x24, 0xef, 0x70, 0xff, 0x30,
    0x9, 0xf9, 0xf, 0xf3, 0x31, 0x9f, 0xa0, 0xff,
    0x6f, 0xd9, 0xfa, 0xf, 0xf5, 0xea, 0x9f, 0xa0,
    0xff, 0x30, 0x9, 0xfa, 0xf, 0xf3, 0x0, 0x9f,
    0x90, 0xef, 0xa2, 0x4e, 0xf7, 0x6, 0xff, 0xff,
    0xfe, 0x10, 0x5, 0xcf, 0xea, 0x20,

    /* U+0031 "1" */
    0x0, 0xaf, 0xfa, 0x0, 0x3d, 0xff, 0xfa, 0x0,
    0xcf, 0xcd, 0xfa, 0x0, 0xb9, 0xc, 0xfa, 0x0,
    0x30, 0xc, 0xfa, 0x0, 0x0, 0xc, 0xfa, 0x0,
    0x0, 0xc, 0xfa, 0x0, 0x0, 0xc, 0xfa, 0x0,
    0x0, 0xc, 0xfa, 0x0, 0x11, 0x1c, 0xfa, 0x11,
    0xbf, 0xff, 0xff, 0xff, 0xbf, 0xff, 0xff, 0xff,

    /* U+0032 "2" */
    0x0, 0x6d, 0xfe, 0xa1, 0x0, 0x7f, 0xff, 0xff,
    0xd0, 0xf, 0xfc, 0x37, 0xff, 0x62, 0xcc, 0x30,
    0xe, 0xf8, 0x0, 0x0, 0x1, 0xff, 0x60, 0x0,
    0x0, 0xaf, 0xf1, 0x0, 0x0, 0x9f, 0xf6, 0x0,
    0x0, 0x9f, 0xf8, 0x0, 0x0, 0x9f, 0xf7, 0x0,
    0x0, 0x9f, 0xf9, 0x22, 0x21, 0xe, 0xff, 0xff,
    0xff, 0xa0, 0xef, 0xff, 0xff, 0xfa,

    /* U+0033 "3" */
    0x9, 0xff, 0xff, 0xff, 0x20, 0x9f, 0xff, 0xff,
    0xf2, 0x0, 0x0, 0x1c, 0xfa, 0x0, 0x0, 0x1d,
    0xf8, 0x0, 0x0, 0xa, 0xff, 0x81, 0x0, 0x0,
    0xaf, 0xff, 0xd1, 0x0, 0x2, 0x37, 0xff, 0x70,
    0x0, 0x0, 0xc, 0xf9, 0x6, 0x61, 0x0, 0xcf,
    0xa0, 0xff, 0x90, 0x3f, 0xf8, 0x9, 0xff, 0xff,
    0xfe, 0x10, 0x7, 0xdf, 0xeb, 0x20,

    /* U+0034 "4" */
    0x0, 0x0, 0x1f, 0xfa, 0x0, 0x0, 0xb, 0xfe,
    0x10, 0x0, 0x6, 0xff, 0x50, 0x0, 0x2, 0xff,
    0xa0, 0x0, 0x0, 0xbf, 0xe1, 0x0, 0x0, 0x6f,
    0xf5, 0xc, 0xc4, 0x1f, 0xfa, 0x0, 0xff, 0x62,
    0xff, 0x31, 0x1f, 0xf6, 0x2f, 0xff, 0xff, 0xff,
    0x62, 0xff, 0xff, 0xff, 0xf6, 0x0, 0x0, 0x0,
    0xff, 0x60, 0x0, 0x0, 0xf, 0xf6,

    /* U+0035 "5" */
    0xb, 0xff, 0xff, 0xff, 0x30, 0xbf, 0xff, 0xff,
    0xf3, 0xb, 0xfa, 0x22, 0x22, 0x0, 0xbf, 0x80,
    0x0, 0x0, 0xb, 0xf9, 0xad, 0xc4, 0x0, 0xcf,
    0xff, 0xff, 0xf2, 0x6, 0x86, 0x13, 0xff, 0x80,
    0x0, 0x0, 0xc, 0xfa, 0x3, 0x31, 0x0, 0xcf,
    0xa0, 0xef, 0xb2, 0x4f, 0xf8, 0x7, 0xff, 0xff,
    0xff, 0x10, 0x6, 0xdf, 0xea, 0x20,

    /* U+0036 "6" */
    0x0, 0x0, 0xdf, 0xd0, 0x0, 0x0, 0x7f, 0xf3,
    0x0, 0x0, 0x1f, 0xfa, 0x0, 0x0, 0xa, 0xff,
    0x10, 0x0, 0x3, 0xff, 0x70, 0x0, 0x0, 0xbf,
    0xd9, 0xfe, 0x70, 0x1f, 0xff, 0xde, 0xff, 0x63,
    0xff, 0x60, 0xc, 0xfc, 0x3f, 0xf1, 0x0, 0x8f,
    0xd0, 0xff, 0x90, 0x2d, 0xfa, 0x6, 0xff, 0xff,
    0xff, 0x30, 0x5, 0xcf, 0xeb, 0x30,

    /* U+0037 "7" */
    0x4f, 0xff, 0xff, 0xff, 0xc4, 0xff, 0xff, 0xff,
    0xfc, 0x4f, 0xf5, 0x44, 0xdf, 0xa4, 0xff, 0x10,
    0x2f, 0xf4, 0x0, 0x0, 0x9, 0xfd, 0x0, 0x0,
    0x1, 0xff, 0x60, 0x0, 0x0, 0x7f, 0xf0, 0x0,
    0x0, 0xe, 0xf9, 0x0, 0x0, 0x5, 0xff, 0x20,
    0x0, 0x0, 0xcf, 0xc0, 0x0, 0x0, 0x3f, 0xf5,
    0x0, 0x0, 0xa, 0xfe, 0x0, 0x0,

    /* U+0038 "8" */
    0x0, 0x6d, 0xfe, 0xa2, 0x0, 0x7f, 0xff, 0xff,
    0xe1, 0xe, 0xfb, 0x13, 0xff, 0x70, 0xff, 0x60,
    0xd, 0xf8, 0x9, 0xfd, 0x26, 0xff, 0x30, 0xa,
    0xff, 0xff, 0x50, 0x2, 0xef, 0xef, 0xfa, 0x0,
    0xdf, 0xb0, 0x3e, 0xf7, 0x1f, 0xf3, 0x0, 0xaf,
    0xb1, 0xff, 0xa1, 0x3e, 0xfa, 0x9, 0xff, 0xff,
    0xff, 0x30, 0x7, 0xdf, 0xeb, 0x30,

    /* U+0039 "9" */
    0x0, 0x5c, 0xfe, 0xa2, 0x0, 0x7f, 0xff, 0xff,
    0xe1, 0xf, 0xfa, 0x13, 0xef, 0x93, 0xff, 0x20,
    0x8, 0xfc, 0x3f, 0xf2, 0x0, 0x8f, 0xd1, 0xff,
    0xa1, 0x3e, 0xfa, 0x9, 0xff, 0xff, 0xff, 0x40,
    0x7, 0xca, 0x9f, 0xd0, 0x0, 0x0, 0x2f, 0xf4,
    0x0, 0x0, 0xc, 0xfa, 0x0, 0x0, 0x7, 0xff,
    0x10, 0x0, 0x3, 0xff, 0x70, 0x0,

    /* U+003A ":" */
    0x6f, 0xd1, 0xcf, 0xf5, 0x4d, 0xb1, 0x0, 0x0,
    0x0, 0x0, 0x0, 0x0, 0x4d, 0xb1, 0xcf, 0xf5,
    0x6f, 0xd1,

    /* U+003B ";" */
    0x6, 0xfd, 0x10, 0xcf, 0xf5, 0x5, 0xdb, 0x10,
    0x0, 0x0, 0x0, 0x0, 0x0, 0x0, 0x0, 0x0,
    0x0, 0x0, 0x8f, 0xf4, 0xc, 0xfd, 0x0, 0xff,
    0x70, 0x4f, 0xf1, 0x8, 0xf9, 0x0,

    /* U+003C "<" */
    0x0, 0x0, 0x0, 0x55, 0x0, 0x0, 0x6d, 0xf7,
    0x1, 0x8e, 0xff, 0xd3, 0x8f, 0xff, 0xb4, 0x0,
    0xef, 0xa2, 0x0, 0x0, 0xdf, 0xfb, 0x40, 0x0,
    0x17, 0xef, 0xfd, 0x60, 0x0, 0x6, 0xdf, 0xf7,
    0x0, 0x0, 0x5, 0xc7, 0x0, 0x0, 0x0, 0x0,

    /* U+003D "=" */
    0x24, 0x44, 0x44, 0x41, 0xbf, 0xff, 0xff, 0xf5,
    0xbf, 0xff, 0xff, 0xf5, 0x0, 0x0, 0x0, 0x0,
    0x24, 0x44, 0x44, 0x41, 0xbf, 0xff, 0xff, 0xf5,
    0xbf, 0xff, 0xff, 0xf5,

    /* U+003E ">" */
    0x82, 0x0, 0x0, 0x0, 0xef, 0xb4, 0x0, 0x0,
    0x8f, 0xff, 0xc5, 0x0, 0x1, 0x7e, 0xff, 0xe4,
    0x0, 0x0, 0x5d, 0xf7, 0x0, 0x17, 0xef, 0xf7,
    0x29, 0xff, 0xfc, 0x40, 0xdf, 0xfa, 0x30, 0x0,
    0xd9, 0x20, 0x0, 0x0, 0x0, 0x0, 0x0, 0x0,

    /* U+003F "?" */
    0x3f, 0xff, 0xd6, 0x0, 0x3f, 0xff, 0xff, 0x90,
    0x4, 0x44, 0xbf, 0xf1, 0x0, 0x0, 0x3f, 0xf3,
    0x0, 0x0, 0x8f, 0xf1, 0x2, 0xff, 0xff, 0xc0,
    0x2, 0xff, 0xfc, 0x10, 0x2, 0xfe, 0x10, 0x0,
    0x0, 0x76, 0x0, 0x0, 0x0, 0x32, 0x0, 0x0,
    0x6, 0xff, 0x30, 0x0, 0x4, 0xfe, 0x20, 0x0,

    /* U+0040 "@" */
    0x0, 0x5c, 0xff, 0xc5, 0x0, 0x8, 0xff, 0xcb,
    0xff, 0x60, 0x2f, 0xf2, 0x0, 0x3f, 0xf0, 0x7f,
    0x80, 0x0, 0xb, 0xf3, 0x9f, 0x50, 0xbf, 0xd9,
    0xf4, 0x9f, 0x54, 0xfd, 0x5d, 0xf4, 0x9f, 0x57,
    0xf7, 0xa, 0xf4, 0x9f, 0x57, 0xf7, 0xa, 0xf4,
    0x9f, 0x57, 0xf7, 0xa, 0xf4, 0x9f, 0x55, 0xfa,
    0xd, 0xf4, 0x9f, 0x50, 0xcf, 0xe7, 0xf4, 0x7f,
    0x80, 0x2, 0x1, 0x30, 0x2f, 0xf4, 0x0, 0x0,
    0x0, 0x7, 0xff, 0xdc, 0x30, 0x0, 0x0, 0x4b,
    0xef, 0x50, 0x0,

    /* U+0041 "A" */
    0x0, 0xd, 0xff, 0x60, 0x0, 0x0, 0x1f, 0xff,
    0xa0, 0x0, 0x0, 0x5f, 0xdf, 0xe0, 0x0, 0x0,
    0x9f, 0x8e, 0xf2, 0x0, 0x0, 0xcf, 0x5b, 0xf6,
    0x0, 0x0, 0xff, 0x28, 0xfa, 0x0, 0x4, 0xfe,
    0x5, 0xfd, 0x0, 0x8, 0xff, 0xef, 0xff, 0x10,
    0xc, 0xff, 0xff, 0xff, 0x50, 0xf, 0xf4, 0x0,
    0xbf, 0x90, 0x3f, 0xf1, 0x0, 0x8f, 0xd0, 0x7f,
    0xe0, 0x0, 0x5f, 0xf1,

    /* U+0042 "B" */
    0xff, 0xff, 0xeb, 0x30, 0xff, 0xff, 0xff, 0xf3,
    0xff, 0x60, 0x2f, 0xf9, 0xff, 0x60, 0xc, 0xfa,
    0xff, 0x60, 0x3f, 0xf5, 0xff, 0xff, 0xfe, 0x70,
    0xff, 0xfe, 0xff, 0xc1, 0xff, 0x60, 0x1c, 0xfb,
    0xff, 0x60, 0x7, 0xfe, 0xff, 0x60, 0x1c, 0xfd,
    0xff, 0xff, 0xff, 0xf5, 0xff, 0xff, 0xfc, 0x40,

    /* U+0043 "C" */
    0x0, 0x5c, 0xfe, 0xb2, 0x0, 0x6f, 0xff, 0xff,
    0xf2, 0xe, 0xfc, 0x23, 0xef, 0x90, 0xff, 0x60,
    0x5, 0x86, 0xf, 0xf5, 0x0, 0x0, 0x0, 0xff,
    0x50, 0x0, 0x0, 0xf, 0xf5, 0x0, 0x0, 0x0,
    0xff, 0x50, 0x0, 0x0, 0xf, 0xf6, 0x0, 0x58,
    0x60, 0xef, 0xc2, 0x3e, 0xf9, 0x6, 0xff, 0xff,
    0xff, 0x20, 0x5, 0xcf, 0xfb, 0x30,

    /* U+0044 "D" */
    0xff, 0xff, 0xea, 0x20, 0xff, 0xff, 0xff, 0xf2,
    0xff, 0x84, 0x6f, 0xf9, 0xff, 0x60, 0xa, 0xfc,
    0xff, 0x60, 0x9, 0xfd, 0xff, 0x60, 0x9, 0xfd,
    0xff, 0x60, 0x9, 0xfd, 0xff, 0x60, 0x9, 0xfd,
    0xff, 0x60, 0xa, 0xfc, 0xff, 0x84, 0x6f, 0xf9,
    0xff, 0xff, 0xff, 0xe2, 0xff, 0xff, 0xea, 0x20,

    /* U+0045 "E" */
    0xbf, 0xff, 0xff, 0xf7, 0xbf, 0xff, 0xff, 0xf7,
    0xbf, 0xa0, 0x0, 0x0, 0xbf, 0xa0, 0x0, 0x0,
    0xbf, 0xa1, 0x11, 0x0, 0xbf, 0xff, 0xff, 0xe0,
    0xbf, 0xff, 0xff, 0xe0, 0xbf, 0xa0, 0x0, 0x0,
    0xbf, 0xa0, 0x0, 0x0, 0xbf, 0xa1, 0x11, 0x10,
    0xbf, 0xff, 0xff, 0xf7, 0xbf, 0xff, 0xff, 0xf7,

    /* U+0046 "F" */
    0xef, 0xff, 0xff, 0xfa, 0xef, 0xff, 0xff, 0xfa,
    0xef, 0x94, 0x44, 0x42, 0xef, 0x70, 0x0, 0x0,
    0xef, 0x70, 0x0, 0x0, 0xef, 0xff, 0xff, 0xf3,
    0xef, 0xff, 0xff, 0xf3, 0xef, 0xa4, 0x44, 0x40,
    0xef, 0x80, 0x0, 0x0, 0xef, 0x80, 0x0, 0x0,
    0xef, 0x80, 0x0, 0x0, 0xef, 0x80, 0x0, 0x0,

    /* U+0047 "G" */
    0x0, 0x5c, 0xff, 0xb3, 0x0, 0x6f, 0xff, 0xff,
    0xf3, 0xe, 0xfc, 0x23, 0xef, 0xa0, 0xff, 0x60,
    0x3, 0x54, 0xf, 0xf5, 0x0, 0x0, 0x0, 0xff,
    0x55, 0xff, 0xfc, 0xf, 0xf5, 0x5f, 0xff, 0xc0,
    0xff, 0x50, 0xa, 0xfc, 0xf, 0xf6, 0x0, 0xaf,
    0xb0, 0xef, 0xc2, 0x4f, 0xf8, 0x6, 0xff, 0xff,
    0xfe, 0x20, 0x5, 0xcf, 0xeb, 0x20,

    /* U+0048 "H" */
    0xff, 0x70, 0xd, 0xf8, 0xff, 0x70, 0xd, 0xf8,
    0xff, 0x70, 0xd, 0xf8, 0xff, 0x70, 0xd, 0xf8,
    0xff, 0x94, 0x4e, 0xf8, 0xff, 0xff, 0xff, 0xf8,
    0xff, 0xff, 0xff, 0xf8, 0xff, 0x70, 0xd, 0xf8,
    0xff, 0x70, 0xd, 0xf8, 0xff, 0x70, 0xd, 0xf8,
    0xff, 0x70, 0xd, 0xf8, 0xff, 0x70, 0xd, 0xf8,

    /* U+0049 "I" */
    0xbf, 0xff, 0xff, 0xf5, 0xbf, 0xff, 0xff, 0xf5,
    0x1, 0x7f, 0xf1, 0x10, 0x0, 0x6f, 0xf0, 0x0,
    0x0, 0x6f, 0xf0, 0x0, 0x0, 0x6f, 0xf0, 0x0,
    0x0, 0x6f, 0xf0, 0x0, 0x0, 0x6f, 0xf0, 0x0,
    0x0, 0x6f, 0xf0, 0x0, 0x11, 0x7f, 0xf1, 0x10,
    0xbf, 0xff, 0xff, 0xf5, 0xbf, 0xff, 0xff, 0xf5,

    /* U+004A "J" */
    0x0, 0xb, 0xff, 0xff, 0x50, 0x0, 0xbf, 0xff,
    0xf5, 0x0, 0x2, 0x44, 0xff, 0x50, 0x0, 0x0,
    0x1f, 0xf5, 0x0, 0x0, 0x1, 0xff, 0x50, 0x0,
    0x0, 0x1f, 0xf5, 0x0, 0x0, 0x1, 0xff, 0x50,
    0x0, 0x0, 0x1f, 0xf5, 0x7b, 0x80, 0x1, 0xff,
    0x48, 0xff, 0x51, 0x9f, 0xf2, 0x1e, 0xff, 0xff,
    0xfa, 0x0, 0x1a, 0xef, 0xd7, 0x0,

    /* U+004B "K" */
    0xff, 0x70, 0xb, 0xfe, 0xf, 0xf7, 0x1, 0xff,
    0x70, 0xff, 0x70, 0x8f, 0xf1, 0xf, 0xf7, 0xe,
    0xfa, 0x0, 0xff, 0x86, 0xff, 0x40, 0xf, 0xff,
    0xff, 0xd0, 0x0, 0xff, 0xff, 0xfe, 0x0, 0xf,
    0xf7, 0x3f, 0xf6, 0x0, 0xff, 0x70, 0xdf, 0xc0,
    0xf, 0xf7, 0x6, 0xff, 0x30, 0xff, 0x70, 0x1f,
    0xf9, 0xf, 0xf7, 0x0, 0xaf, 0xf0,

    /* U+004C "L" */
    0x7f, 0xe0, 0x0, 0x0, 0x7f, 0xe0, 0x0, 0x0,
    0x7f, 0xe0, 0x0, 0x0, 0x7f, 0xe0, 0x0, 0x0,
    0x7f, 0xe0, 0x0, 0x0, 0x7f, 0xe0, 0x0, 0x0,
    0x7f, 0xe0, 0x0, 0x0, 0x7f, 0xe0, 0x0, 0x0,
    0x7f, 0xe0, 0x0, 0x0, 0x7f, 0xf4, 0x44, 0x42,
    0x7f, 0xff, 0xff, 0xfa, 0x7f, 0xff, 0xff, 0xfa,

    /* U+004D "M" */
    0x5f, 0xf8, 0x0, 0xef, 0xe5, 0xff, 0xc0, 0x3f,
    0xfe, 0x5f, 0xdf, 0x17, 0xef, 0xe5, 0xfa, 0xf5,
    0xcb, 0xfe, 0x5f, 0xad, 0xaf, 0x8f, 0xe5, 0xfb,
    0x9f, 0xf5, 0xfe, 0x5f, 0xc4, 0xed, 0x3f, 0xe5,
    0xfd, 0x0, 0x3, 0xfe, 0x5f, 0xd0, 0x0, 0x4f,
    0xe5, 0xfd, 0x0, 0x4, 0xfe, 0x5f, 0xd0, 0x0,
    0x4f, 0xe5, 0xfd, 0x0, 0x4, 0xfe,

    /* U+004E "N" */
    0xf, 0xfe, 0x0, 0x7f, 0xa0, 0xff, 0xf4, 0x7,
    0xfa, 0xf, 0xff, 0x90, 0x7f, 0xa0, 0xfe, 0xee,
    0x7, 0xfa, 0xf, 0xf9, 0xf3, 0x7f, 0xa0, 0xff,
    0x4f, 0x87, 0xfa, 0xf, 0xf1, 0xed, 0x6f, 0xa0,
    0xff, 0x19, 0xf8, 0xfa, 0xf, 0xf1, 0x4f, 0xcf,
    0xa0, 0xff, 0x10, 0xff, 0xfa, 0xf, 0xf1, 0xa,
    0xff, 0xa0, 0xff, 0x10, 0x5f, 0xfa,

    /* U+004F "O" */
    0x0, 0x5c, 0xfe, 0xa2, 0x0, 0x6f, 0xff, 0xff,
    0xe1, 0xe, 0xfb, 0x24, 0xff, 0x70, 0xff, 0x60,
    0xc, 0xf9, 0xf, 0xf5, 0x0, 0xcf, 0xa0, 0xff,
    0x50, 0xc, 0xfa, 0xf, 0xf5, 0x0, 0xcf, 0xa0,
    0xff, 0x50, 0xc, 0xfa, 0xf, 0xf6, 0x0, 0xcf,
    0x90, 0xef, 0xb2, 0x4f, 0xf7, 0x6, 0xff, 0xff,
    0xfe, 0x10, 0x5, 0xcf, 0xea, 0x20,

    /* U+0050 "P" */
    0xff, 0xff, 0xfc, 0x40, 0xf, 0xff, 0xff, 0xff,
    0x50, 0xff, 0x82, 0x4d, 0xfd, 0xf, 0xf7, 0x0,
    0x5f, 0xf1, 0xff, 0x70, 0x5, 0xff, 0x1f, 0xf8,
    0x24, 0xdf, 0xd0, 0xff, 0xff, 0xff, 0xf4, 0xf,
    0xff, 0xff, 0xc4, 0x0, 0xff, 0x70, 0x0, 0x0,
    0xf, 0xf7, 0x0, 0x0, 0x0, 0xff, 0x70, 0x0,
    0x0, 0xf, 0xf7, 0x0, 0x0, 0x0,

    /* U+0051 "Q" */
    0x0, 0x5c, 0xfe, 0xa2, 0x0, 0x6f, 0xff, 0xff,
    0xe1, 0xe, 0xfb, 0x24, 0xff, 0x70, 0xff, 0x60,
    0xc, 0xf9, 0xf, 0xf5, 0x0, 0xcf, 0xa0, 0xff,
    0x50, 0xc, 0xfa, 0xf, 0xf5, 0x0, 0xcf, 0xa0,
    0xff, 0x50, 0xc, 0xfa, 0xf, 0xf6, 0x0, 0xcf,
    0xa0, 0xef, 0xb2, 0x4f, 0xf7, 0x6, 0xff, 0xff,
    0xfe, 0x10, 0x5, 0xcf, 0xff, 0x30, 0x0, 0x0,
    0xe, 0xf7, 0x0, 0x0, 0x0, 0x6f, 0xf1, 0x0,
    0x0, 0x0, 0xdf, 0x90,

    /* U+0052 "R" */
    0xff, 0xff, 0xea, 0x20, 0xf, 0xff, 0xff, 0xff,
    0x20, 0xff, 0x71, 0x4f, 0xfa, 0xf, 0xf6, 0x0,
    0x9f, 0xd0, 0xff, 0x60, 0x9, 0xfc, 0xf, 0xf7,
    0x14, 0xef, 0x90, 0xff, 0xff, 0xff, 0xf2, 0xf,
    0xff, 0xff, 0xf2, 0x0, 0xff, 0x63, 0xff, 0x40,
    0xf, 0xf6, 0xb, 0xfc, 0x0, 0xff, 0x60, 0x4f,
    0xf4, 0xf, 0xf6, 0x0, 0xcf, 0xc0,

    /* U+0053 "S" */
    0x0, 0x6d, 0xfe, 0xa2, 0x0, 0x8f, 0xff, 0xff,
    0xf2, 0xf, 0xfa, 0x24, 0xff, 0x80, 0xff, 0x50,
    0x3, 0x43, 0xe, 0xfe, 0x51, 0x0, 0x0, 0x5f,
    0xff, 0xfc, 0x30, 0x0, 0x4c, 0xff, 0xff, 0x30,
    0x0, 0x1, 0x6f, 0xfa, 0x15, 0x51, 0x0, 0x9f,
    0xc1, 0xff, 0x92, 0x3d, 0xfa, 0xa, 0xff, 0xff,
    0xff, 0x30, 0x7, 0xdf, 0xeb, 0x30,

    /* U+0054 "T" */
    0x5f, 0xff, 0xff, 0xff, 0xf5, 0xff, 0xff, 0xff,
    0xff, 0x14, 0x48, 0xff, 0x44, 0x30, 0x0, 0x6f,
    0xf0, 0x0, 0x0, 0x6, 0xff, 0x0, 0x0, 0x0,
    0x6f, 0xf0, 0x0, 0x0, 0x6, 0xff, 0x0, 0x0,
    0x0, 0x6f, 0xf0, 0x0, 0x0, 0x6, 0xff, 0x0,
    0x0, 0x0, 0x6f, 0xf0, 0x0, 0x0, 0x6, 0xff,
    0x0, 0x0, 0x0, 0x6f, 0xf0, 0x0,

    /* U+0055 "U" */
    0xf, 0xf5, 0x0, 0xcf, 0xa0, 0xff, 0x50, 0xc,
    0xfa, 0xf, 0xf5, 0x0, 0xcf, 0xa0, 0xff, 0x50,
    0xc, 0xfa, 0xf, 0xf5, 0x0, 0xcf, 0xa0, 0xff,
    0x50, 0xc, 0xfa, 0xf, 0xf5, 0x0, 0xcf, 0xa0,
    0xff, 0x50, 0xc, 0xfa, 0xf, 0xf6, 0x0, 0xcf,
    0x90, 0xef, 0xc2, 0x4f, 0xf7, 0x6, 0xff, 0xff,
    0xfe, 0x10, 0x5, 0xcf, 0xea, 0x20,

    /* U+0056 "V" */
    0x7f, 0xf0, 0x0, 0x5f, 0xf1, 0x3f, 0xf3, 0x0,
    0x8f, 0xd0, 0xf, 0xf6, 0x0, 0xbf, 0x90, 0xc,
    0xfa, 0x0, 0xff, 0x50, 0x8, 0xfd, 0x2, 0xff,
    0x20, 0x4, 0xff, 0x5, 0xfe, 0x0, 0x0, 0xff,
    0x49, 0xfa, 0x0, 0x0, 0xcf, 0x7c, 0xf6, 0x0,
    0x0, 0x8f, 0xaf, 0xf2, 0x0, 0x0, 0x4f, 0xff,
    0xe0, 0x0, 0x0, 0x1f, 0xff, 0xb0, 0x0, 0x0,
    0xd, 0xff, 0x70, 0x0,

    /* U+0057 "W" */
    0xcf, 0x22, 0xfc, 0x9, 0xf6, 0xbf, 0x34, 0xfe,
    0xa, 0xf4, 0x9f, 0x45, 0xdf, 0xb, 0xf3, 0x8f,
    0x67, 0xbf, 0x1c, 0xf1, 0x6f, 0x79, 0x9f, 0x3d,
    0xf0, 0x5f, 0x8a, 0x7d, 0x4e, 0xe0, 0x4f, 0x9c,
    0x5c, 0x6f, 0xc0, 0x2f, 0xae, 0x4a, 0x9f, 0xb0,
    0x1f, 0xcf, 0x29, 0xbf, 0x90, 0xf, 0xef, 0x7,
    0xdf, 0x80, 0xe, 0xfe, 0x5, 0xff, 0x60, 0xc,
    0xfd, 0x4, 0xff, 0x50,

    /* U+0058 "X" */
    0x3f, 0xf6, 0x0, 0xbf, 0xd0, 0xb, 0xfd, 0x3,
    0xff, 0x50, 0x3, 0xff, 0x5a, 0xfc, 0x0, 0x0,
    0xbf, 0xdf, 0xf4, 0x0, 0x0, 0x3f, 0xff, 0xc0,
    0x0, 0x0, 0xb, 0xff, 0x40, 0x0, 0x0, 0xe,
    0xff, 0x70, 0x0, 0x0, 0x6f, 0xff, 0xe1, 0x0,
    0x0, 0xef, 0x9f, 0xf8, 0x0, 0x6, 0xff, 0x18,
    0xff, 0x10, 0xe, 0xf9, 0x1, 0xff, 0x80, 0x6f,
    0xf2, 0x0, 0x9f, 0xf1,

    /* U+0059 "Y" */
    0x8f, 0xe0, 0x0, 0x5f, 0xf2, 0x2f, 0xf5, 0x0,
    0xbf, 0xb0, 0xa, 0xfc, 0x2, 0xff, 0x40, 0x3,
    0xff, 0x28, 0xfd, 0x0, 0x0, 0xcf, 0x8d, 0xf6,
    0x0, 0x0, 0x5f, 0xdf, 0xe0, 0x0, 0x0, 0xe,
    0xff, 0x80, 0x0, 0x0, 0x8, 0xff, 0x10, 0x0,
    0x0, 0x6, 0xff, 0x0, 0x0, 0x0, 0x6, 0xff,
    0x0, 0x0, 0x0, 0x6, 0xff, 0x0, 0x0, 0x0,
    0x6, 0xff, 0x0, 0x0,

    /* U+005A "Z" */
    0xaf, 0xff, 0xff, 0xf3, 0xaf, 0xff, 0xff, 0xf3,
    0x24, 0x44, 0xcf, 0xf1, 0x0, 0x3, 0xff, 0x80,
    0x0, 0xc, 0xfe, 0x0, 0x0, 0x5f, 0xf5, 0x0,
    0x0, 0xef, 0xc0, 0x0, 0x8, 0xff, 0x30, 0x0,
    0x1f, 0xfa, 0x0, 0x0, 0xaf, 0xf5, 0x44, 0x41,
    0xcf, 0xff, 0xff, 0xf6, 0xcf, 0xff, 0xff, 0xf6,

    /* U+005B "[" */
    0x4f, 0xff, 0xf9, 0x4f, 0xff, 0xf9, 0x4f, 0xf5,
    0x42, 0x4f, 0xf2, 0x0, 0x4f, 0xf2, 0x0, 0x4f,
    0xf2, 0x0, 0x4f, 0xf2, 0x0, 0x4f, 0xf2, 0x0,
    0x4f, 0xf2, 0x0, 0x4f, 0xf2, 0x0, 0x4f, 0xf2,
    0x0, 0x4f, 0xf2, 0x0, 0x4f, 0xf5, 0x42, 0x4f,
    0xff, 0xf9, 0x4f, 0xff, 0xf9,

    /* U+005C "\\" */
    0x1f, 0xf7, 0x0, 0x0, 0x0, 0xaf, 0xd0, 0x0,
    0x0, 0x4, 0xff, 0x20, 0x0, 0x0, 0xe, 0xf8,
    0x0, 0x0, 0x0, 0x9f, 0xe0, 0x0, 0x0, 0x3,
    0xff, 0x40, 0x0, 0x0, 0xd, 0xfa, 0x0, 0x0,
    0x0, 0x7f, 0xf0, 0x0, 0x0, 0x1, 0xff, 0x60,
    0x0, 0x0, 0xb, 0xfc, 0x0, 0x0, 0x0, 0x5f,
    0xf2, 0x0, 0x0, 0x0, 0xff, 0x70, 0x0, 0x0,
    0xa, 0xfd, 0x0, 0x0, 0x0, 0x4f, 0xf3, 0x0,
    0x0, 0x0, 0xef, 0x90,

    /* U+005D "]" */
    0xff, 0xff, 0xef, 0xff, 0xfe, 0x44, 0xaf, 0xe0,
    0x8, 0xfe, 0x0, 0x8f, 0xe0, 0x8, 0xfe, 0x0,
    0x8f, 0xe0, 0x8, 0xfe, 0x0, 0x8f, 0xe0, 0x8,
    0xfe, 0x0, 0x8f, 0xe0, 0x8, 0xfe, 0x44, 0xaf,
    0xef, 0xff, 0xfe, 0xff, 0xff, 0xe0,

    /* U+005E "^" */
    0x0, 0x3, 0x87, 0x0, 0x0, 0x0, 0xcf, 0xf6,
    0x0, 0x0, 0x2f, 0xef, 0xc0, 0x0, 0x9, 0xf7,
    0xdf, 0x30, 0x0, 0xff, 0x28, 0xf9, 0x0, 0x6f,
    0xc0, 0x2f, 0xf1, 0xd, 0xf6, 0x0, 0xcf, 0x60,

    /* U+005F "_" */
    0x4, 0x44, 0x44, 0x44, 0x20, 0xff, 0xff, 0xff,
    0xfa, 0xf, 0xff, 0xff, 0xff, 0xa0,

    /* U+0060 "`" */
    0x14, 0x40, 0x1, 0xef, 0x90, 0x3, 0xff, 0x50,

    /* U+0061 "a" */
    0x0, 0x4c, 0xfe, 0xb3, 0x0, 0x4f, 0xff, 0xff,
    0xf2, 0xa, 0xea, 0x2, 0xff, 0x70, 0x0, 0x1,
    0x1d, 0xf9, 0x3, 0xcf, 0xff, 0xff, 0x90, 0xef,
    0xa4, 0x4e, 0xf9, 0x2f, 0xf4, 0x1, 0xef, 0x90,
    0xef, 0xfc, 0xee, 0xf9, 0x3, 0xcf, 0xd6, 0xcf,
    0x90,

    /* U+0062 "b" */
    0xff, 0x70, 0x0, 0x0, 0xff, 0x70, 0x0, 0x0,
    0xff, 0x70, 0x0, 0x0, 0xff, 0x7a, 0xfd, 0x50,
    0xff, 0xdf, 0xff, 0xf2, 0xff, 0xc2, 0x4f, 0xf8,
    0xff, 0x70, 0xc, 0xfa, 0xff, 0x70, 0xc, 0xfa,
    0xff, 0x70, 0xc, 0xfa, 0xff, 0xc2, 0x4f, 0xf8,
    0xff, 0xdf, 0xff, 0xf2, 0xff, 0x6a, 0xfd, 0x50,

    /* U+0063 "c" */
    0x0, 0x5c, 0xfe, 0xb2, 0x0, 0x6f, 0xff, 0xff,
    0xf2, 0xe, 0xfb, 0x23, 0xef, 0x80, 0xff, 0x60,
    0x3, 0x43, 0xf, 0xf5, 0x0, 0x0, 0x0, 0xff,
    0x60, 0x3, 0x43, 0xe, 0xfb, 0x23, 0xef, 0x80,
    0x6f, 0xff, 0xff, 0xf2, 0x0, 0x5c, 0xfe, 0xb3,
    0x0,

    /* U+0064 "d" */
    0x0, 0x0, 0x0, 0xdf, 0x80, 0x0, 0x0, 0xd,
    0xf8, 0x0, 0x0, 0x0, 0xdf, 0x80, 0x9, 0xee,
    0x6d, 0xf8, 0x9, 0xff, 0xff, 0xef, 0x80, 0xef,
    0xb2, 0x5f, 0xf8, 0xf, 0xf6, 0x0, 0xef, 0x80,
    0xff, 0x50, 0xd, 0xf8, 0xf, 0xf6, 0x0, 0xef,
    0x80, 0xef, 0xb2, 0x5f, 0xf8, 0x9, 0xff, 0xff,
    0xdf, 0x80, 0x9, 0xee, 0x5c, 0xf8,

    /* U+0065 "e" */
    0x0, 0x6c, 0xfe, 0xa2, 0x0, 0x6f, 0xfe, 0xff,
    0xe1, 0xe, 0xf9, 0x1, 0xef, 0x70, 0xff, 0x51,
    0x1b, 0xf9, 0xf, 0xff, 0xff, 0xff, 0xa0, 0xff,
    0x74, 0x44, 0x42, 0xe, 0xf8, 0x0, 0x77, 0x30,
    0x6f, 0xfe, 0xff, 0xe1, 0x0, 0x6d, 0xfe, 0xa2,
    0x0,

    /* U+0066 "f" */
    0x0, 0x0, 0x8e, 0xff, 0xb0, 0x0, 0x8f, 0xff,
    0xfb, 0x0, 0xd, 0xfb, 0x11, 0x0, 0x0, 0xef,
    0x80, 0x0, 0x3f, 0xff, 0xff, 0xff, 0xb3, 0xff,
    0xff, 0xff, 0xfb, 0x2, 0x2e, 0xf9, 0x22, 0x20,
    0x0, 0xef, 0x80, 0x0, 0x0, 0xe, 0xf8, 0x0,
    0x0, 0x0, 0xef, 0x80, 0x0, 0x0, 0xe, 0xf8,
    0x0, 0x0, 0x0, 0xef, 0x80, 0x0,

    /* U+0067 "g" */
    0x0, 0x9e, 0xe6, 0xdf, 0x80, 0x8f, 0xff, 0xfe,
    0xf8, 0xe, 0xfc, 0x25, 0xff, 0x80, 0xff, 0x60,
    0xe, 0xf8, 0xf, 0xf5, 0x0, 0xdf, 0x80, 0xff,
    0x60, 0xe, 0xf8, 0xe, 0xfc, 0x25, 0xff, 0x80,
    0x8f, 0xff, 0xfd, 0xf8, 0x0, 0x9e, 0xe5, 0xcf,
    0x80, 0x0, 0x0, 0x1e, 0xf6, 0x0, 0xae, 0xef,
    0xfe, 0x10, 0xb, 0xff, 0xeb, 0x20,

    /* U+0068 "h" */
    0xff, 0x70, 0x0, 0x0, 0xff, 0x70, 0x0, 0x0,
    0xff, 0x70, 0x0, 0x0, 0xff, 0x7a, 0xfd, 0x50,
    0xff, 0xdf, 0xff, 0xf2, 0xff, 0xc2, 0x4f, 0xf7,
    0xff, 0x70, 0xd, 0xf9, 0xff, 0x70, 0xd, 0xf9,
    0xff, 0x70, 0xd, 0xf9, 0xff, 0x70, 0xd, 0xf9,
    0xff, 0x70, 0xd, 0xf9, 0xff, 0x70, 0xd, 0xf9,

    /* U+0069 "i" */
    0x0, 0x1d, 0xe4, 0x0, 0x0, 0x3f, 0xf7, 0x0,
    0x0, 0x5, 0x60, 0x0, 0x0, 0x0, 0x0, 0x0,
    0x7f, 0xff, 0xf6, 0x0, 0x7f, 0xff, 0xf6, 0x0,
    0x12, 0x2d, 0xf6, 0x0, 0x0, 0xd, 0xf6, 0x0,
    0x0, 0xd, 0xf6, 0x0, 0x0, 0xd, 0xf6, 0x0,
    0x23, 0x3d, 0xf8, 0x32, 0xef, 0xff, 0xff, 0xff,
    0xef, 0xff, 0xff, 0xff,

    /* U+006A "j" */
    0x0, 0x0, 0x47, 0x10, 0x0, 0x1f, 0xfb, 0x0,
    0x0, 0xcf, 0x60, 0x0, 0x0, 0x0, 0x3f, 0xff,
    0xff, 0x93, 0xff, 0xff, 0xf9, 0x4, 0x44, 0xdf,
    0x90, 0x0, 0xc, 0xf9, 0x0, 0x0, 0xcf, 0x90,
    0x0, 0xc, 0xf9, 0x0, 0x0, 0xcf, 0x90, 0x0,
    0xc, 0xf9, 0x0, 0x0, 0xdf, 0x92, 0x44, 0x7f,
    0xf6, 0xbf, 0xff, 0xfe, 0x1b, 0xff, 0xeb, 0x20,

    /* U+006B "k" */
    0xef, 0x80, 0x0, 0x0, 0xe, 0xf8, 0x0, 0x0,
    0x0, 0xef, 0x80, 0x0, 0x0, 0xe, 0xf8, 0x0,
    0xbf, 0xe0, 0xef, 0x80, 0x2f, 0xf7, 0xe, 0xf8,
    0xa, 0xfe, 0x0, 0xef, 0x82, 0xff, 0x70, 0xe,
    0xff, 0xff, 0xe0, 0x0, 0xef, 0xff, 0xff, 0x20,
    0xe, 0xf8, 0x1e, 0xfb, 0x0, 0xef, 0x80, 0x6f,
    0xf5, 0xe, 0xf8, 0x0, 0xcf, 0xe0,

    /* U+006C "l" */
    0x9f, 0xff, 0xf8, 0x0, 0x0, 0x9f, 0xff, 0xf8,
    0x0, 0x0, 0x12, 0x2e, 0xf8, 0x0, 0x0, 0x0,
    0xe, 0xf8, 0x0, 0x0, 0x0, 0xe, 0xf8, 0x0,
    0x0, 0x0, 0xe, 0xf8, 0x0, 0x0, 0x0, 0xe,
    0xf8, 0x0, 0x0, 0x0, 0xe, 0xf8, 0x0, 0x0,
    0x0, 0xd, 0xf8, 0x0, 0x0, 0x0, 0xc, 0xfc,
    0x32, 0x20, 0x0, 0x6, 0xff, 0xff, 0xf0, 0x0,
    0x0, 0x7e, 0xff, 0xf0,

    /* U+006D "m" */
    0x5f, 0xad, 0xe4, 0xde, 0x45, 0xfe, 0xaf, 0xda,
    0xfd, 0x5f, 0xb0, 0xfa, 0x2f, 0xe5, 0xfb, 0xf,
    0xa2, 0xff, 0x5f, 0xb0, 0xfa, 0x2f, 0xf5, 0xfb,
    0xf, 0xa2, 0xff, 0x5f, 0xb0, 0xfa, 0x2f, 0xf5,
    0xfb, 0xf, 0xa2, 0xff, 0x5f, 0xb0, 0xfa, 0x2f,
    0xf0,

    /* U+006E "n" */
    0xff, 0x6a, 0xfd, 0x50, 0xff, 0xef, 0xff, 0xf2,
    0xff, 0xb0, 0x2f, 0xf7, 0xff, 0x70, 0xd, 0xf9,
    0xff, 0x70, 0xd, 0xf9, 0xff, 0x70, 0xd, 0xf9,
    0xff, 0x70, 0xd, 0xf9, 0xff, 0x70, 0xd, 0xf9,
    0xff, 0x70, 0xd, 0xf9,

    /* U+006F "o" */
    0x0, 0x6c, 0xfe, 0xa2, 0x0, 0x6f, 0xff, 0xff,
    0xe1, 0xe, 0xfb, 0x24, 0xff, 0x70, 0xff, 0x60,
    0xc, 0xfa, 0xf, 0xf5, 0x0, 0xcf, 0xa0, 0xff,
    0x60, 0xc, 0xfa, 0xe, 0xfb, 0x24, 0xff, 0x70,
    0x6f, 0xff, 0xff, 0xe1, 0x0, 0x6d, 0xfe, 0xb2,
    0x0,

    /* U+0070 "p" */
    0xff, 0x7b, 0xfd, 0x50, 0xff, 0xef, 0xff, 0xf2,
    0xff, 0xb0, 0x1f, 0xf8, 0xff, 0x70, 0xc, 0xfa,
    0xff, 0x70, 0xc, 0xfa, 0xff, 0x70, 0xc, 0xfa,
    0xff, 0xc2, 0x4f, 0xf8, 0xff, 0xdf, 0xff, 0xf3,
    0xff, 0x7a, 0xfd, 0x50, 0xff, 0x70, 0x0, 0x0,
    0xff, 0x70, 0x0, 0x0, 0xff, 0x70, 0x0, 0x0,

    /* U+0071 "q" */
    0x0, 0x9e, 0xe5, 0xcf, 0x80, 0x9f, 0xff, 0xfd,
    0xf8, 0xe, 0xfb, 0x25, 0xff, 0x80, 0xff, 0x60,
    0xe, 0xf8, 0xf, 0xf5, 0x0, 0xdf, 0x80, 0xff,
    0x60, 0xe, 0xf8, 0xe, 0xfb, 0x25, 0xff, 0x80,
    0x9f, 0xff, 0xfd, 0xf8, 0x0, 0x9e, 0xe5, 0xdf,
    0x80, 0x0, 0x0, 0xd, 0xf8, 0x0, 0x0, 0x0,
    0xdf, 0x80, 0x0, 0x0, 0xd, 0xf8,

    /* U+0072 "r" */
    0xbf, 0x88, 0xee, 0xa1, 0xb, 0xfd, 0xfe, 0xff,
    0xa0, 0xbf, 0xe1, 0xb, 0xff, 0xb, 0xfb, 0x0,
    0x7f, 0xf1, 0xbf, 0xb0, 0x0, 0x0, 0xb, 0xfb,
    0x0, 0x0, 0x0, 0xbf, 0xb0, 0x0, 0x0, 0xb,
    0xfb, 0x0, 0x0, 0x0, 0xbf, 0xb0, 0x0, 0x0,
    0x0,

    /* U+0073 "s" */
    0x0, 0x9e, 0xff, 0xc5, 0x0, 0xaf, 0xfe, 0xff,
    0xf5, 0xe, 0xf7, 0x0, 0x89, 0x50, 0xcf, 0xd8,
    0x52, 0x0, 0x2, 0xcf, 0xff, 0xfc, 0x10, 0x0,
    0x13, 0x6d, 0xfa, 0x1b, 0xb4, 0x0, 0xaf, 0xb0,
    0xdf, 0xfe, 0xef, 0xf7, 0x1, 0x9e, 0xff, 0xd7,
    0x0,

    /* U+0074 "t" */
    0x0, 0x18, 0x82, 0x0, 0x0, 0x2, 0xff, 0x40,
    0x0, 0x0, 0x2f, 0xf4, 0x0, 0x7, 0xff, 0xff,
    0xff, 0xf9, 0x7f, 0xff, 0xff, 0xff, 0x91, 0x24,
    0xff, 0x62, 0x21, 0x0, 0x2f, 0xf4, 0x0, 0x0,
    0x2, 0xff, 0x40, 0x0, 0x0, 0x2f, 0xf4, 0x0,
    0x0, 0x0, 0xff, 0x82, 0x21, 0x0, 0xc, 0xff,
    0xff, 0x60, 0x0, 0x2b, 0xff, 0xf6,

    /* U+0075 "u" */
    0xff, 0x60, 0xd, 0xf9, 0xff, 0x60, 0xd, 0xf9,
    0xff, 0x60, 0xd, 0xf9, 0xff, 0x60, 0xd, 0xf9,
    0xff, 0x60, 0xd, 0xf9, 0xff, 0x70, 0xd, 0xf9,
    0xcf, 0xc2, 0x5f, 0xf6, 0x5f, 0xff, 0xff, 0xe1,
    0x5, 0xcf, 0xea, 0x10,

    /* U+0076 "v" */
    0x6f, 0xf1, 0x0, 0x6f, 0xf0, 0x1f, 0xf5, 0x0,
    0xbf, 0xb0, 0xc, 0xfa, 0x0, 0xff, 0x60, 0x7,
    0xfe, 0x4, 0xff, 0x10, 0x2, 0xff, 0x39, 0xfb,
    0x0, 0x0, 0xcf, 0x7d, 0xf6, 0x0, 0x0, 0x7f,
    0xcf, 0xf1, 0x0, 0x0, 0x2f, 0xff, 0xc0, 0x0,
    0x0, 0xd, 0xff, 0x70, 0x0,

    /* U+0077 "w" */
    0xcf, 0x21, 0xfb, 0x8, 0xf5, 0xaf, 0x43, 0xfd,
    0xa, 0xf3, 0x7f, 0x66, 0xdf, 0xc, 0xf1, 0x5f,
    0x88, 0x9f, 0x2e, 0xe0, 0x3f, 0xab, 0x7d, 0x5f,
    0xc0, 0xf, 0xcd, 0x5b, 0x9f, 0xa0, 0xe, 0xef,
    0x39, 0xdf, 0x70, 0xc, 0xff, 0x7, 0xff, 0x50,
    0xa, 0xfe, 0x5, 0xff, 0x30,

    /* U+0078 "x" */
    0x1f, 0xf9, 0x1, 0xef, 0xa0, 0x6, 0xff, 0x39,
    0xfe, 0x10, 0x0, 0xbf, 0xcf, 0xf5, 0x0, 0x0,
    0x2f, 0xff, 0xb0, 0x0, 0x0, 0xb, 0xff, 0x50,
    0x0, 0x0, 0x4f, 0xff, 0xd0, 0x0, 0x0, 0xef,
    0x9e, 0xf8, 0x0, 0x9, 0xfe, 0x16, 0xff, 0x30,
    0x4f, 0xf6, 0x0, 0xcf, 0xd0,

    /* U+0079 "y" */
    0x6f, 0xf3, 0x0, 0x7f, 0xf0, 0xf, 0xf8, 0x0,
    0xcf, 0xa0, 0x9, 0xfd, 0x2, 0xff, 0x50, 0x3,
    0xff, 0x37, 0xff, 0x0, 0x0, 0xdf, 0x8c, 0xfa,
    0x0, 0x0, 0x7f, 0xcf, 0xf4, 0x0, 0x0, 0x1f,
    0xff, 0xe0, 0x0, 0x0, 0xb, 0xff, 0x90, 0x0,
    0x0, 0x6, 0xff, 0x30, 0x0, 0x0, 0x9, 0xfe,
    0x0, 0x0, 0x0, 0xe, 0xf8, 0x0, 0x0, 0x0,
    0x4f, 0xf3, 0x0, 0x0,

    /* U+007A "z" */
    0xbf, 0xff, 0xff, 0xf4, 0xbf, 0xff, 0xff, 0xf4,
    0x11, 0x12, 0xef, 0xd1, 0x0, 0xc, 0xfe, 0x20,
    0x0, 0xbf, 0xf2, 0x0, 0x9, 0xff, 0x40, 0x0,
    0x8f, 0xf6, 0x11, 0x10, 0xef, 0xff, 0xff, 0xf7,
    0xef, 0xff, 0xff, 0xf7,

    /* U+007B "{" */
    0x0, 0x1, 0xaf, 0xf6, 0x0, 0x9, 0xff, 0xf6,
    0x0, 0xd, 0xfc, 0x41, 0x0, 0xc, 0xf9, 0x0,
    0x0, 0xb, 0xfa, 0x0, 0x0, 0x1d, 0xfa, 0x0,
    0xcf, 0xff, 0xe3, 0x0, 0xcf, 0xff, 0xa1, 0x0,
    0x34, 0x5e, 0xf9, 0x0, 0x0, 0xb, 0xfb, 0x0,
    0x0, 0xc, 0xfa, 0x0, 0x0, 0xd, 0xf9, 0x0,
    0x0, 0xd, 0xfd, 0x41, 0x0, 0x8, 0xff, 0xf6,
    0x0, 0x0, 0x9e, 0xf6,

    /* U+007C "|" */
    0x1, 0x16, 0xff, 0x6f, 0xf6, 0xff, 0x6f, 0xf6,
    0xff, 0x6f, 0xf6, 0xff, 0x6f, 0xf6, 0xff, 0x6f,
    0xf6, 0xff, 0x6f, 0xf6, 0xff, 0x6f, 0xf6, 0xff,

    /* U+007D "}" */
    0xcf, 0xd5, 0x0, 0x0, 0xcf, 0xff, 0x30, 0x0,
    0x36, 0xff, 0x60, 0x0, 0x0, 0xff, 0x60, 0x0,
    0x1, 0xff, 0x50, 0x0, 0x1, 0xff, 0x80, 0x0,
    0x0, 0x8f, 0xff, 0xf6, 0x0, 0x4d, 0xff, 0xf6,
    0x0, 0xff, 0xb4, 0x41, 0x1, 0xff, 0x40, 0x0,
    0x0, 0xff, 0x50, 0x0, 0x0, 0xff, 0x60, 0x0,
    0x36, 0xff, 0x60, 0x0, 0xcf, 0xff, 0x20, 0x0,
    0xcf, 0xd5, 0x0, 0x0,

    /* U+007E "~" */
    0x7, 0xee, 0x90, 0x7, 0x73, 0xff, 0xff, 0x90,
    0xff, 0x5f, 0x91, 0xef, 0xef, 0xc3, 0x84, 0x3,
    0xcf, 0xc3,

    /* U+00C0 "À" */
    0x0, 0x34, 0x20, 0x0, 0x0, 0x0, 0x7f, 0xf2,
    0x0, 0x0, 0x0, 0x9, 0xfd, 0x0, 0x0, 0x0,
    0x0, 0x0, 0x0, 0x0, 0x0, 0xd, 0xff, 0x60,
    0x0, 0x0, 0x1f, 0xff, 0xa0, 0x0, 0x0, 0x5f,
    0xdf, 0xe0, 0x0, 0x0, 0x9f, 0x8e, 0xf2, 0x0,
    0x0, 0xcf, 0x5b, 0xf6, 0x0, 0x0, 0xff, 0x28,
    0xfa, 0x0, 0x4, 0xfe, 0x5, 0xfd, 0x0, 0x8,
    0xff, 0xef, 0xff, 0x10, 0xc, 0xff, 0xff, 0xff,
    0x50, 0xf, 0xf4, 0x0, 0xbf, 0x90, 0x3f, 0xf1,
    0x0, 0x8f, 0xd0, 0x7f, 0xe0, 0x0, 0x5f, 0xf1,

    /* U+00C1 "Á" */
    0x0, 0x0, 0x3, 0x42, 0x0, 0x0, 0x0, 0x7f,
    0xe1, 0x0, 0x0, 0x3, 0xff, 0x30, 0x0, 0x0,
    0x0, 0x0, 0x0, 0x0, 0x0, 0xd, 0xff, 0x60,
    0x0, 0x0, 0x1f, 0xff, 0xa0, 0x0, 0x0, 0x5f,
    0xdf, 0xe0, 0x0, 0x0, 0x9f, 0x8e, 0xf2, 0x0,
    0x0, 0xcf, 0x5b, 0xf6, 0x0, 0x0, 0xff, 0x28,
    0xfa, 0x0, 0x4, 0xfe, 0x5, 0xfd, 0x0, 0x8,
    0xff, 0xef, 0xff, 0x10, 0xc, 0xff, 0xff, 0xff,
    0x50, 0xf, 0xf4, 0x0, 0xbf, 0x90, 0x3f, 0xf1,
    0x0, 0x8f, 0xd0, 0x7f, 0xe0, 0x0, 0x5f, 0xf1,

    /* U+00C2 "Â" */
    0x0, 0x4, 0x87, 0x10, 0x0, 0x0, 0x3f, 0xff,
    0xc0, 0x0, 0x2, 0xef, 0x28, 0xfa, 0x0, 0x0,
    0x0, 0x0, 0x0, 0x0, 0x0, 0xd, 0xff, 0x60,
    0x0, 0x0, 0x1f, 0xff, 0xa0, 0x0, 0x0, 0x5f,
    0xdf, 0xe0, 0x0, 0x0, 0x9f, 0x8e, 0xf2, 0x0,
    0x0, 0xcf, 0x5b, 0xf6, 0x0, 0x0, 0xff, 0x28,
    0xfa, 0x0, 0x4, 0xfe, 0x5, 0xfd, 0x0, 0x8,
    0xff, 0xef, 0xff, 0x10, 0xc, 0xff, 0xff, 0xff,
    0x50, 0xf, 0xf4, 0x0, 0xbf, 0x90, 0x3f, 0xf1,
    0x0, 0x8f, 0xd0, 0x7f, 0xe0, 0x0, 0x5f, 0xf1,

    /* U+00C3 "Ã" */
    0x0, 0x28, 0x60, 0x66, 0x0, 0x0, 0xdf, 0xfc,
    0xe9, 0x0, 0x1, 0xf5, 0x6e, 0xd2, 0x0, 0x0,
    0x0, 0x0, 0x0, 0x0, 0x0, 0xd, 0xff, 0x60,
    0x0, 0x0, 0x1f, 0xff, 0xa0, 0x0, 0x0, 0x5f,
    0xdf, 0xe0, 0x0, 0x0, 0x9f, 0x8e, 0xf2, 0x0,
    0x0, 0xcf, 0x5b, 0xf6, 0x0, 0x0, 0xff, 0x28,
    0xfa, 0x0, 0x4, 0xfe, 0x5, 0xfd, 0x0, 0x8,
    0xff, 0xef, 0xff, 0x10, 0xc, 0xff, 0xff, 0xff,
    0x50, 0xf, 0xf4, 0x0, 0xbf, 0x90, 0x3f, 0xf1,
    0x0, 0x8f, 0xd0, 0x7f, 0xe0, 0x0, 0x5f, 0xf1,

    /* U+00C8 "È" */
    0x2, 0x43, 0x0, 0x0, 0x3, 0xff, 0x60, 0x0,
    0x0, 0x5f, 0xf3, 0x0, 0x0, 0x0, 0x0, 0x0,
    0xbf, 0xff, 0xff, 0xf7, 0xbf, 0xff, 0xff, 0xf7,
    0xbf, 0xa0, 0x0, 0x0, 0xbf, 0xa0, 0x0, 0x0,
    0xbf, 0xa1, 0x11, 0x0, 0xbf, 0xff, 0xff, 0xe0,
    0xbf, 0xff, 0xff, 0xe0, 0xbf, 0xa0, 0x0, 0x0,
    0xbf, 0xa0, 0x0, 0x0, 0xbf, 0xa1, 0x11, 0x10,
    0xbf, 0xff, 0xff, 0xf7, 0xbf, 0xff, 0xff, 0xf7,

    /* U+00C9 "É" */
    0x0, 0x0, 0x24, 0x30, 0x0, 0x3, 0xff, 0x50,
    0x0, 0xd, 0xf8, 0x0, 0x0, 0x0, 0x0, 0x0,
    0xbf, 0xff, 0xff, 0xf7, 0xbf, 0xff, 0xff, 0xf7,
    0xbf, 0xa0, 0x0, 0x0, 0xbf, 0xa0, 0x0, 0x0,
    0xbf, 0xa1, 0x11, 0x0, 0xbf, 0xff, 0xff, 0xe0,
    0xbf, 0xff, 0xff, 0xe0, 0xbf, 0xa0, 0x0, 0x0,
    0xbf, 0xa0, 0x0, 0x0, 0xbf, 0xa1, 0x11, 0x10,
    0xbf, 0xff, 0xff, 0xf7, 0xbf, 0xff, 0xff, 0xf7,

    /* U+00CA "Ê" */
    0x0, 0x18, 0x83, 0x0, 0x0, 0xdf, 0xfe, 0x20,
    0xb, 0xf7, 0x4f, 0xe1, 0x0, 0x0, 0x0, 0x0,
    0xbf, 0xff, 0xff, 0xf7, 0xbf, 0xff, 0xff, 0xf7,
    0xbf, 0xa0, 0x0, 0x0, 0xbf, 0xa0, 0x0, 0x0,
    0xbf, 0xa1, 0x11, 0x0, 0xbf, 0xff, 0xff, 0xe0,
    0xbf, 0xff, 0xff, 0xe0, 0xbf, 0xa0, 0x0, 0x0,
    0xbf, 0xa0, 0x0, 0x0, 0xbf, 0xa1, 0x11, 0x10,
    0xbf, 0xff, 0xff, 0xf7, 0xbf, 0xff, 0xff, 0xf7,

    /* U+00CC "Ì" */
    0x3, 0x42, 0x0, 0x0, 0x7, 0xff, 0x20, 0x0,
    0x0, 0x9f, 0xd0, 0x0, 0x0, 0x0, 0x0, 0x0,
    0xbf, 0xff, 0xff, 0xf5, 0xbf, 0xff, 0xff, 0xf5,
    0x1, 0x7f, 0xf1, 0x10, 0x0, 0x6f, 0xf0, 0x0,
    0x0, 0x6f, 0xf0, 0x0, 0x0, 0x6f, 0xf0, 0x0,
    0x0, 0x6f, 0xf0, 0x0, 0x0, 0x6f, 0xf0, 0x0,
    0x0, 0x6f, 0xf0, 0x0, 0x11, 0x7f, 0xf1, 0x10,
    0xbf, 0xff, 0xff, 0xf5, 0xbf, 0xff, 0xff, 0xf5,

    /* U+00CD "Í" */
    0x0, 0x0, 0x34, 0x20, 0x0, 0x7, 0xfe, 0x10,
    0x0, 0x3f, 0xf3, 0x0, 0x0, 0x0, 0x0, 0x0,
    0xbf, 0xff, 0xff, 0xf5, 0xbf, 0xff, 0xff, 0xf5,
    0x1, 0x7f, 0xf1, 0x10, 0x0, 0x6f, 0xf0, 0x0,
    0x0, 0x6f, 0xf0, 0x0, 0x0, 0x6f, 0xf0, 0x0,
    0x0, 0x6f, 0xf0, 0x0, 0x0, 0x6f, 0xf0, 0x0,
    0x0, 0x6f, 0xf0, 0x0, 0x11, 0x7f, 0xf1, 0x10,
    0xbf, 0xff, 0xff, 0xf5, 0xbf, 0xff, 0xff, 0xf5,

    /* U+00D2 "Ò" */
    0x0, 0x34, 0x20, 0x0, 0x0, 0x7, 0xff, 0x20,
    0x0, 0x0, 0x9, 0xfd, 0x0, 0x0, 0x0, 0x0,
    0x0, 0x0, 0x0, 0x5c, 0xfe, 0xa2, 0x0, 0x6f,
    0xff, 0xff, 0xe1, 0xe, 0xfb, 0x24, 0xff, 0x70,
    0xff, 0x60, 0xc, 0xf9, 0xf, 0xf5, 0x0, 0xcf,
    0xa0, 0xff, 0x50, 0xc, 0xfa, 0xf, 0xf5, 0x0,
    0xcf, 0xa0, 0xff, 0x50, 0xc, 0xfa, 0xf, 0xf6,
    0x0, 0xcf, 0x90, 0xef, 0xb2, 0x4f, 0xf7, 0x6,
    0xff, 0xff, 0xfe, 0x10, 0x5, 0xcf, 0xea, 0x20,

    /* U+00D3 "Ó" */
    0x0, 0x0, 0x3, 0x42, 0x0, 0x0, 0x7, 0xfe,
    0x10, 0x0, 0x3, 0xff, 0x30, 0x0, 0x0, 0x0,
    0x0, 0x0, 0x0, 0x5c, 0xfe, 0xa2, 0x0, 0x6f,
    0xff, 0xff, 0xe1, 0xe, 0xfb, 0x24, 0xff, 0x70,
    0xff, 0x60, 0xc, 0xf9, 0xf, 0xf5, 0x0, 0xcf,
    0xa0, 0xff, 0x50, 0xc, 0xfa, 0xf, 0xf5, 0x0,
    0xcf, 0xa0, 0xff, 0x50, 0xc, 0xfa, 0xf, 0xf6,
    0x0, 0xcf, 0x90, 0xef, 0xb2, 0x4f, 0xf7, 0x6,
    0xff, 0xff, 0xfe, 0x10, 0x5, 0xcf, 0xea, 0x20,

    /* U+00D4 "Ô" */
    0x0, 0x4, 0x87, 0x10, 0x0, 0x3, 0xff, 0xfc,
    0x0, 0x2, 0xef, 0x28, 0xfa, 0x0, 0x0, 0x0,
    0x0, 0x0, 0x0, 0x5c, 0xfe, 0xa2, 0x0, 0x6f,
    0xff, 0xff, 0xe1, 0xe, 0xfb, 0x24, 0xff, 0x70,
    0xff, 0x60, 0xc, 0xf9, 0xf, 0xf5, 0x0, 0xcf,
    0xa0, 0xff, 0x50, 0xc, 0xfa, 0xf, 0xf5, 0x0,
    0xcf, 0xa0, 0xff, 0x50, 0xc, 0xfa, 0xf, 0xf6,
    0x0, 0xcf, 0x90, 0xef, 0xb2, 0x4f, 0xf7, 0x6,
    0xff, 0xff, 0xfe, 0x10, 0x5, 0xcf, 0xea, 0x20,

    /* U+00D5 "Õ" */
    0x0, 0x28, 0x60, 0x66, 0x0, 0xd, 0xff, 0xce,
    0x90, 0x1, 0xf5, 0x6e, 0xd2, 0x0, 0x0, 0x0,
    0x0, 0x0, 0x0, 0x5c, 0xfe, 0xa2, 0x0, 0x6f,
    0xff, 0xff, 0xe1, 0xe, 0xfb, 0x24, 0xff, 0x70,
    0xff, 0x60, 0xc, 0xf9, 0xf, 0xf5, 0x0, 0xcf,
    0xa0, 0xff, 0x50, 0xc, 0xfa, 0xf, 0xf5, 0x0,
    0xcf, 0xa0, 0xff, 0x50, 0xc, 0xfa, 0xf, 0xf6,
    0x0, 0xcf, 0x90, 0xef, 0xb2, 0x4f, 0xf7, 0x6,
    0xff, 0xff, 0xfe, 0x10, 0x5, 0xcf, 0xea, 0x20,

    /* U+00D9 "Ù" */
    0x0, 0x34, 0x20, 0x0, 0x0, 0x7, 0xff, 0x20,
    0x0, 0x0, 0x9, 0xfd, 0x0, 0x0, 0x0, 0x0,
    0x0, 0x0, 0xf, 0xf5, 0x0, 0xcf, 0xa0, 0xff,
    0x50, 0xc, 0xfa, 0xf, 0xf5, 0x0, 0xcf, 0xa0,
    0xff, 0x50, 0xc, 0xfa, 0xf, 0xf5, 0x0, 0xcf,
    0xa0, 0xff, 0x50, 0xc, 0xfa, 0xf, 0xf5, 0x0,
    0xcf, 0xa0, 0xff, 0x50, 0xc, 0xfa, 0xf, 0xf6,
    0x0, 0xcf, 0x90, 0xef, 0xc2, 0x4f, 0xf7, 0x6,
    0xff, 0xff, 0xfe, 0x10, 0x5, 0xcf, 0xea, 0x20,

    /* U+00DA "Ú" */
    0x0, 0x0, 0x3, 0x42, 0x0, 0x0, 0x7, 0xfe,
    0x10, 0x0, 0x3, 0xff, 0x30, 0x0, 0x0, 0x0,
    0x0, 0x0, 0xf, 0xf5, 0x0, 0xcf, 0xa0, 0xff,
    0x50, 0xc, 0xfa, 0xf, 0xf5, 0x0, 0xcf, 0xa0,
    0xff, 0x50, 0xc, 0xfa, 0xf, 0xf5, 0x0, 0xcf,
    0xa0, 0xff, 0x50, 0xc, 0xfa, 0xf, 0xf5, 0x0,
    0xcf, 0xa0, 0xff, 0x50, 0xc, 0xfa, 0xf, 0xf6,
    0x0, 0xcf, 0x90, 0xef, 0xc2, 0x4f, 0xf7, 0x6,
    0xff, 0xff, 0xfe, 0x10, 0x5, 0xcf, 0xea, 0x20,

    /* U+00DD "Ý" */
    0x0, 0x0, 0x3, 0x42, 0x0, 0x0, 0x0, 0x7f,
    0xe1, 0x0, 0x0, 0x3, 0xff, 0x30, 0x0, 0x0,
    0x0, 0x0, 0x0, 0x0, 0x8f, 0xe0, 0x0, 0x5f,
    0xf2, 0x2f, 0xf5, 0x0, 0xbf, 0xb0, 0xa, 0xfc,
    0x2, 0xff, 0x40, 0x3, 0xff, 0x28, 0xfd, 0x0,
    0x0, 0xcf, 0x8d, 0xf6, 0x0, 0x0, 0x5f, 0xdf,
    0xe0, 0x0, 0x0, 0xe, 0xff, 0x80, 0x0, 0x0,
    0x8, 0xff, 0x10, 0x0, 0x0, 0x6, 0xff, 0x0,
    0x0, 0x0, 0x6, 0xff, 0x0, 0x0, 0x0, 0x6,
    0xff, 0x0, 0x0, 0x0, 0x6, 0xff, 0x0, 0x0,

    /* U+00E0 "à" */
    0x0, 0x9f, 0xe1, 0x0, 0x0, 0x0, 0xbf, 0xb0,
    0x0, 0x0, 0x0, 0x44, 0x0, 0x0, 0x0, 0x0,
    0x0, 0x0, 0x0, 0x4c, 0xfe, 0xb3, 0x0, 0x4f,
    0xff, 0xff, 0xf2, 0xa, 0xea, 0x2, 0xff, 0x70,
    0x0, 0x1, 0x1d, 0xf9, 0x3, 0xcf, 0xff, 0xff,
    0x90, 0xef, 0xa4, 0x4e, 0xf9, 0x2f, 0xf4, 0x1,
    0xef, 0x90, 0xef, 0xfc, 0xee, 0xf9, 0x3, 0xcf,
    0xd6, 0xcf, 0x90,

    /* U+00E1 "á" */
    0x0, 0x0, 0x3f, 0xf5, 0x0, 0x0, 0x1e, 0xf7,
    0x0, 0x0, 0x1, 0x43, 0x0, 0x0, 0x0, 0x0,
    0x0, 0x0, 0x0, 0x4c, 0xfe, 0xb3, 0x0, 0x4f,
    0xff, 0xff, 0xf2, 0xa, 0xea, 0x2, 0xff, 0x70,
    0x0, 0x1, 0x1d, 0xf9, 0x3, 0xcf, 0xff, 0xff,
    0x90, 0xef, 0xa4, 0x4e, 0xf9, 0x2f, 0xf4, 0x1,
    0xef, 0x90, 0xef, 0xfc, 0xee, 0xf9, 0x3, 0xcf,
    0xd6, 0xcf, 0x90,

    /* U+00E2 "â" */
    0x0, 0xa, 0xff, 0x60, 0x0, 0x8, 0xfa, 0xdf,
    0x40, 0x1, 0x77, 0x1, 0x87, 0x0, 0x0, 0x0,
    0x0, 0x0, 0x0, 0x4c, 0xfe, 0xb3, 0x0, 0x4f,
    0xff, 0xff, 0xf2, 0xa, 0xea, 0x2, 0xff, 0x70,
    0x0, 0x1, 0x1d, 0xf9, 0x3, 0xcf, 0xff, 0xff,
    0x90, 0xef, 0xa4, 0x4e, 0xf9, 0x2f, 0xf4, 0x1,
    0xef, 0x90, 0xef, 0xfc, 0xee, 0xf9, 0x3, 0xcf,
    0xd6, 0xcf, 0x90,

    /* U+00E3 "ã" */
    0x0, 0x5e, 0xd3, 0xac, 0x0, 0xe, 0xde, 0xff,
    0x80, 0x0, 0x93, 0x18, 0x70, 0x0, 0x0, 0x0,
    0x0, 0x0, 0x0, 0x4c, 0xfe, 0xb3, 0x0, 0x4f,
    0xff, 0xff, 0xf2, 0xa, 0xea, 0x2, 0xff, 0x70,
    0x0, 0x1, 0x1d, 0xf9, 0x3, 0xcf, 0xff, 0xff,
    0x90, 0xef, 0xa4, 0x4e, 0xf9, 0x2f, 0xf4, 0x1,
    0xef, 0x90, 0xef, 0xfc, 0xee, 0xf9, 0x3, 0xcf,
    0xd6, 0xcf, 0x90,

    /* U+00E8 "è" */
    0x0, 0xaf, 0xd0, 0x0, 0x0, 0x0, 0xcf, 0xa0,
    0x0, 0x0, 0x1, 0x44, 0x0, 0x0, 0x0, 0x0,
    0x0, 0x0, 0x0, 0x6c, 0xfe, 0xa2, 0x0, 0x6f,
    0xfe, 0xff, 0xe1, 0xe, 0xf9, 0x1, 0xef, 0x70,
    0xff, 0x51, 0x1b, 0xf9, 0xf, 0xff, 0xff, 0xff,
    0xa0, 0xff, 0x74, 0x44, 0x42, 0xe, 0xf8, 0x0,
    0x77, 0x30, 0x6f, 0xfe, 0xff, 0xe1, 0x0, 0x6d,
    0xfe, 0xa2, 0x0,

    /* U+00E9 "é" */
    0x0, 0x0, 0x4f, 0xf3, 0x0, 0x0, 0x1e, 0xf6,
    0x0, 0x0, 0x2, 0x43, 0x0, 0x0, 0x0, 0x0,
    0x0, 0x0, 0x0, 0x6c, 0xfe, 0xa2, 0x0, 0x6f,
    0xfe, 0xff, 0xe1, 0xe, 0xf9, 0x1, 0xef, 0x70,
    0xff, 0x51, 0x1b, 0xf9, 0xf, 0xff, 0xff, 0xff,
    0xa0, 0xff, 0x74, 0x44, 0x42, 0xe, 0xf8, 0x0,
    0x77, 0x30, 0x6f, 0xfe, 0xff, 0xe1, 0x0, 0x6d,
    0xfe, 0xa2, 0x0,

    /* U+00EA "ê" */
    0x0, 0xb, 0xff, 0x50, 0x0, 0x9, 0xf9, 0xef,
    0x30, 0x2, 0x87, 0x2, 0x86, 0x0, 0x0, 0x0,
    0x0, 0x0, 0x0, 0x6c, 0xfe, 0xa2, 0x0, 0x6f,
    0xfe, 0xff, 0xe1, 0xe, 0xf9, 0x1, 0xef, 0x70,
    0xff, 0x51, 0x1b, 0xf9, 0xf, 0xff, 0xff, 0xff,
    0xa0, 0xff, 0x74, 0x44, 0x42, 0xe, 0xf8, 0x0,
    0x77, 0x30, 0x6f, 0xfe, 0xff, 0xe1, 0x0, 0x6d,
    0xfe, 0xa2, 0x0,

    /* U+00EC "ì" */
    0x5, 0xff, 0x40, 0x0, 0x0, 0x8f, 0xe1, 0x0,
    0x0, 0x3, 0x41, 0x0, 0x0, 0x0, 0x0, 0x0,
    0x7f, 0xff, 0xf6, 0x0, 0x7f, 0xff, 0xf6, 0x0,
    0x12, 0x2d, 0xf6, 0x0, 0x0, 0xd, 0xf6, 0x0,
    0x0, 0xd, 0xf6, 0x0, 0x0, 0xd, 0xf6, 0x0,
    0x23, 0x3d, 0xf8, 0x32, 0xef, 0xff, 0xff, 0xff,
    0xef, 0xff, 0xff, 0xff,

    /* U+00ED "í" */
    0x0, 0x1, 0xef, 0x80, 0x0, 0xb, 0xfb, 0x0,
    0x0, 0x4, 0x40, 0x0, 0x0, 0x0, 0x0, 0x0,
    0x7f, 0xff, 0xf6, 0x0, 0x7f, 0xff, 0xf6, 0x0,
    0x12, 0x2d, 0xf6, 0x0, 0x0, 0xd, 0xf6, 0x0,
    0x0, 0xd, 0xf6, 0x0, 0x0, 0xd, 0xf6, 0x0,
    0x23, 0x3d, 0xf8, 0x32, 0xef, 0xff, 0xff, 0xff,
    0xef, 0xff, 0xff, 0xff,

    /* U+00F2 "ò" */
    0x0, 0xaf, 0xd0, 0x0, 0x0, 0x0, 0xcf, 0xa0,
    0x0, 0x0, 0x1, 0x44, 0x0, 0x0, 0x0, 0x0,
    0x0, 0x0, 0x0, 0x6c, 0xfe, 0xa2, 0x0, 0x6f,
    0xff, 0xff, 0xe1, 0xe, 0xfb, 0x24, 0xff, 0x70,
    0xff, 0x60, 0xc, 0xfa, 0xf, 0xf5, 0x0, 0xcf,
    0xa0, 0xff, 0x60, 0xc, 0xfa, 0xe, 0xfb, 0x24,
    0xff, 0x70, 0x6f, 0xff, 0xff, 0xe1, 0x0, 0x6d,
    0xfe, 0xb2, 0x0,

    /* U+00F3 "ó" */
    0x0, 0x0, 0x4f, 0xf3, 0x0, 0x0, 0x1e, 0xf6,
    0x0, 0x0, 0x2, 0x43, 0x0, 0x0, 0x0, 0x0,
    0x0, 0x0, 0x0, 0x6c, 0xfe, 0xa2, 0x0, 0x6f,
    0xff, 0xff, 0xe1, 0xe, 0xfb, 0x24, 0xff, 0x70,
    0xff, 0x60, 0xc, 0xfa, 0xf, 0xf5, 0x0, 0xcf,
    0xa0, 0xff, 0x60, 0xc, 0xfa, 0xe, 0xfb, 0x24,
    0xff, 0x70, 0x6f, 0xff, 0xff, 0xe1, 0x0, 0x6d,
    0xfe, 0xb2, 0x0,

    /* U+00F4 "ô" */
    0x0, 0xb, 0xff, 0x50, 0x0, 0x9, 0xf9, 0xef,
    0x30, 0x2, 0x87, 0x2, 0x86, 0x0, 0x0, 0x0,
    0x0, 0x0, 0x0, 0x6c, 0xfe, 0xa2, 0x0, 0x6f,
    0xff, 0xff, 0xe1, 0xe, 0xfb, 0x24, 0xff, 0x70,
    0xff, 0x60, 0xc, 0xfa, 0xf, 0xf5, 0x0, 0xcf,
    0xa0, 0xff, 0x60, 0xc, 0xfa, 0xe, 0xfb, 0x24,
    0xff, 0x70, 0x6f, 0xff, 0xff, 0xe1, 0x0, 0x6d,
    0xfe, 0xb2, 0x0,

    /* U+00F5 "õ" */
    0x0, 0x6f, 0xc2, 0xba, 0x0, 0xf, 0xce, 0xff,
    0x70, 0x0, 0x92, 0x18, 0x70, 0x0, 0x0, 0x0,
    0x0, 0x0, 0x0, 0x6c, 0xfe, 0xa2, 0x0, 0x6f,
    0xff, 0xff, 0xe1, 0xe, 0xfb, 0x24, 0xff, 0x70,
    0xff, 0x60, 0xc, 0xfa, 0xf, 0xf5, 0x0, 0xcf,
    0xa0, 0xff, 0x60, 0xc, 0xfa, 0xe, 0xfb, 0x24,
    0xff, 0x70, 0x6f, 0xff, 0xff, 0xe1, 0x0, 0x6d,
    0xfe, 0xb2, 0x0,

    /* U+00F9 "ù" */
    0xa, 0xfd, 0x0, 0x0, 0x0, 0xcf, 0xa0, 0x0,
    0x0, 0x14, 0x40, 0x0, 0x0, 0x0, 0x0, 0x0,
    0xff, 0x60, 0xd, 0xf9, 0xff, 0x60, 0xd, 0xf9,
    0xff, 0x60, 0xd, 0xf9, 0xff, 0x60, 0xd, 0xf9,
    0xff, 0x60, 0xd, 0xf9, 0xff, 0x70, 0xd, 0xf9,
    0xcf, 0xc2, 0x5f, 0xf6, 0x5f, 0xff, 0xff, 0xe1,
    0x5, 0xcf, 0xea, 0x10,

    /* U+00FA "ú" */
    0x0, 0x4, 0xff, 0x30, 0x0, 0x1e, 0xf6, 0x0,
    0x0, 0x24, 0x30, 0x0, 0x0, 0x0, 0x0, 0x0,
    0xff, 0x60, 0xd, 0xf9, 0xff, 0x60, 0xd, 0xf9,
    0xff, 0x60, 0xd, 0xf9, 0xff, 0x60, 0xd, 0xf9,
    0xff, 0x60, 0xd, 0xf9, 0xff, 0x70, 0xd, 0xf9,
    0xcf, 0xc2, 0x5f, 0xf6, 0x5f, 0xff, 0xff, 0xe1,
    0x5, 0xcf, 0xea, 0x10,

    /* U+00FD "ý" */
    0x0, 0x0, 0x3, 0x42, 0x0, 0x0, 0x0, 0x7f,
    0xe1, 0x0, 0x0, 0x3, 0xff, 0x30, 0x0, 0x0,
    0x0, 0x0, 0x0, 0x0, 0x6f, 0xf3, 0x0, 0x7f,
    0xf0, 0xf, 0xf8, 0x0, 0xcf, 0xa0, 0x9, 0xfd,
    0x2, 0xff, 0x50, 0x3, 0xff, 0x37, 0xff, 0x0,
    0x0, 0xdf, 0x8c, 0xfa, 0x0, 0x0, 0x7f, 0xcf,
    0xf4, 0x0, 0x0, 0x1f, 0xff, 0xe0, 0x0, 0x0,
    0xb, 0xff, 0x90, 0x0, 0x0, 0x6, 0xff, 0x30,
    0x0, 0x0, 0x9, 0xfe, 0x0, 0x0, 0x0, 0xe,
    0xf8, 0x0, 0x0, 0x0, 0x4f, 0xf3, 0x0, 0x0,

    /* U+0102 "Ă" */
    0x0, 0x32, 0x0, 0x32, 0x0, 0x0, 0xfe, 0x47,
    0xf9, 0x0, 0x0, 0x5e, 0xff, 0xc1, 0x0, 0x0,
    0x0, 0x21, 0x0, 0x0, 0x0, 0x9, 0xbb, 0x40,
    0x0, 0x0, 0xf, 0xff, 0x90, 0x0, 0x0, 0x4f,
    0xff, 0xd0, 0x0, 0x0, 0x8f, 0xaf, 0xf1, 0x0,
    0x0, 0xcf, 0x6c, 0xf5, 0x0, 0x0, 0xff, 0x39,
    0xf9, 0x0, 0x4, 0xff, 0x6, 0xfd, 0x0, 0x7,
    0xff, 0x9a, 0xff, 0x10, 0xb, 0xff, 0xff, 0xff,
    0x50, 0xf, 0xf9, 0x55, 0xdf, 0x90, 0x3f, 0xf2,
    0x0, 0x9f, 0xd0, 0x7f, 0xf0, 0x0, 0x5f, 0xf1,

    /* U+0103 "ă" */
    0x0, 0x87, 0x0, 0x97, 0x0, 0xc, 0xfa, 0xcf,
    0x80, 0x0, 0x19, 0xcc, 0x70, 0x0, 0x0, 0x0,
    0x0, 0x0, 0x0, 0x3b, 0xed, 0xa2, 0x0, 0x4f,
    0xff, 0xff, 0xe2, 0xa, 0xea, 0x2, 0xff, 0x70,
    0x0, 0x24, 0x4d, 0xf9, 0x4, 0xef, 0xff, 0xff,
    0x90, 0xff, 0x81, 0x1d, 0xf9, 0x2f, 0xf4, 0x0,
    0xef, 0x90, 0xff, 0xea, 0xdf, 0xf9, 0x5, 0xef,
    0xf8, 0xcf, 0x90, 0x0, 0x10, 0x0, 0x0,

    /* U+0110 "Đ" */
    0xa, 0xbb, 0xa9, 0x50, 0x0, 0xff, 0xff, 0xff,
    0xc0, 0xf, 0xfb, 0x9b, 0xff, 0x70, 0xff, 0x60,
    0xb, 0xfc, 0xf, 0xf6, 0x0, 0x9f, 0xd9, 0xff,
    0xd7, 0x9, 0xfd, 0xaf, 0xfe, 0x80, 0x9f, 0xd0,
    0xff, 0x60, 0x9, 0xfd, 0xf, 0xf6, 0x0, 0x9f,
    0xc0, 0xff, 0x83, 0x6f, 0xf9, 0xf, 0xff, 0xff,
    0xff, 0x20, 0xff, 0xff, 0xea, 0x20,

    /* U+0111 "đ" */
    0x0, 0x0, 0x0, 0x9b, 0x60, 0x0, 0x0, 0x55,
    0xef, 0xb2, 0x0, 0x2, 0xff, 0xff, 0xf9, 0x0,
    0x0, 0x22, 0xef, 0x91, 0x0, 0x9e, 0xe6, 0xdf,
    0x80, 0x8, 0xff, 0xff, 0xef, 0x80, 0xe, 0xfb,
    0x25, 0xff, 0x80, 0xf, 0xf6, 0x0, 0xef, 0x80,
    0xf, 0xf5, 0x0, 0xdf, 0x80, 0xe, 0xfa, 0x2,
    0xff, 0x80, 0xa, 0xff, 0xff, 0xef, 0x80, 0x1,
    0xcf, 0xf8, 0xcf, 0x80, 0x0, 0x1, 0x0, 0x0,
    0x0,

    /* U+0128 "Ĩ" */
    0x0, 0x42, 0x3, 0x30, 0xc, 0xff, 0x9d, 0xa0,
    0xf, 0x8a, 0xff, 0x40, 0x2, 0x0, 0x21, 0x0,
    0x7b, 0xbb, 0xbb, 0xb3, 0xbf, 0xff, 0xff, 0xf5,
    0x46, 0xaf, 0xf6, 0x62, 0x0, 0x6f, 0xf0, 0x0,
    0x0, 0x6f, 0xf0, 0x0, 0x0, 0x6f, 0xf0, 0x0,
    0x0, 0x6f, 0xf0, 0x0, 0x0, 0x6f, 0xf0, 0x0,
    0x0, 0x6f, 0xf0, 0x0, 0x1, 0x7f, 0xf1, 0x10,
    0xbf, 0xff, 0xff, 0xf5, 0xbf, 0xff, 0xff, 0xf5,

    /* U+0129 "ĩ" */
    0x1, 0x9a, 0x23, 0xa0, 0x9, 0xff, 0xfe, 0xe0,
    0x9, 0x71, 0xac, 0x40, 0x0, 0x0, 0x0, 0x0,
    0x6c, 0xcc, 0xc5, 0x0, 0x7f, 0xff, 0xf6, 0x0,
    0x25, 0x5e, 0xf6, 0x0, 0x0, 0xd, 0xf6, 0x0,
    0x0, 0xd, 0xf6, 0x0, 0x0, 0xd, 0xf6, 0x0,
    0x22, 0x2d, 0xf8, 0x22, 0xef, 0xff, 0xff, 0xff,
    0xef, 0xff, 0xff, 0xff,

    /* U+0168 "Ũ" */
    0x0, 0x4, 0x20, 0x33, 0x0, 0xc, 0xff, 0x9d,
    0xa0, 0x0, 0xf8, 0xaf, 0xf4, 0x0, 0x2, 0x0,
    0x21, 0x0, 0xb, 0xb3, 0x0, 0x8b, 0x70, 0xff,
    0x50, 0xc, 0xfa, 0xf, 0xf5, 0x0, 0xcf, 0xa0,
    0xff, 0x50, 0xc, 0xfa, 0xf, 0xf5, 0x0, 0xcf,
    0xa0, 0xff, 0x50, 0xc, 0xfa, 0xf, 0xf5, 0x0,
    0xcf, 0xa0, 0xff, 0x50, 0xc, 0xfa, 0xf, 0xf5,
    0x0, 0xcf, 0xa0, 0xef, 0xa0, 0x2f, 0xf8, 0x8,
    0xff, 0xff, 0xff, 0x20, 0x8, 0xff, 0xfd, 0x30,
    0x0, 0x0, 0x10, 0x0, 0x0,

    /* U+0169 "ũ" */
    0x3, 0xa8, 0x7, 0x70, 0xe, 0xff, 0xef, 0x90,
    0xc, 0x34, 0xcb, 0x10, 0x0, 0x0, 0x0, 0x0,
    0xcc, 0x50, 0xa, 0xc7, 0xff, 0x60, 0xd, 0xf9,
    0xff, 0x60, 0xd, 0xf9, 0xff, 0x60, 0xd, 0xf9,
    0xff, 0x60, 0xd, 0xf9, 0xff, 0x60, 0xd, 0xf9,
    0xdf, 0xb0, 0x2f, 0xf7, 0x6f, 0xff, 0xff, 0xf1,
    0x7, 0xff, 0xfc, 0x30, 0x0, 0x1, 0x0, 0x0,

    /* U+01A0 "Ơ" */
    0x0, 0x0, 0x0, 0x8, 0xf5, 0x0, 0x3a, 0xcc,
    0x8b, 0xf5, 0x4, 0xff, 0xff, 0xff, 0xd0, 0xd,
    0xfd, 0x46, 0xff, 0x70, 0xf, 0xf6, 0x0, 0xcf,
    0x90, 0xf, 0xf5, 0x0, 0xcf, 0xa0, 0xf, 0xf5,
    0x0, 0xcf, 0xa0, 0xf, 0xf5, 0x0, 0xcf, 0xa0,
    0xf, 0xf5, 0x0, 0xcf, 0xa0, 0xf, 0xf5, 0x0,
    0xcf, 0xa0, 0xe, 0xfa, 0x1, 0xff, 0x80, 0x8,
    0xff, 0xff, 0xff, 0x20, 0x0, 0x8f, 0xff, 0xd4,
    0x0, 0x0, 0x0, 0x11, 0x0, 0x0,

    /* U+01A1 "ơ" */
    0x0, 0x0, 0x0, 0x2, 0x31, 0x0, 0x0, 0x0,
    0xa, 0xf4, 0x0, 0x5c, 0xee, 0xae, 0xf2, 0x6,
    0xff, 0xff, 0xff, 0x90, 0xd, 0xfc, 0x25, 0xff,
    0x70, 0xf, 0xf6, 0x0, 0xcf, 0x90, 0xf, 0xf5,
    0x0, 0xcf, 0xa0, 0xf, 0xf5, 0x0, 0xcf, 0xa0,
    0xe, 0xfa, 0x2, 0xff, 0x80, 0x8, 0xff, 0xff,
    0xff, 0x20, 0x0, 0x8f, 0xff, 0xd4, 0x0, 0x0,
    0x0, 0x11, 0x0, 0x0,

    /* U+01AF "Ư" */
    0x0, 0x0, 0x0, 0x0, 0x37, 0x20, 0x0, 0x0,
    0x0, 0x8, 0xf6, 0xb, 0xb3, 0x0, 0x8b, 0xef,
    0x40, 0xff, 0x50, 0xc, 0xfe, 0x70, 0xf, 0xf5,
    0x0, 0xcf, 0xa0, 0x0, 0xff, 0x50, 0xc, 0xfa,
    0x0, 0xf, 0xf5, 0x0, 0xcf, 0xa0, 0x0, 0xff,
    0x50, 0xc, 0xfa, 0x0, 0xf, 0xf5, 0x0, 0xcf,
    0xa0, 0x0, 0xff, 0x50, 0xc, 0xfa, 0x0, 0xf,
    0xf5, 0x0, 0xcf, 0xa0, 0x0, 0xef, 0xa0, 0x2f,
    0xf8, 0x0, 0x8, 0xff, 0xff, 0xff, 0x20, 0x0,
    0x8, 0xff, 0xfd, 0x30, 0x0, 0x0, 0x0, 0x10,
    0x0, 0x0, 0x0,

    /* U+01B0 "ư" */
    0x0, 0x0, 0x0, 0x6, 0x91, 0x0, 0x0, 0x0,
    0xc, 0xf2, 0xcc, 0x50, 0x5c, 0xdf, 0xe0, 0xff,
    0x60, 0x7f, 0xfb, 0x30, 0xff, 0x60, 0x7f, 0xf0,
    0x0, 0xff, 0x60, 0x7f, 0xf0, 0x0, 0xff, 0x60,
    0x7f, 0xf0, 0x0, 0xff, 0x60, 0x7f, 0xe0, 0x0,
    0xdf, 0xa0, 0xaf, 0xc0, 0x0, 0x8f, 0xff, 0xff,
    0x70, 0x0, 0x9, 0xff, 0xf9, 0x0, 0x0, 0x0,
    0x1, 0x0, 0x0, 0x0,

    /* U+1EA0 "Ạ" */
    0x0, 0x9, 0xbb, 0x40, 0x0, 0x0, 0xf, 0xff,
    0x90, 0x0, 0x0, 0x4f, 0xff, 0xd0, 0x0, 0x0,
    0x8f, 0xaf, 0xf1, 0x0, 0x0, 0xcf, 0x6c, 0xf5,
    0x0, 0x0, 0xff, 0x39, 0xf9, 0x0, 0x4, 0xff,
    0x6, 0xfd, 0x0, 0x7, 0xff, 0x9a, 0xff, 0x10,
    0xb, 0xff, 0xff, 0xff, 0x50, 0xf, 0xf9, 0x55,
    0xdf, 0x90, 0x3f, 0xf2, 0x0, 0x9f, 0xd0, 0x7f,
    0xf0, 0x0, 0x5f, 0xf1, 0x0, 0x0, 0x0, 0x0,
    0x0, 0x0, 0x1, 0xaa, 0x10, 0x0, 0x0, 0x7,
    0xff, 0x50, 0x0, 0x0, 0x1, 0xa9, 0x0, 0x0,

    /* U+1EA1 "ạ" */
    0x0, 0x3b, 0xed, 0xa2, 0x0, 0x4f, 0xff, 0xff,
    0xe2, 0xa, 0xea, 0x2, 0xff, 0x70, 0x0, 0x24,
    0x4d, 0xf9, 0x4, 0xef, 0xff, 0xff, 0x90, 0xff,
    0x81, 0x1d, 0xf9, 0x2f, 0xf4, 0x0, 0xef, 0x90,
    0xff, 0xea, 0xdf, 0xf9, 0x5, 0xef, 0xf8, 0xcf,
    0x90, 0x0, 0x10, 0x0, 0x0, 0x0, 0x2, 0xb9,
    0x0, 0x0, 0x0, 0x8f, 0xf4, 0x0, 0x0, 0x2,
    0xa9, 0x0, 0x0,

    /* U+1EA2 "Ả" */
    0x0, 0x0, 0x10, 0x0, 0x0, 0x0, 0x9, 0xff,
    0x60, 0x0, 0x0, 0x2, 0x4f, 0xb0, 0x0, 0x0,
    0x0, 0x7f, 0x40, 0x0, 0x0, 0x0, 0x0, 0x0,
    0x0, 0x0, 0x9, 0xbb, 0x40, 0x0, 0x0, 0xf,
    0xff, 0x90, 0x0, 0x0, 0x4f, 0xff, 0xd0, 0x0,
    0x0, 0x8f, 0xaf, 0xf1, 0x0, 0x0, 0xcf, 0x6c,
    0xf5, 0x0, 0x0, 0xff, 0x39, 0xf9, 0x0, 0x4,
    0xff, 0x6, 0xfd, 0x0, 0x7, 0xff, 0x9a, 0xff,
    0x10, 0xb, 0xff, 0xff, 0xff, 0x50, 0xf, 0xf9,
    0x55, 0xdf, 0x90, 0x3f, 0xf2, 0x0, 0x9f, 0xd0,
    0x7f, 0xf0, 0x0, 0x5f, 0xf1,

    /* U+1EA3 "ả" */
    0x0, 0x3, 0x53, 0x0, 0x0, 0x0, 0xbf, 0xf7,
    0x0, 0x0, 0x0, 0x3f, 0x80, 0x0, 0x0, 0x8,
    0xa0, 0x0, 0x0, 0x0, 0x0, 0x0, 0x0, 0x3,
    0xbe, 0xda, 0x20, 0x4, 0xff, 0xff, 0xfe, 0x20,
    0xae, 0xa0, 0x2f, 0xf7, 0x0, 0x2, 0x44, 0xdf,
    0x90, 0x4e, 0xff, 0xff, 0xf9, 0xf, 0xf8, 0x11,
    0xdf, 0x92, 0xff, 0x40, 0xe, 0xf9, 0xf, 0xfe,
    0xad, 0xff, 0x90, 0x5e, 0xff, 0x8c, 0xf9, 0x0,
    0x1, 0x0, 0x0, 0x0,

    /* U+1EA4 "Ấ" */
    0x0, 0x0, 0x0, 0x0, 0x35, 0x20, 0x0, 0x0,
    0x0, 0x5f, 0xd1, 0x0, 0x7, 0xbb, 0x37, 0x81,
    0x0, 0x7, 0xfb, 0xee, 0x20, 0x0, 0x1, 0x87,
    0x2, 0x86, 0x0, 0x0, 0x0, 0x9b, 0xb4, 0x0,
    0x0, 0x0, 0xf, 0xff, 0x90, 0x0, 0x0, 0x4,
    0xff, 0xfd, 0x0, 0x0, 0x0, 0x8f, 0xaf, 0xf1,
    0x0, 0x0, 0xc, 0xf6, 0xcf, 0x50, 0x0, 0x0,
    0xff, 0x39, 0xf9, 0x0, 0x0, 0x4f, 0xf0, 0x6f,
    0xd0, 0x0, 0x7, 0xff, 0x9a, 0xff, 0x10, 0x0,
    0xbf, 0xff, 0xff, 0xf5, 0x0, 0xf, 0xf9, 0x55,
    0xdf, 0x90, 0x3, 0xff, 0x20, 0x9, 0xfd, 0x0,
    0x7f, 0xf0, 0x0, 0x5f, 0xf1, 0x0,

    /* U+1EA5 "ấ" */
    0x0, 0x0, 0x0, 0x0, 0x36, 0x40, 0x0, 0x0,
    0x0, 0x2f, 0xe2, 0x0, 0x5, 0x98, 0x2b, 0xd3,
    0x0, 0x5, 0xfd, 0xfd, 0x10, 0x0, 0x1, 0xaa,
    0x14, 0xb8, 0x0, 0x0, 0x0, 0x0, 0x0, 0x0,
    0x0, 0x0, 0x3b, 0xed, 0xa2, 0x0, 0x0, 0x4f,
    0xff, 0xff, 0xe2, 0x0, 0xa, 0xea, 0x2, 0xff,
    0x70, 0x0, 0x0, 0x24, 0x4d, 0xf9, 0x0, 0x4,
    0xef, 0xff, 0xff, 0x90, 0x0, 0xff, 0x81, 0x1d,
    0xf9, 0x0, 0x2f, 0xf4, 0x0, 0xef, 0x90, 0x0,
    0xff, 0xea, 0xdf, 0xf9, 0x0, 0x5, 0xef, 0xf8,
    0xcf, 0x90, 0x0, 0x0, 0x10, 0x0, 0x0, 0x0,

    /* U+1EA6 "Ầ" */
    0x0, 0x0, 0x2, 0x54, 0x0, 0x0, 0x0, 0x0,
    0xbf, 0x80, 0x0, 0x7, 0xbb, 0x37, 0x81, 0x0,
    0x7f, 0xbe, 0xe2, 0x0, 0x1, 0x87, 0x2, 0x86,
    0x0, 0x0, 0x9, 0xbb, 0x40, 0x0, 0x0, 0xf,
    0xff, 0x90, 0x0, 0x0, 0x4f, 0xff, 0xd0, 0x0,
    0x0, 0x8f, 0xaf, 0xf1, 0x0, 0x0, 0xcf, 0x6c,
    0xf5, 0x0, 0x0, 0xff, 0x39, 0xf9, 0x0, 0x4,
    0xff, 0x6, 0xfd, 0x0, 0x7, 0xff, 0x9a, 0xff,
    0x10, 0xb, 0xff, 0xff, 0xff, 0x50, 0xf, 0xf9,
    0x55, 0xdf, 0x90, 0x3f, 0xf2, 0x0, 0x9f, 0xd0,
    0x7f, 0xf0, 0x0, 0x5f, 0xf1,

    /* U+1EA7 "ầ" */
    0x0, 0x0, 0x1, 0x66, 0x0, 0x0, 0x0, 0x0,
    0xaf, 0x90, 0x0, 0x5, 0x98, 0x2a, 0xd5, 0x0,
    0x5f, 0xdf, 0xd1, 0x0, 0x1, 0xaa, 0x14, 0xb8,
    0x0, 0x0, 0x0, 0x0, 0x0, 0x0, 0x0, 0x3b,
    0xed, 0xa2, 0x0, 0x4, 0xff, 0xff, 0xfe, 0x20,
    0xa, 0xea, 0x2, 0xff, 0x70, 0x0, 0x2, 0x44,
    0xdf, 0x90, 0x4, 0xef, 0xff, 0xff, 0x90, 0xf,
    0xf8, 0x11, 0xdf, 0x90, 0x2f, 0xf4, 0x0, 0xef,
    0x90, 0xf, 0xfe, 0xad, 0xff, 0x90, 0x5, 0xef,
    0xf8, 0xcf, 0x90, 0x0, 0x1, 0x0, 0x0, 0x0,

    /* U+1EA8 "Ẩ" */
    0x0, 0x0, 0x0, 0x34, 0x20, 0x0, 0x0, 0x0,
    0xaf, 0xf4, 0x0, 0x7, 0xbb, 0x37, 0xf4, 0x0,
    0x7f, 0xbe, 0xe3, 0x10, 0x1, 0x87, 0x2, 0x86,
    0x0, 0x0, 0x9, 0xbb, 0x40, 0x0, 0x0, 0xf,
    0xff, 0x90, 0x0, 0x0, 0x4f, 0xff, 0xd0, 0x0,
    0x0, 0x8f, 0xaf, 0xf1, 0x0, 0x0, 0xcf, 0x6c,
    0xf5, 0x0, 0x0, 0xff, 0x39, 0xf9, 0x0, 0x4,
    0xff, 0x6, 0xfd, 0x0, 0x7, 0xff, 0x9a, 0xff,
    0x10, 0xb, 0xff, 0xff, 0xff, 0x50, 0xf, 0xf9,
    0x55, 0xdf, 0x90, 0x3f, 0xf2, 0x0, 0x9f, 0xd0,
    0x7f, 0xf0, 0x0, 0x5f, 0xf1,

    /* U+1EA9 "ẩ" */
    0x0, 0x0, 0x0, 0x22, 0x0, 0x0, 0x0, 0x0,
    0xef, 0xf3, 0x0, 0x0, 0x0, 0x27, 0xf5, 0x0,
    0x5, 0x98, 0x2b, 0xb0, 0x0, 0x5f, 0xdf, 0xd1,
    0x0, 0x1, 0xaa, 0x14, 0xb8, 0x0, 0x0, 0x0,
    0x0, 0x0, 0x0, 0x0, 0x3b, 0xed, 0xa2, 0x0,
    0x4, 0xff, 0xff, 0xfe, 0x20, 0xa, 0xea, 0x2,
    0xff, 0x70, 0x0, 0x2, 0x44, 0xdf, 0x90, 0x4,
    0xef, 0xff, 0xff, 0x90, 0xf, 0xf8, 0x11, 0xdf,
    0x90, 0x2f, 0xf4, 0x0, 0xef, 0x90, 0xf, 0xfe,
    0xad, 0xff, 0x90, 0x5, 0xef, 0xf8, 0xcf, 0x90,
    0x0, 0x1, 0x0, 0x0, 0x0,

    /* U+1EAA "Ẫ" */
    0x0, 0x14, 0x20, 0x22, 0x0, 0x0, 0xdf, 0xfd,
    0xf8, 0x0, 0x0, 0x54, 0x48, 0x70, 0x0, 0x0,
    0x8f, 0xae, 0xf3, 0x0, 0x2, 0x87, 0x2, 0x86,
    0x0, 0x0, 0x9, 0xbb, 0x40, 0x0, 0x0, 0xf,
    0xff, 0x90, 0x0, 0x0, 0x4f, 0xff, 0xd0, 0x0,
    0x0, 0x8f, 0xaf, 0xf1, 0x0, 0x0, 0xcf, 0x6c,
    0xf5, 0x0, 0x0, 0xff, 0x39, 0xf9, 0x0, 0x4,
    0xff, 0x6, 0xfd, 0x0, 0x7, 0xff, 0x9a, 0xff,
    0x10, 0xb, 0xff, 0xff, 0xff, 0x50, 0xf, 0xf9,
    0x55, 0xdf, 0x90, 0x3f, 0xf2, 0x0, 0x9f, 0xd0,
    0x7f, 0xf0, 0x0, 0x5f, 0xf1,

    /* U+1EAB "ẫ" */
    0x0, 0x27, 0x50, 0x44, 0x0, 0xd, 0xff, 0xbe,
    0x90, 0x0, 0xb3, 0x3b, 0xa1, 0x0, 0x0, 0x59,
    0x81, 0x0, 0x0, 0x5f, 0xdf, 0xd1, 0x0, 0x1a,
    0xa1, 0x4b, 0x80, 0x0, 0x0, 0x0, 0x0, 0x0,
    0x3, 0xbe, 0xda, 0x20, 0x4, 0xff, 0xff, 0xfe,
    0x20, 0xae, 0xa0, 0x2f, 0xf7, 0x0, 0x2, 0x44,
    0xdf, 0x90, 0x4e, 0xff, 0xff, 0xf9, 0xf, 0xf8,
    0x11, 0xdf, 0x92, 0xff, 0x40, 0xe, 0xf9, 0xf,
    0xfe, 0xad, 0xff, 0x90, 0x5e, 0xff, 0x8c, 0xf9,
    0x0, 0x1, 0x0, 0x0, 0x0,

    /* U+1EAC "Ậ" */
    0x0, 0x1, 0x33, 0x0, 0x0, 0x0, 0x1e, 0xff,
    0x90, 0x0, 0x1, 0xdf, 0x4a, 0xf8, 0x0, 0x0,
    0x0, 0x0, 0x0, 0x0, 0x0, 0x9, 0xbb, 0x40,
    0x0, 0x0, 0xf, 0xff, 0x90, 0x0, 0x0, 0x4f,
    0xff, 0xd0, 0x0, 0x0, 0x8f, 0xaf, 0xf1, 0x0,
    0x0, 0xcf, 0x6c, 0xf5, 0x0, 0x0, 0xff, 0x39,
    0xf9, 0x0, 0x4, 0xff, 0x6, 0xfd, 0x0, 0x7,
    0xff, 0x9a, 0xff, 0x10, 0xb, 0xff, 0xff, 0xff,
    0x50, 0xf, 0xf9, 0x55, 0xdf, 0x90, 0x3f, 0xf2,
    0x0, 0x9f, 0xd0, 0x7f, 0xf0, 0x0, 0x5f, 0xf1,
    0x0, 0x0, 0x0, 0x0, 0x0, 0x0, 0x1, 0xaa,
    0x10, 0x0, 0x0, 0x7, 0xff, 0x50, 0x0, 0x0,
    0x1, 0xa9, 0x0, 0x0,

    /* U+1EAD "ậ" */
    0x0, 0x4, 0x99, 0x20, 0x0, 0x4, 0xfd, 0xfe,
    0x20, 0x1, 0xaa, 0x13, 0xb8, 0x0, 0x0, 0x0,
    0x0, 0x0, 0x0, 0x3b, 0xed, 0xa2, 0x0, 0x4f,
    0xff, 0xff, 0xe2, 0xa, 0xea, 0x2, 0xff, 0x70,
    0x0, 0x24, 0x4d, 0xf9, 0x4, 0xef, 0xff, 0xff,
    0x90, 0xff, 0x81, 0x1d, 0xf9, 0x2f, 0xf4, 0x0,
    0xef, 0x90, 0xff, 0xea, 0xdf, 0xf9, 0x5, 0xef,
    0xf8, 0xcf, 0x90, 0x0, 0x10, 0x0, 0x0, 0x0,
    0x2, 0xb9, 0x0, 0x0, 0x0, 0x8f, 0xf4, 0x0,
    0x0, 0x2, 0xa9, 0x0, 0x0,

    /* U+1EAE "Ắ" */
    0x0, 0x0, 0x3, 0x51, 0x0, 0x0, 0x0, 0x6f,
    0x90, 0x0, 0x3, 0xa2, 0x86, 0x69, 0x0, 0x1,
    0xef, 0xcd, 0xf9, 0x0, 0x0, 0x16, 0x87, 0x40,
    0x0, 0x0, 0x9, 0xbb, 0x40, 0x0, 0x0, 0xf,
    0xff, 0x90, 0x0, 0x0, 0x4f, 0xff, 0xd0, 0x0,
    0x0, 0x8f, 0xaf, 0xf1, 0x0, 0x0, 0xcf, 0x6c,
    0xf5, 0x0, 0x0, 0xff, 0x39, 0xf9, 0x0, 0x4,
    0xff, 0x6, 0xfd, 0x0, 0x7, 0xff, 0x9a, 0xff,
    0x10, 0xb, 0xff, 0xff, 0xff, 0x50, 0xf, 0xf9,
    0x55, 0xdf, 0x90, 0x3f, 0xf2, 0x0, 0x9f, 0xd0,
    0x7f, 0xf0, 0x0, 0x5f, 0xf1,

    /* U+1EAF "ắ" */
    0x0, 0x0, 0xa, 0xd4, 0x0, 0x0, 0x8, 0xf7,
    0x0, 0x0, 0x75, 0x55, 0x75, 0x0, 0xd, 0xfc,
    0xdf, 0x60, 0x0, 0x18, 0xba, 0x50, 0x0, 0x0,
    0x0, 0x0, 0x0, 0x0, 0x3b, 0xed, 0xa2, 0x0,
    0x4f, 0xff, 0xff, 0xe2, 0xa, 0xea, 0x2, 0xff,
    0x70, 0x0, 0x24, 0x4d, 0xf9, 0x4, 0xef, 0xff,
    0xff, 0x90, 0xff, 0x81, 0x1d, 0xf9, 0x2f, 0xf4,
    0x0, 0xef, 0x90, 0xff, 0xea, 0xdf, 0xf9, 0x5,
    0xef, 0xf8, 0xcf, 0x90, 0x0, 0x10, 0x0, 0x0,

    /* U+1EB0 "Ằ" */
    0x0, 0x15, 0x30, 0x0, 0x0, 0x0, 0xb, 0xf2,
    0x0, 0x0, 0x3, 0xa3, 0x85, 0x69, 0x0, 0x1,
    0xef, 0xcd, 0xf9, 0x0, 0x0, 0x16, 0x87, 0x40,
    0x0, 0x0, 0x9, 0xbb, 0x40, 0x0, 0x0, 0xf,
    0xff, 0x90, 0x0, 0x0, 0x4f, 0xff, 0xd0, 0x0,
    0x0, 0x8f, 0xaf, 0xf1, 0x0, 0x0, 0xcf, 0x6c,
    0xf5, 0x0, 0x0, 0xff, 0x39, 0xf9, 0x0, 0x4,
    0xff, 0x6, 0xfd, 0x0, 0x7, 0xff, 0x9a, 0xff,
    0x10, 0xb, 0xff, 0xff, 0xff, 0x50, 0xf, 0xf9,
    0x55, 0xdf, 0x90, 0x3f, 0xf2, 0x0, 0x9f, 0xd0,
    0x7f, 0xf0, 0x0, 0x5f, 0xf1,

    /* U+1EB1 "ằ" */
    0x0, 0x9e, 0x50, 0x0, 0x0, 0x0, 0xcf, 0x20,
    0x0, 0x0, 0x76, 0x54, 0x75, 0x0, 0xd, 0xfc,
    0xdf, 0x60, 0x0, 0x18, 0xba, 0x50, 0x0, 0x0,
    0x0, 0x0, 0x0, 0x0, 0x3b, 0xed, 0xa2, 0x0,
    0x4f, 0xff, 0xff, 0xe2, 0xa, 0xea, 0x2, 0xff,
    0x70, 0x0, 0x24, 0x4d, 0xf9, 0x4, 0xef, 0xff,
    0xff, 0x90, 0xff, 0x81, 0x1d, 0xf9, 0x2f, 0xf4,
    0x0, 0xef, 0x90, 0xff, 0xea, 0xdf, 0xf9, 0x5,
    0xef, 0xf8, 0xcf, 0x90, 0x0, 0x10, 0x0, 0x0,

    /* U+1EB2 "Ẳ" */
    0x0, 0x3, 0x42, 0x0, 0x0, 0x0, 0xa, 0xef,
    0x10, 0x0, 0x3, 0xa2, 0x8b, 0x69, 0x0, 0x1,
    0xef, 0xcd, 0xf9, 0x0, 0x0, 0x16, 0x87, 0x40,
    0x0, 0x0, 0x9, 0xbb, 0x40, 0x0, 0x0, 0xf,
    0xff, 0x90, 0x0, 0x0, 0x4f, 0xff, 0xd0, 0x0,
    0x0, 0x8f, 0xaf, 0xf1, 0x0, 0x0, 0xcf, 0x6c,
    0xf5, 0x0, 0x0, 0xff, 0x39, 0xf9, 0x0, 0x4,
    0xff, 0x6, 0xfd, 0x0, 0x7, 0xff, 0x9a, 0xff,
    0x10, 0xb, 0xff, 0xff, 0xff, 0x50, 0xf, 0xf9,
    0x55, 0xdf, 0x90, 0x3f, 0xf2, 0x0, 0x9f, 0xd0,
    0x7f, 0xf0, 0x0, 0x5f, 0xf1,

    /* U+1EB3 "ẳ" */
    0x0, 0x7, 0x96, 0x0, 0x0, 0x0, 0x9d, 0xf6,
    0x0, 0x0, 0x0, 0x7f, 0x30, 0x0, 0x7, 0x55,
    0x47, 0x50, 0x0, 0xdf, 0xcd, 0xf6, 0x0, 0x1,
    0x8b, 0xa5, 0x0, 0x0, 0x0, 0x0, 0x0, 0x0,
    0x3, 0xbe, 0xda, 0x20, 0x4, 0xff, 0xff, 0xfe,
    0x20, 0xae, 0xa0, 0x2f, 0xf7, 0x0, 0x2, 0x44,
    0xdf, 0x90, 0x4e, 0xff, 0xff, 0xf9, 0xf, 0xf8,
    0x11, 0xdf, 0x92, 0xff, 0x40, 0xe, 0xf9, 0xf,
    0xfe, 0xad, 0xff, 0x90, 0x5e, 0xff, 0x8c, 0xf9,
    0x0, 0x1, 0x0, 0x0, 0x0,

    /* U+1EB4 "Ẵ" */
    0x0, 0x14, 0x20, 0x22, 0x0, 0x0, 0xdf, 0xfd,
    0xf8, 0x0, 0x0, 0x93, 0x15, 0x92, 0x0, 0x0,
    0xde, 0xcc, 0xf7, 0x0, 0x0, 0x16, 0x88, 0x50,
    0x0, 0x0, 0x9, 0xbb, 0x40, 0x0, 0x0, 0xf,
    0xff, 0x90, 0x0, 0x0, 0x4f, 0xff, 0xd0, 0x0,
    0x0, 0x8f, 0xaf, 0xf1, 0x0, 0x0, 0xcf, 0x6c,
    0xf5, 0x0, 0x0, 0xff, 0x39, 0xf9, 0x0, 0x4,
    0xff, 0x6, 0xfd, 0x0, 0x7, 0xff, 0x9a, 0xff,
    0x10, 0xb, 0xff, 0xff, 0xff, 0x50, 0xf, 0xf9,
    0x55, 0xdf, 0x90, 0x3f, 0xf2, 0x0, 0x9f, 0xd0,
    0x7f, 0xf0, 0x0, 0x5f, 0xf1,

    /* U+1EB5 "ẵ" */
    0x0, 0x4, 0x20, 0x33, 0x0, 0xc, 0xff, 0x6c,
    0xa0, 0x0, 0xf5, 0x7f, 0xf4, 0x0, 0x8, 0x50,
    0x18, 0x50, 0x0, 0xdf, 0xcd, 0xf6, 0x0, 0x1,
    0x8b, 0xa5, 0x0, 0x0, 0x0, 0x0, 0x0, 0x0,
    0x3, 0xbe, 0xda, 0x20, 0x4, 0xff, 0xff, 0xfe,
    0x20, 0xae, 0xa0, 0x2f, 0xf7, 0x0, 0x2, 0x44,
    0xdf, 0x90, 0x4e, 0xff, 0xff, 0xf9, 0xf, 0xf8,
    0x11, 0xdf, 0x92, 0xff, 0x40, 0xe, 0xf9, 0xf,
    0xfe, 0xad, 0xff, 0x90, 0x5e, 0xff, 0x8c, 0xf9,
    0x0, 0x1, 0x0, 0x0, 0x0,

    /* U+1EB6 "Ặ" */
    0x0, 0x32, 0x0, 0x32, 0x0, 0x0, 0xfe, 0x47,
    0xf9, 0x0, 0x0, 0x5e, 0xff, 0xc1, 0x0, 0x0,
    0x0, 0x21, 0x0, 0x0, 0x0, 0x9, 0xbb, 0x40,
    0x0, 0x0, 0xf, 0xff, 0x90, 0x0, 0x0, 0x4f,
    0xff, 0xd0, 0x0, 0x0, 0x8f, 0xaf, 0xf1, 0x0,
    0x0, 0xcf, 0x6c, 0xf5, 0x0, 0x0, 0xff, 0x39,
    0xf9, 0x0, 0x4, 0xff, 0x6, 0xfd, 0x0, 0x7,
    0xff, 0x9a, 0xff, 0x10, 0xb, 0xff, 0xff, 0xff,
    0x50, 0xf, 0xf9, 0x55, 0xdf, 0x90, 0x3f, 0xf2,
    0x0, 0x9f, 0xd0, 0x7f, 0xf0, 0x0, 0x5f, 0xf1,
    0x0, 0x0, 0x0, 0x0, 0x0, 0x0, 0x1, 0xaa,
    0x10, 0x0, 0x0, 0x7, 0xff, 0x50, 0x0, 0x0,
    0x1, 0xa9, 0x0, 0x0,

    /* U+1EB7 "ặ" */
    0x0, 0x88, 0x0, 0x87, 0x0, 0xa, 0xfb, 0xbf,
    0x90, 0x0, 0x8, 0xcc, 0x80, 0x0, 0x0, 0x0,
    0x0, 0x0, 0x0, 0x3b, 0xed, 0xa2, 0x0, 0x4f,
    0xff, 0xff, 0xe2, 0xa, 0xea, 0x2, 0xff, 0x70,
    0x0, 0x24, 0x4d, 0xf9, 0x4, 0xef, 0xff, 0xff,
    0x90, 0xff, 0x81, 0x1d, 0xf9, 0x2f, 0xf4, 0x0,
    0xef, 0x90, 0xff, 0xea, 0xdf, 0xf9, 0x5, 0xef,
    0xf8, 0xcf, 0x90, 0x0, 0x10, 0x0, 0x0, 0x0,
    0x2, 0xb9, 0x0, 0x0, 0x0, 0x8f, 0xf4, 0x0,
    0x0, 0x2, 0xa9, 0x0, 0x0,

    /* U+1EB8 "Ẹ" */
    0x7b, 0xbb, 0xbb, 0xb5, 0xbf, 0xff, 0xff, 0xf7,
    0xbf, 0xc6, 0x66, 0x62, 0xbf, 0xa0, 0x0, 0x0,
    0xbf, 0xa0, 0x0, 0x0, 0xbf, 0xff, 0xff, 0xe0,
    0xbf, 0xff, 0xff, 0xe0, 0xbf, 0xa0, 0x0, 0x0,
    0xbf, 0xa0, 0x0, 0x0, 0xbf, 0xa0, 0x0, 0x0,
    0xbf, 0xff, 0xff, 0xf7, 0xbf, 0xff, 0xff, 0xf7,
    0x0, 0x0, 0x0, 0x0, 0x0, 0x9, 0xb2, 0x0,
    0x0, 0x4f, 0xf8, 0x0, 0x0, 0x9, 0xa2, 0x0,

    /* U+1EB9 "ẹ" */
    0x0, 0x5c, 0xee, 0xa1, 0x0, 0x6f, 0xfe, 0xff,
    0xe1, 0xd, 0xf9, 0x1, 0xef, 0x70, 0xff, 0x63,
    0x3b, 0xf9, 0xf, 0xff, 0xff, 0xff, 0xa0, 0xff,
    0x62, 0x22, 0x21, 0xe, 0xf7, 0x0, 0x66, 0x30,
    0x8f, 0xfb, 0xdf, 0xf2, 0x0, 0x8f, 0xff, 0xc3,
    0x0, 0x0, 0x1, 0x10, 0x0, 0x0, 0x3, 0xb9,
    0x0, 0x0, 0x0, 0x9f, 0xf2, 0x0, 0x0, 0x2,
    0xa8, 0x0, 0x0,

    /* U+1EBA "Ẻ" */
    0x0, 0x9c, 0xa1, 0x0, 0x0, 0x7a, 0xf8, 0x0,
    0x0, 0x7, 0xf3, 0x0, 0x0, 0x4, 0x30, 0x0,
    0x7b, 0xbb, 0xbb, 0xb5, 0xbf, 0xff, 0xff, 0xf7,
    0xbf, 0xc6, 0x66, 0x62, 0xbf, 0xa0, 0x0, 0x0,
    0xbf, 0xa0, 0x0, 0x0, 0xbf, 0xff, 0xff, 0xe0,
    0xbf, 0xff, 0xff, 0xe0, 0xbf, 0xa0, 0x0, 0x0,
    0xbf, 0xa0, 0x0, 0x0, 0xbf, 0xa0, 0x0, 0x0,
    0xbf, 0xff, 0xff, 0xf7, 0xbf, 0xff, 0xff, 0xf7,

    /* U+1EBB "ẻ" */
    0x0, 0x4, 0x53, 0x0, 0x0, 0x0, 0xcf, 0xf6,
    0x0, 0x0, 0x0, 0x4f, 0x70, 0x0, 0x0, 0x8,
    0x90, 0x0, 0x0, 0x0, 0x0, 0x0, 0x0, 0x5,
    0xce, 0xea, 0x10, 0x6, 0xff, 0xef, 0xfe, 0x10,
    0xdf, 0x90, 0x1e, 0xf7, 0xf, 0xf6, 0x33, 0xbf,
    0x90, 0xff, 0xff, 0xff, 0xfa, 0xf, 0xf6, 0x22,
    0x22, 0x10, 0xef, 0x70, 0x6, 0x63, 0x8, 0xff,
    0xbd, 0xff, 0x20, 0x8, 0xff, 0xfc, 0x30, 0x0,
    0x0, 0x11, 0x0, 0x0,

    /* U+1EBC "Ẽ" */
    0x0, 0x34, 0x1, 0x40, 0x7, 0xff, 0xba, 0xf0,
    0xb, 0xc7, 0xff, 0x80, 0x1, 0x10, 0x12, 0x0,
    0x7b, 0xbb, 0xbb, 0xb5, 0xbf, 0xff, 0xff, 0xf7,
    0xbf, 0xc6, 0x66, 0x62, 0xbf, 0xa0, 0x0, 0x0,
    0xbf, 0xa0, 0x0, 0x0, 0xbf, 0xff, 0xff, 0xe0,
    0xbf, 0xff, 0xff, 0xe0, 0xbf, 0xa0, 0x0, 0x0,
    0xbf, 0xa0, 0x0, 0x0, 0xbf, 0xa0, 0x0, 0x0,
    0xbf, 0xff, 0xff, 0xf7, 0xbf, 0xff, 0xff, 0xf7,

    /* U+1EBD "ẽ" */
    0x0, 0x3a, 0x80, 0x77, 0x0, 0xe, 0xff, 0xef,
    0x90, 0x0, 0xc3, 0x4c, 0xb1, 0x0, 0x0, 0x0,
    0x0, 0x0, 0x0, 0x5c, 0xee, 0xa1, 0x0, 0x6f,
    0xfe, 0xff, 0xe1, 0xd, 0xf9, 0x1, 0xef, 0x70,
    0xff, 0x63, 0x3b, 0xf9, 0xf, 0xff, 0xff, 0xff,
    0xa0, 0xff, 0x62, 0x22, 0x21, 0xe, 0xf7, 0x0,
    0x66, 0x30, 0x8f, 0xfb, 0xdf, 0xf2, 0x0, 0x8f,
    0xff, 0xc3, 0x0, 0x0, 0x1, 0x10, 0x0,

    /* U+1EBE "Ế" */
    0x0, 0x0, 0x0, 0x3, 0x52, 0x0, 0x0, 0x0,
    0x5f, 0xd1, 0x0, 0x7b, 0xb3, 0x78, 0x10, 0x7,
    0xfb, 0xee, 0x20, 0x0, 0x18, 0x70, 0x28, 0x60,
    0x0, 0x7b, 0xbb, 0xbb, 0xb5, 0x0, 0xbf, 0xff,
    0xff, 0xf7, 0x0, 0xbf, 0xc6, 0x66, 0x62, 0x0,
    0xbf, 0xa0, 0x0, 0x0, 0x0, 0xbf, 0xa0, 0x0,
    0x0, 0x0, 0xbf, 0xff, 0xff, 0xe0, 0x0, 0xbf,
    0xff, 0xff, 0xe0, 0x0, 0xbf, 0xa0, 0x0, 0x0,
    0x0, 0xbf, 0xa0, 0x0, 0x0, 0x0, 0xbf, 0xa0,
    0x0, 0x0, 0x0, 0xbf, 0xff, 0xff, 0xf7, 0x0,
    0xbf, 0xff, 0xff, 0xf7, 0x0,

    /* U+1EBF "ế" */
    0x0, 0x0, 0x0, 0x0, 0x36, 0x40, 0x0, 0x0,
    0x0, 0x2f, 0xe2, 0x0, 0x5, 0x98, 0x2b, 0xd3,
    0x0, 0x5, 0xfd, 0xfd, 0x10, 0x0, 0x1, 0xaa,
    0x14, 0xb8, 0x0, 0x0, 0x0, 0x0, 0x0, 0x0,
    0x0, 0x0, 0x5c, 0xee, 0xa1, 0x0, 0x0, 0x6f,
    0xfe, 0xff, 0xe1, 0x0, 0xd, 0xf9, 0x1, 0xef,
    0x70, 0x0, 0xff, 0x63, 0x3b, 0xf9, 0x0, 0xf,
    0xff, 0xff, 0xff, 0xa0, 0x0, 0xff, 0x62, 0x22,
    0x21, 0x0, 0xe, 0xf7, 0x0, 0x66, 0x30, 0x0,
    0x8f, 0xfb, 0xdf, 0xf2, 0x0, 0x0, 0x8f, 0xff,
    0xc3, 0x0, 0x0, 0x0, 0x1, 0x10, 0x0, 0x0,

    /* U+1EC0 "Ề" */
    0x0, 0x0, 0x25, 0x40, 0x0, 0x0, 0x0, 0xbf,
    0x80, 0x0, 0x7b, 0xb3, 0x78, 0x10, 0x7f, 0xbe,
    0xe2, 0x0, 0x18, 0x70, 0x28, 0x60, 0x7, 0xbb,
    0xbb, 0xbb, 0x50, 0xbf, 0xff, 0xff, 0xf7, 0xb,
    0xfc, 0x66, 0x66, 0x20, 0xbf, 0xa0, 0x0, 0x0,
    0xb, 0xfa, 0x0, 0x0, 0x0, 0xbf, 0xff, 0xff,
    0xe0, 0xb, 0xff, 0xff, 0xfe, 0x0, 0xbf, 0xa0,
    0x0, 0x0, 0xb, 0xfa, 0x0, 0x0, 0x0, 0xbf,
    0xa0, 0x0, 0x0, 0xb, 0xff, 0xff, 0xff, 0x70,
    0xbf, 0xff, 0xff, 0xf7, 0x0,

    /* U+1EC1 "ề" */
    0x0, 0x0, 0x1, 0x66, 0x0, 0x0, 0x0, 0x0,
    0xaf, 0x90, 0x0, 0x5, 0x98, 0x2a, 0xd5, 0x0,
    0x5f, 0xdf, 0xd1, 0x0, 0x1, 0xaa, 0x14, 0xb8,
    0x0, 0x0, 0x0, 0x0, 0x0, 0x0, 0x0, 0x5c,
    0xee, 0xa1, 0x0, 0x6, 0xff, 0xef, 0xfe, 0x10,
    0xd, 0xf9, 0x1, 0xef, 0x70, 0xf, 0xf6, 0x33,
    0xbf, 0x90, 0xf, 0xff, 0xff, 0xff, 0xa0, 0xf,
    0xf6, 0x22, 0x22, 0x10, 0xe, 0xf7, 0x0, 0x66,
    0x30, 0x8, 0xff, 0xbd, 0xff, 0x20, 0x0, 0x8f,
    0xff, 0xc3, 0x0, 0x0, 0x0, 0x11, 0x0, 0x0,

    /* U+1EC2 "Ể" */
    0x0, 0x0, 0x3, 0x42, 0x0, 0x0, 0x0, 0xaf,
    0xf4, 0x0, 0x7b, 0xb3, 0x7f, 0x40, 0x7f, 0xbe,
    0xe3, 0x10, 0x18, 0x70, 0x28, 0x60, 0x7, 0xbb,
    0xbb, 0xbb, 0x50, 0xbf, 0xff, 0xff, 0xf7, 0xb,
    0xfc, 0x66, 0x66, 0x20, 0xbf, 0xa0, 0x0, 0x0,
    0xb, 0xfa, 0x0, 0x0, 0x0, 0xbf, 0xff, 0xff,
    0xe0, 0xb, 0xff, 0xff, 0xfe, 0x0, 0xbf, 0xa0,
    0x0, 0x0, 0xb, 0xfa, 0x0, 0x0, 0x0, 0xbf,
    0xa0, 0x0, 0x0, 0xb, 0xff, 0xff, 0xff, 0x70,
    0xbf, 0xff, 0xff, 0xf7, 0x0,

    /* U+1EC3 "ể" */
    0x0, 0x0, 0x0, 0x22, 0x0, 0x0, 0x0, 0x0,
    0xef, 0xf3, 0x0, 0x0, 0x0, 0x27, 0xf5, 0x0,
    0x5, 0x98, 0x2b, 0xb0, 0x0, 0x5f, 0xdf, 0xd1,
    0x0, 0x1, 0xaa, 0x14, 0xb8, 0x0, 0x0, 0x0,
    0x0, 0x0, 0x0, 0x0, 0x5c, 0xee, 0xa1, 0x0,
    0x6, 0xff, 0xef, 0xfe, 0x10, 0xd, 0xf9, 0x1,
    0xef, 0x70, 0xf, 0xf6, 0x33, 0xbf, 0x90, 0xf,
    0xff, 0xff, 0xff, 0xa0, 0xf, 0xf6, 0x22, 0x22,
    0x10, 0xe, 0xf7, 0x0, 0x66, 0x30, 0x8, 0xff,
    0xbd, 0xff, 0x20, 0x0, 0x8f, 0xff, 0xc3, 0x0,
    0x0, 0x0, 0x11, 0x0, 0x0,

    /* U+1EC4 "Ễ" */
    0x1, 0x42, 0x2, 0x20, 0xd, 0xff, 0xdf, 0x80,
    0x5, 0x44, 0x87, 0x0, 0x8, 0xfa, 0xef, 0x30,
    0x28, 0x70, 0x28, 0x60, 0x7b, 0xbb, 0xbb, 0xb5,
    0xbf, 0xff, 0xff, 0xf7, 0xbf, 0xc6, 0x66, 0x62,
    0xbf, 0xa0, 0x0, 0x0, 0xbf, 0xa0, 0x0, 0x0,
    0xbf, 0xff, 0xff, 0xe0, 0xbf, 0xff, 0xff, 0xe0,
    0xbf, 0xa0, 0x0, 0x0, 0xbf, 0xa0, 0x0, 0x0,
    0xbf, 0xa0, 0x0, 0x0, 0xbf, 0xff, 0xff, 0xf7,
    0xbf, 0xff, 0xff, 0xf7,

    /* U+1EC5 "ễ" */
    0x0, 0x27, 0x50, 0x44, 0x0, 0xd, 0xff, 0xbe,
    0x90, 0x0, 0xb3, 0x3b, 0xa1, 0x0, 0x0, 0x59,
    0x81, 0x0, 0x0, 0x5f, 0xdf, 0xd1, 0x0, 0x1a,
    0xa1, 0x4b, 0x80, 0x0, 0x0, 0x0, 0x0, 0x0,
    0x5, 0xce, 0xea, 0x10, 0x6, 0xff, 0xef, 0xfe,
    0x10, 0xdf, 0x90, 0x1e, 0xf7, 0xf, 0xf6, 0x33,
    0xbf, 0x90, 0xff, 0xff, 0xff, 0xfa, 0xf, 0xf6,
    0x22, 0x22, 0x10, 0xef, 0x70, 0x6, 0x63, 0x8,
    0xff, 0xbd, 0xff, 0x20, 0x8, 0xff, 0xfc, 0x30,
    0x0, 0x0, 0x11, 0x0, 0x0,

    /* U+1EC6 "Ệ" */
    0x0, 0x13, 0x30, 0x0, 0x1, 0xef, 0xf9, 0x0,
    0x1d, 0xf4, 0xaf, 0x80, 0x0, 0x0, 0x0, 0x0,
    0x7b, 0xbb, 0xbb, 0xb5, 0xbf, 0xff, 0xff, 0xf7,
    0xbf, 0xc6, 0x66, 0x62, 0xbf, 0xa0, 0x0, 0x0,
    0xbf, 0xa0, 0x0, 0x0, 0xbf, 0xff, 0xff, 0xe0,
    0xbf, 0xff, 0xff, 0xe0, 0xbf, 0xa0, 0x0, 0x0,
    0xbf, 0xa0, 0x0, 0x0, 0xbf, 0xa0, 0x0, 0x0,
    0xbf, 0xff, 0xff, 0xf7, 0xbf, 0xff, 0xff, 0xf7,
    0x0, 0x0, 0x0, 0x0, 0x0, 0x9, 0xb2, 0x0,
    0x0, 0x4f, 0xf8, 0x0, 0x0, 0x9, 0xa2, 0x0,

    /* U+1EC7 "ệ" */
    0x0, 0x4, 0x98, 0x20, 0x0, 0x4, 0xfd, 0xfe,
    0x10, 0x1, 0xaa, 0x14, 0xb8, 0x0, 0x0, 0x0,
    0x0, 0x0, 0x0, 0x5c, 0xee, 0xa1, 0x0, 0x6f,
    0xfe, 0xff, 0xe1, 0xd, 0xf9, 0x1, 0xef, 0x70,
    0xff, 0x63, 0x3b, 0xf9, 0xf, 0xff, 0xff, 0xff,
    0xa0, 0xff, 0x62, 0x22, 0x21, 0xe, 0xf7, 0x0,
    0x66, 0x30, 0x8f, 0xfb, 0xdf, 0xf2, 0x0, 0x8f,
    0xff, 0xc3, 0x0, 0x0, 0x1, 0x10, 0x0, 0x0,
    0x3, 0xb9, 0x0, 0x0, 0x0, 0x9f, 0xf2, 0x0,
    0x0, 0x2, 0xa8, 0x0, 0x0,

    /* U+1EC8 "Ỉ" */
    0x0, 0x6c, 0xb3, 0x0, 0x0, 0x59, 0xfb, 0x0,
    0x0, 0x4, 0xf7, 0x0, 0x0, 0x3, 0x40, 0x0,
    0x7b, 0xbb, 0xbb, 0xb3, 0xbf, 0xff, 0xff, 0xf5,
    0x46, 0xaf, 0xf6, 0x62, 0x0, 0x6f, 0xf0, 0x0,
    0x0, 0x6f, 0xf0, 0x0, 0x0, 0x6f, 0xf0, 0x0,
    0x0, 0x6f, 0xf0, 0x0, 0x0, 0x6f, 0xf0, 0x0,
    0x0, 0x6f, 0xf0, 0x0, 0x1, 0x7f, 0xf1, 0x10,
    0xbf, 0xff, 0xff, 0xf5, 0xbf, 0xff, 0xff, 0xf5,

    /* U+1EC9 "ỉ" */
    0x0, 0x35, 0x40, 0x0, 0x0, 0x9f, 0xf9, 0x0,
    0x0, 0x1, 0xfa, 0x0, 0x0, 0x6, 0xa2, 0x0,
    0x0, 0x0, 0x0, 0x0, 0x6c, 0xcc, 0xc5, 0x0,
    0x7f, 0xff, 0xf6, 0x0, 0x25, 0x5e, 0xf6, 0x0,
    0x0, 0xd, 0xf6, 0x0, 0x0, 0xd, 0xf6, 0x0,
    0x0, 0xd, 0xf6, 0x0, 0x22, 0x2d, 0xf8, 0x22,
    0xef, 0xff, 0xff, 0xff, 0xef, 0xff, 0xff, 0xff,

    /* U+1ECA "Ị" */
    0x7b, 0xbb, 0xbb, 0xb3, 0xbf, 0xff, 0xff, 0xf5,
    0x46, 0xaf, 0xf6, 0x62, 0x0, 0x6f, 0xf0, 0x0,
    0x0, 0x6f, 0xf0, 0x0, 0x0, 0x6f, 0xf0, 0x0,
    0x0, 0x6f, 0xf0, 0x0, 0x0, 0x6f, 0xf0, 0x0,
    0x0, 0x6f, 0xf0, 0x0, 0x1, 0x7f, 0xf1, 0x10,
    0xbf, 0xff, 0xff, 0xf5, 0xbf, 0xff, 0xff, 0xf5,
    0x0, 0x0, 0x0, 0x0, 0x0, 0x1a, 0xa1, 0x0,
    0x0, 0x7f, 0xf5, 0x0, 0x0, 0x1a, 0x90, 0x0,

    /* U+1ECB "ị" */
    0x0, 0x8, 0x91, 0x0, 0x0, 0x4f, 0xf8, 0x0,
    0x0, 0xa, 0xb2, 0x0, 0x0, 0x0, 0x0, 0x0,
    0x6c, 0xcc, 0xc5, 0x0, 0x7f, 0xff, 0xf6, 0x0,
    0x25, 0x5e, 0xf6, 0x0, 0x0, 0xd, 0xf6, 0x0,
    0x0, 0xd, 0xf6, 0x0, 0x0, 0xd, 0xf6, 0x0,
    0x22, 0x2d, 0xf8, 0x22, 0xef, 0xff, 0xff, 0xff,
    0xef, 0xff, 0xff, 0xff, 0x0, 0x0, 0x0, 0x0,
    0x0, 0x9, 0xb2, 0x0, 0x0, 0x4f, 0xf8, 0x0,
    0x0, 0x9, 0xa2, 0x0,

    /* U+1ECC "Ọ" */
    0x0, 0x3a, 0xcc, 0x80, 0x0, 0x4f, 0xff, 0xff,
    0xd0, 0xd, 0xfd, 0x46, 0xff, 0x60, 0xff, 0x60,
    0xc, 0xf9, 0xf, 0xf5, 0x0, 0xcf, 0xa0, 0xff,
    0x50, 0xc, 0xfa, 0xf, 0xf5, 0x0, 0xcf, 0xa0,
    0xff, 0x50, 0xc, 0xfa, 0xf, 0xf5, 0x0, 0xcf,
    0xa0, 0xef, 0xa0, 0x1f, 0xf8, 0x8, 0xff, 0xff,
    0xff, 0x20, 0x8, 0xff, 0xfd, 0x40, 0x0, 0x0,
    0x11, 0x0, 0x0, 0x0, 0x1a, 0xa1, 0x0, 0x0,
    0x7, 0xff, 0x50, 0x0, 0x0, 0x1a, 0x90, 0x0,

    /* U+1ECD "ọ" */
    0x0, 0x5c, 0xee, 0xa1, 0x0, 0x6f, 0xff, 0xff,
    0xe1, 0xd, 0xfc, 0x25, 0xff, 0x70, 0xff, 0x60,
    0xc, 0xf9, 0xf, 0xf5, 0x0, 0xcf, 0xa0, 0xff,
    0x50, 0xc, 0xfa, 0xe, 0xfa, 0x2, 0xff, 0x80,
    0x8f, 0xff, 0xff, 0xf2, 0x0, 0x8f, 0xff, 0xd4,
    0x0, 0x0, 0x1, 0x10, 0x0, 0x0, 0x1, 0xaa,
    0x10, 0x0, 0x0, 0x7f, 0xf5, 0x0, 0x0, 0x1,
    0xa9, 0x0, 0x0,

    /* U+1ECE "Ỏ" */
    0x0, 0x6, 0xcb, 0x30, 0x0, 0x0, 0x59, 0xfb,
    0x0, 0x0, 0x0, 0x4f, 0x70, 0x0, 0x0, 0x3,
    0x40, 0x0, 0x0, 0x3a, 0xcc, 0x80, 0x0, 0x4f,
    0xff, 0xff, 0xd0, 0xd, 0xfd, 0x46, 0xff, 0x60,
    0xff, 0x60, 0xc, 0xf9, 0xf, 0xf5, 0x0, 0xcf,
    0xa0, 0xff, 0x50, 0xc, 0xfa, 0xf, 0xf5, 0x0,
    0xcf, 0xa0, 0xff, 0x50, 0xc, 0xfa, 0xf, 0xf5,
    0x0, 0xcf, 0xa0, 0xef, 0xa0, 0x1f, 0xf8, 0x8,
    0xff, 0xff, 0xff, 0x20, 0x8, 0xff, 0xfd, 0x40,
    0x0, 0x0, 0x11, 0x0, 0x0,

    /* U+1ECF "ỏ" */
    0x0, 0x4, 0x53, 0x0, 0x0, 0x0, 0xcf, 0xf6,
    0x0, 0x0, 0x0, 0x4f, 0x70, 0x0, 0x0, 0x8,
    0x90, 0x0, 0x0, 0x0, 0x0, 0x0, 0x0, 0x5,
    0xce, 0xea, 0x10, 0x6, 0xff, 0xff, 0xfe, 0x10,
    0xdf, 0xc2, 0x5f, 0xf7, 0xf, 0xf6, 0x0, 0xcf,
    0x90, 0xff, 0x50, 0xc, 0xfa, 0xf, 0xf5, 0x0,
    0xcf, 0xa0, 0xef, 0xa0, 0x2f, 0xf8, 0x8, 0xff,
    0xff, 0xff, 0x20, 0x8, 0xff, 0xfd, 0x40, 0x0,
    0x0, 0x11, 0x0, 0x0,

    /* U+1ED0 "Ố" */
    0x0, 0x0, 0x0, 0x0, 0x35, 0x20, 0x0, 0x0,
    0x0, 0x5f, 0xd1, 0x0, 0x7, 0xbb, 0x37, 0x81,
    0x0, 0x7, 0xfb, 0xee, 0x20, 0x0, 0x1, 0x87,
    0x2, 0x86, 0x0, 0x0, 0x3, 0xac, 0xc8, 0x0,
    0x0, 0x4, 0xff, 0xff, 0xfd, 0x0, 0x0, 0xdf,
    0xd4, 0x6f, 0xf6, 0x0, 0xf, 0xf6, 0x0, 0xcf,
    0x90, 0x0, 0xff, 0x50, 0xc, 0xfa, 0x0, 0xf,
    0xf5, 0x0, 0xcf, 0xa0, 0x0, 0xff, 0x50, 0xc,
    0xfa, 0x0, 0xf, 0xf5, 0x0, 0xcf, 0xa0, 0x0,
    0xff, 0x50, 0xc, 0xfa, 0x0, 0xe, 0xfa, 0x1,
    0xff, 0x80, 0x0, 0x8f, 0xff, 0xff, 0xf2, 0x0,
    0x0, 0x8f, 0xff, 0xd4, 0x0, 0x0, 0x0, 0x1,
    0x10, 0x0, 0x0,

    /* U+1ED1 "ố" */
    0x0, 0x0, 0x0, 0x0, 0x36, 0x40, 0x0, 0x0,
    0x0, 0x2f, 0xe2, 0x0, 0x5, 0x98, 0x2b, 0xd3,
    0x0, 0x5, 0xfd, 0xfd, 0x10, 0x0, 0x1, 0xaa,
    0x14, 0xb8, 0x0, 0x0, 0x0, 0x0, 0x0, 0x0,
    0x0, 0x0, 0x5c, 0xee, 0xa1, 0x0, 0x0, 0x6f,
    0xff, 0xff, 0xe1, 0x0, 0xd, 0xfc, 0x25, 0xff,
    0x70, 0x0, 0xff, 0x60, 0xc, 0xf9, 0x0, 0xf,
    0xf5, 0x0, 0xcf, 0xa0, 0x0, 0xff, 0x50, 0xc,
    0xfa, 0x0, 0xe, 0xfa, 0x2, 0xff, 0x80, 0x0,
    0x8f, 0xff, 0xff, 0xf2, 0x0, 0x0, 0x8f, 0xff,
    0xd4, 0x0, 0x0, 0x0, 0x1, 0x10, 0x0, 0x0,

    /* U+1ED2 "Ồ" */
    0x0, 0x0, 0x2, 0x54, 0x0, 0x0, 0x0, 0x0,
    0xbf, 0x80, 0x0, 0x7, 0xbb, 0x37, 0x81, 0x0,
    0x7f, 0xbe, 0xe2, 0x0, 0x1, 0x87, 0x2, 0x86,
    0x0, 0x0, 0x3a, 0xcc, 0x80, 0x0, 0x4, 0xff,
    0xff, 0xfd, 0x0, 0xd, 0xfd, 0x46, 0xff, 0x60,
    0xf, 0xf6, 0x0, 0xcf, 0x90, 0xf, 0xf5, 0x0,
    0xcf, 0xa0, 0xf, 0xf5, 0x0, 0xcf, 0xa0, 0xf,
    0xf5, 0x0, 0xcf, 0xa0, 0xf, 0xf5, 0x0, 0xcf,
    0xa0, 0xf, 0xf5, 0x0, 0xcf, 0xa0, 0xe, 0xfa,
    0x1, 0xff, 0x80, 0x8, 0xff, 0xff, 0xff, 0x20,
    0x0, 0x8f, 0xff, 0xd4, 0x0, 0x0, 0x0, 0x11,
    0x0, 0x0,

    /* U+1ED3 "ồ" */
    0x0, 0x0, 0x1, 0x66, 0x0, 0x0, 0x0, 0x0,
    0xaf, 0x90, 0x0, 0x5, 0x98, 0x2a, 0xd5, 0x0,
    0x5f, 0xdf, 0xd1, 0x0, 0x1, 0xaa, 0x14, 0xb8,
    0x0, 0x0, 0x0, 0x0, 0x0, 0x0, 0x0, 0x5c,
    0xee, 0xa1, 0x0, 0x6, 0xff, 0xff, 0xfe, 0x10,
    0xd, 0xfc, 0x25, 0xff, 0x70, 0xf, 0xf6, 0x0,
    0xcf, 0x90, 0xf, 0xf5, 0x0, 0xcf, 0xa0, 0xf,
    0xf5, 0x0, 0xcf, 0xa0, 0xe, 0xfa, 0x2, 0xff,
    0x80, 0x8, 0xff, 0xff, 0xff, 0x20, 0x0, 0x8f,
    0xff, 0xd4, 0x0, 0x0, 0x0, 0x11, 0x0, 0x0,

    /* U+1ED4 "Ổ" */
    0x0, 0x0, 0x0, 0x34, 0x20, 0x0, 0x0, 0x0,
    0xaf, 0xf4, 0x0, 0x7, 0xbb, 0x37, 0xf4, 0x0,
    0x7f, 0xbe, 0xe3, 0x10, 0x1, 0x87, 0x2, 0x86,
    0x0, 0x0, 0x3a, 0xcc, 0x80, 0x0, 0x4, 0xff,
    0xff, 0xfd, 0x0, 0xd, 0xfd, 0x46, 0xff, 0x60,
    0xf, 0xf6, 0x0, 0xcf, 0x90, 0xf, 0xf5, 0x0,
    0xcf, 0xa0, 0xf, 0xf5, 0x0, 0xcf, 0xa0, 0xf,
    0xf5, 0x0, 0xcf, 0xa0, 0xf, 0xf5, 0x0, 0xcf,
    0xa0, 0xf, 0xf5, 0x0, 0xcf, 0xa0, 0xe, 0xfa,
    0x1, 0xff, 0x80, 0x8, 0xff, 0xff, 0xff, 0x20,
    0x0, 0x8f, 0xff, 0xd4, 0x0, 0x0, 0x0, 0x11,
    0x0, 0x0,

    /* U+1ED5 "ổ" */
    0x0, 0x0, 0x0, 0x22, 0x0, 0x0, 0x0, 0x0,
    0xef, 0xf3, 0x0, 0x0, 0x0, 0x27, 0xf5, 0x0,
    0x5, 0x98, 0x2b, 0xb0, 0x0, 0x5f, 0xdf, 0xd1,
    0x0, 0x1, 0xaa, 0x14, 0xb8, 0x0, 0x0, 0x0,
    0x0, 0x0, 0x0, 0x0, 0x5c, 0xee, 0xa1, 0x0,
    0x6, 0xff, 0xff, 0xfe, 0x10, 0xd, 0xfc, 0x25,
    0xff, 0x70, 0xf, 0xf6, 0x0, 0xcf, 0x90, 0xf,
    0xf5, 0x0, 0xcf, 0xa0, 0xf, 0xf5, 0x0, 0xcf,
    0xa0, 0xe, 0xfa, 0x2, 0xff, 0x80, 0x8, 0xff,
    0xff, 0xff, 0x20, 0x0, 0x8f, 0xff, 0xd4, 0x0,
    0x0, 0x0, 0x11, 0x0, 0x0,

    /* U+1ED6 "Ỗ" */
    0x0, 0x14, 0x20, 0x22, 0x0, 0xd, 0xff, 0xdf,
    0x80, 0x0, 0x54, 0x48, 0x70, 0x0, 0x8, 0xfa,
    0xef, 0x30, 0x2, 0x87, 0x2, 0x86, 0x0, 0x3,
    0xac, 0xc8, 0x0, 0x4, 0xff, 0xff, 0xfd, 0x0,
    0xdf, 0xd4, 0x6f, 0xf6, 0xf, 0xf6, 0x0, 0xcf,
    0x90, 0xff, 0x50, 0xc, 0xfa, 0xf, 0xf5, 0x0,
    0xcf, 0xa0, 0xff, 0x50, 0xc, 0xfa, 0xf, 0xf5,
    0x0, 0xcf, 0xa0, 0xff, 0x50, 0xc, 0xfa, 0xe,
    0xfa, 0x1, 0xff, 0x80, 0x8f, 0xff, 0xff, 0xf2,
    0x0, 0x8f, 0xff, 0xd4, 0x0, 0x0, 0x1, 0x10,
    0x0,

    /* U+1ED7 "ỗ" */
    0x0, 0x27, 0x50, 0x44, 0x0, 0xd, 0xff, 0xbe,
    0x90, 0x0, 0xb3, 0x3b, 0xa1, 0x0, 0x0, 0x59,
    0x81, 0x0, 0x0, 0x5f, 0xdf, 0xd1, 0x0, 0x1a,
    0xa1, 0x4b, 0x80, 0x0, 0x0, 0x0, 0x0, 0x0,
    0x5, 0xce, 0xea, 0x10, 0x6, 0xff, 0xff, 0xfe,
    0x10, 0xdf, 0xc2, 0x5f, 0xf7, 0xf, 0xf6, 0x0,
    0xcf, 0x90, 0xff, 0x50, 0xc, 0xfa, 0xf, 0xf5,
    0x0, 0xcf, 0xa0, 0xef, 0xa0, 0x2f, 0xf8, 0x8,
    0xff, 0xff, 0xff, 0x20, 0x8, 0xff, 0xfd, 0x40,
    0x0, 0x0, 0x11, 0x0, 0x0,

    /* U+1ED8 "Ộ" */
    0x0, 0x1, 0x33, 0x0, 0x0, 0x1, 0xef, 0xf9,
    0x0, 0x1, 0xdf, 0x4a, 0xf8, 0x0, 0x0, 0x0,
    0x0, 0x0, 0x0, 0x3a, 0xcc, 0x80, 0x0, 0x4f,
    0xff, 0xff, 0xd0, 0xd, 0xfd, 0x46, 0xff, 0x60,
    0xff, 0x60, 0xc, 0xf9, 0xf, 0xf5, 0x0, 0xcf,
    0xa0, 0xff, 0x50, 0xc, 0xfa, 0xf, 0xf5, 0x0,
    0xcf, 0xa0, 0xff, 0x50, 0xc, 0xfa, 0xf, 0xf5,
    0x0, 0xcf, 0xa0, 0xef, 0xa0, 0x1f, 0xf8, 0x8,
    0xff, 0xff, 0xff, 0x20, 0x8, 0xff, 0xfd, 0x40,
    0x0, 0x0, 0x11, 0x0, 0x0, 0x0, 0x3b, 0x90,
    0x0, 0x0, 0x9, 0xff, 0x20, 0x0, 0x0, 0x2a,
    0x80, 0x0,

    /* U+1ED9 "ộ" */
    0x0, 0x5, 0x98, 0x10, 0x0, 0x5, 0xfd, 0xfd,
    0x10, 0x1, 0xaa, 0x14, 0xb8, 0x0, 0x0, 0x0,
    0x0, 0x0, 0x0, 0x5c, 0xee, 0xa1, 0x0, 0x6f,
    0xff, 0xff, 0xe1, 0xd, 0xfc, 0x25, 0xff, 0x70,
    0xff, 0x60, 0xc, 0xf9, 0xf, 0xf5, 0x0, 0xcf,
    0xa0, 0xff, 0x50, 0xc, 0xfa, 0xe, 0xfa, 0x2,
    0xff, 0x80, 0x8f, 0xff, 0xff, 0xf2, 0x0, 0x8f,
    0xff, 0xd4, 0x0, 0x0, 0x1, 0x10, 0x0, 0x0,
    0x1, 0xaa, 0x10, 0x0, 0x0, 0x7f, 0xf5, 0x0,
    0x0, 0x1, 0xa9, 0x0, 0x0,

    /* U+1EDA "Ớ" */
    0x0, 0x0, 0x3, 0x31, 0x0, 0x0, 0x0, 0x9f,
    0xd0, 0x0, 0x0, 0x5, 0xfe, 0x20, 0x0, 0x0,
    0x0, 0x0, 0x8, 0xf5, 0x0, 0x3a, 0xcc, 0x8b,
    0xf5, 0x4, 0xff, 0xff, 0xff, 0xd0, 0xd, 0xfd,
    0x46, 0xff, 0x70, 0xf, 0xf6, 0x0, 0xcf, 0x90,
    0xf, 0xf5, 0x0, 0xcf, 0xa0, 0xf, 0xf5, 0x0,
    0xcf, 0xa0, 0xf, 0xf5, 0x0, 0xcf, 0xa0, 0xf,
    0xf5, 0x0, 0xcf, 0xa0, 0xf, 0xf5, 0x0, 0xcf,
    0xa0, 0xe, 0xfa, 0x1, 0xff, 0x80, 0x8, 0xff,
    0xff, 0xff, 0x20, 0x0, 0x8f, 0xff, 0xd4, 0x0,
    0x0, 0x0, 0x11, 0x0, 0x0,

    /* U+1EDB "ớ" */
    0x0, 0x0, 0x29, 0x92, 0x0, 0x0, 0x0, 0xdf,
    0x90, 0x0, 0x0, 0x5, 0xb9, 0x2, 0x31, 0x0,
    0x0, 0x0, 0xa, 0xf4, 0x0, 0x5c, 0xee, 0xae,
    0xf2, 0x6, 0xff, 0xff, 0xff, 0x90, 0xd, 0xfc,
    0x25, 0xff, 0x70, 0xf, 0xf6, 0x0, 0xcf, 0x90,
    0xf, 0xf5, 0x0, 0xcf, 0xa0, 0xf, 0xf5, 0x0,
    0xcf, 0xa0, 0xe, 0xfa, 0x2, 0xff, 0x80, 0x8,
    0xff, 0xff, 0xff, 0x20, 0x0, 0x8f, 0xff, 0xd4,
    0x0, 0x0, 0x0, 0x11, 0x0, 0x0,

    /* U+1EDC "Ờ" */
    0x0, 0x33, 0x10, 0x0, 0x0, 0x0, 0xaf, 0xd0,
    0x0, 0x0, 0x0, 0xc, 0xfa, 0x0, 0x0, 0x0,
    0x0, 0x0, 0x8, 0xf5, 0x0, 0x3a, 0xcc, 0x8b,
    0xf5, 0x4, 0xff, 0xff, 0xff, 0xd0, 0xd, 0xfd,
    0x46, 0xff, 0x70, 0xf, 0xf6, 0x0, 0xcf, 0x90,
    0xf, 0xf5, 0x0, 0xcf, 0xa0, 0xf, 0xf5, 0x0,
    0xcf, 0xa0, 0xf, 0xf5, 0x0, 0xcf, 0xa0, 0xf,
    0xf5, 0x0, 0xcf, 0xa0, 0xf, 0xf5, 0x0, 0xcf,
    0xa0, 0xe, 0xfa, 0x1, 0xff, 0x80, 0x8, 0xff,
    0xff, 0xff, 0x20, 0x0, 0x8f, 0xff, 0xd4, 0x0,
    0x0, 0x0, 0x11, 0x0, 0x0,

    /* U+1EDD "ờ" */
    0x0, 0x89, 0x50, 0x0, 0x0, 0x0, 0x5f, 0xf3,
    0x0, 0x0, 0x0, 0x7, 0xb8, 0x2, 0x31, 0x0,
    0x0, 0x0, 0xa, 0xf4, 0x0, 0x5c, 0xee, 0xae,
    0xf2, 0x6, 0xff, 0xff, 0xff, 0x90, 0xd, 0xfc,
    0x25, 0xff, 0x70, 0xf, 0xf6, 0x0, 0xcf, 0x90,
    0xf, 0xf5, 0x0, 0xcf, 0xa0, 0xf, 0xf5, 0x0,
    0xcf, 0xa0, 0xe, 0xfa, 0x2, 0xff, 0x80, 0x8,
    0xff, 0xff, 0xff, 0x20, 0x0, 0x8f, 0xff, 0xd4,
    0x0, 0x0, 0x0, 0x11, 0x0, 0x0,

    /* U+1EDE "Ở" */
    0x0, 0x9, 0xca, 0x10, 0x0, 0x0, 0x7, 0xaf,
    0x80, 0x0, 0x0, 0x0, 0x7f, 0x30, 0x0, 0x0,
    0x0, 0x43, 0x8, 0xf5, 0x0, 0x3a, 0xcc, 0x8b,
    0xf5, 0x4, 0xff, 0xff, 0xff, 0xd0, 0xd, 0xfd,
    0x46, 0xff, 0x70, 0xf, 0xf6, 0x0, 0xcf, 0x90,
    0xf, 0xf5, 0x0, 0xcf, 0xa0, 0xf, 0xf5, 0x0,
    0xcf, 0xa0, 0xf, 0xf5, 0x0, 0xcf, 0xa0, 0xf,
    0xf5, 0x0, 0xcf, 0xa0, 0xf, 0xf5, 0x0, 0xcf,
    0xa0, 0xe, 0xfa, 0x1, 0xff, 0x80, 0x8, 0xff,
    0xff, 0xff, 0x20, 0x0, 0x8f, 0xff, 0xd4, 0x0,
    0x0, 0x0, 0x11, 0x0, 0x0,

    /* U+1EDF "ở" */
    0x0, 0x4, 0x53, 0x0, 0x0, 0x0, 0xc, 0xff,
    0x60, 0x0, 0x0, 0x0, 0x4f, 0x70, 0x0, 0x0,
    0x0, 0x89, 0x2, 0x31, 0x0, 0x0, 0x0, 0xa,
    0xf4, 0x0, 0x5c, 0xee, 0xae, 0xf2, 0x6, 0xff,
    0xff, 0xff, 0x90, 0xd, 0xfc, 0x25, 0xff, 0x70,
    0xf, 0xf6, 0x0, 0xcf, 0x90, 0xf, 0xf5, 0x0,
    0xcf, 0xa0, 0xf, 0xf5, 0x0, 0xcf, 0xa0, 0xe,
    0xfa, 0x2, 0xff, 0x80, 0x8, 0xff, 0xff, 0xff,
    0x20, 0x0, 0x8f, 0xff, 0xd4, 0x0, 0x0, 0x0,
    0x11, 0x0, 0x0,

    /* U+1EE0 "Ỡ" */
    0x0, 0x14, 0x10, 0x32, 0x0, 0x0, 0xef, 0xf8,
    0xf7, 0x0, 0x3, 0xf6, 0xcf, 0xe2, 0x0, 0x0,
    0x20, 0x2, 0x8, 0xf5, 0x0, 0x3a, 0xcc, 0x8b,
    0xf5, 0x4, 0xff, 0xff, 0xff, 0xd0, 0xd, 0xfd,
    0x46, 0xff, 0x70, 0xf, 0xf6, 0x0, 0xcf, 0x90,
    0xf, 0xf5, 0x0, 0xcf, 0xa0, 0xf, 0xf5, 0x0,
    0xcf, 0xa0, 0xf, 0xf5, 0x0, 0xcf, 0xa0, 0xf,
    0xf5, 0x0, 0xcf, 0xa0, 0xf, 0xf5, 0x0, 0xcf,
    0xa0, 0xe, 0xfa, 0x1, 0xff, 0x80, 0x8, 0xff,
    0xff, 0xff, 0x20, 0x0, 0x8f, 0xff, 0xd4, 0x0,
    0x0, 0x0, 0x11, 0x0, 0x0,

    /* U+1EE1 "ỡ" */
    0x0, 0x5a, 0x70, 0x85, 0x0, 0x1, 0xff, 0xfd,
    0xf6, 0x0, 0x2, 0xc2, 0x6c, 0xa2, 0x31, 0x0,
    0x0, 0x0, 0xa, 0xf4, 0x0, 0x5c, 0xee, 0xae,
    0xf2, 0x6, 0xff, 0xff, 0xff, 0x90, 0xd, 0xfc,
    0x25, 0xff, 0x70, 0xf, 0xf6, 0x0, 0xcf, 0x90,
    0xf, 0xf5, 0x0, 0xcf, 0xa0, 0xf, 0xf5, 0x0,
    0xcf, 0xa0, 0xe, 0xfa, 0x2, 0xff, 0x80, 0x8,
    0xff, 0xff, 0xff, 0x20, 0x0, 0x8f, 0xff, 0xd4,
    0x0, 0x0, 0x0, 0x11, 0x0, 0x0,

    /* U+1EE2 "Ợ" */
    0x0, 0x0, 0x0, 0x8, 0xf5, 0x0, 0x3a, 0xcc,
    0x8b, 0xf5, 0x4, 0xff, 0xff, 0xff, 0xd0, 0xd,
    0xfd, 0x46, 0xff, 0x70, 0xf, 0xf6, 0x0, 0xcf,
    0x90, 0xf, 0xf5, 0x0, 0xcf, 0xa0, 0xf, 0xf5,
    0x0, 0xcf, 0xa0, 0xf, 0xf5, 0x0, 0xcf, 0xa0,
    0xf, 0xf5, 0x0, 0xcf, 0xa0, 0xf, 0xf5, 0x0,
    0xcf, 0xa0, 0xe, 0xfa, 0x1, 0xff, 0x80, 0x8,
    0xff, 0xff, 0xff, 0x20, 0x0, 0x8f, 0xff, 0xd4,
    0x0, 0x0, 0x0, 0x11, 0x0, 0x0, 0x0, 0x1,
    0xaa, 0x10, 0x0, 0x0, 0x7, 0xff, 0x50, 0x0,
    0x0, 0x1, 0xa9, 0x0, 0x0,

    /* U+1EE3 "ợ" */
    0x0, 0x0, 0x0, 0x2, 0x31, 0x0, 0x0, 0x0,
    0xa, 0xf4, 0x0, 0x5c, 0xee, 0xae, 0xf2, 0x6,
    0xff, 0xff, 0xff, 0x90, 0xd, 0xfc, 0x25, 0xff,
    0x70, 0xf, 0xf6, 0x0, 0xcf, 0x90, 0xf, 0xf5,
    0x0, 0xcf, 0xa0, 0xf, 0xf5, 0x0, 0xcf, 0xa0,
    0xe, 0xfa, 0x2, 0xff, 0x80, 0x8, 0xff, 0xff,
    0xff, 0x20, 0x0, 0x8f, 0xff, 0xd4, 0x0, 0x0,
    0x0, 0x11, 0x0, 0x0, 0x0, 0x1, 0xaa, 0x10,
    0x0, 0x0, 0x7, 0xff, 0x50, 0x0, 0x0, 0x1,
    0xa9, 0x0, 0x0,

    /* U+1EE4 "Ụ" */
    0xb, 0xb3, 0x0, 0x8b, 0x70, 0xff, 0x50, 0xc,
    0xfa, 0xf, 0xf5, 0x0, 0xcf, 0xa0, 0xff, 0x50,
    0xc, 0xfa, 0xf, 0xf5, 0x0, 0xcf, 0xa0, 0xff,
    0x50, 0xc, 0xfa, 0xf, 0xf5, 0x0, 0xcf, 0xa0,
    0xff, 0x50, 0xc, 0xfa, 0xf, 0xf5, 0x0, 0xcf,
    0xa0, 0xef, 0xa0, 0x2f, 0xf8, 0x8, 0xff, 0xff,
    0xff, 0x20, 0x8, 0xff, 0xfd, 0x30, 0x0, 0x0,
    0x10, 0x0, 0x0, 0x0, 0x3b, 0x90, 0x0, 0x0,
    0x9, 0xff, 0x20, 0x0, 0x0, 0x2a, 0x80, 0x0,

    /* U+1EE5 "ụ" */
    0xcc, 0x50, 0xa, 0xc7, 0xff, 0x60, 0xd, 0xf9,
    0xff, 0x60, 0xd, 0xf9, 0xff, 0x60, 0xd, 0xf9,
    0xff, 0x60, 0xd, 0xf9, 0xff, 0x60, 0xd, 0xf9,
    0xdf, 0xb0, 0x2f, 0xf7, 0x6f, 0xff, 0xff, 0xf1,
    0x7, 0xff, 0xfc, 0x30, 0x0, 0x1, 0x0, 0x0,
    0x0, 0x3b, 0x90, 0x0, 0x0, 0x9f, 0xf2, 0x0,
    0x0, 0x2a, 0x80, 0x0,

    /* U+1EE6 "Ủ" */
    0x0, 0x9, 0xca, 0x10, 0x0, 0x0, 0x7a, 0xf8,
    0x0, 0x0, 0x0, 0x7f, 0x30, 0x0, 0x0, 0x4,
    0x30, 0x0, 0xb, 0xb3, 0x0, 0x8b, 0x70, 0xff,
    0x50, 0xc, 0xfa, 0xf, 0xf5, 0x0, 0xcf, 0xa0,
    0xff, 0x50, 0xc, 0xfa, 0xf, 0xf5, 0x0, 0xcf,
    0xa0, 0xff, 0x50, 0xc, 0xfa, 0xf, 0xf5, 0x0,
    0xcf, 0xa0, 0xff, 0x50, 0xc, 0xfa, 0xf, 0xf5,
    0x0, 0xcf, 0xa0, 0xef, 0xa0, 0x2f, 0xf8, 0x8,
    0xff, 0xff, 0xff, 0x20, 0x8, 0xff, 0xfd, 0x30,
    0x0, 0x0, 0x10, 0x0, 0x0,

    /* U+1EE7 "ủ" */
    0x0, 0x45, 0x30, 0x0, 0x0, 0xcf, 0xf6, 0x0,
    0x0, 0x4, 0xf7, 0x0, 0x0, 0x8, 0x90, 0x0,
    0x0, 0x0, 0x0, 0x0, 0xcc, 0x50, 0xa, 0xc7,
    0xff, 0x60, 0xd, 0xf9, 0xff, 0x60, 0xd, 0xf9,
    0xff, 0x60, 0xd, 0xf9, 0xff, 0x60, 0xd, 0xf9,
    0xff, 0x60, 0xd, 0xf9, 0xdf, 0xb0, 0x2f, 0xf7,
    0x6f, 0xff, 0xff, 0xf1, 0x7, 0xff, 0xfc, 0x30,
    0x0, 0x1, 0x0, 0x0,

    /* U+1EE8 "Ứ" */
    0x0, 0x0, 0x3, 0x31, 0x0, 0x0, 0x0, 0x7,
    0xfe, 0x20, 0x0, 0x0, 0x3, 0xff, 0x40, 0x37,
    0x20, 0x0, 0x0, 0x0, 0x8, 0xf6, 0xb, 0xb3,
    0x0, 0x8b, 0xef, 0x40, 0xff, 0x50, 0xc, 0xfe,
    0x70, 0xf, 0xf5, 0x0, 0xcf, 0xa0, 0x0, 0xff,
    0x50, 0xc, 0xfa, 0x0, 0xf, 0xf5, 0x0, 0xcf,
    0xa0, 0x0, 0xff, 0x50, 0xc, 0xfa, 0x0, 0xf,
    0xf5, 0x0, 0xcf, 0xa0, 0x0, 0xff, 0x50, 0xc,
    0xfa, 0x0, 0xf, 0xf5, 0x0, 0xcf, 0xa0, 0x0,
    0xef, 0xa0, 0x2f, 0xf8, 0x0, 0x8, 0xff, 0xff,
    0xff, 0x20, 0x0, 0x8, 0xff, 0xfd, 0x30, 0x0,
    0x0, 0x0, 0x10, 0x0, 0x0, 0x0,

    /* U+1EE9 "ứ" */
    0x0, 0x4, 0x98, 0x10, 0x0, 0x0, 0x1e, 0xf7,
    0x0, 0x0, 0x0, 0x7b, 0x80, 0x6, 0x91, 0x0,
    0x0, 0x0, 0xc, 0xf2, 0xcc, 0x50, 0x5c, 0xdf,
    0xe0, 0xff, 0x60, 0x7f, 0xfb, 0x30, 0xff, 0x60,
    0x7f, 0xf0, 0x0, 0xff, 0x60, 0x7f, 0xf0, 0x0,
    0xff, 0x60, 0x7f, 0xf0, 0x0, 0xff, 0x60, 0x7f,
    0xe0, 0x0, 0xdf, 0xa0, 0xaf, 0xc0, 0x0, 0x8f,
    0xff, 0xff, 0x70, 0x0, 0x9, 0xff, 0xf9, 0x0,
    0x0, 0x0, 0x1, 0x0, 0x0, 0x0,

    /* U+1EEA "Ừ" */
    0x0, 0x33, 0x20, 0x0, 0x0, 0x0, 0x7, 0xff,
    0x20, 0x0, 0x0, 0x0, 0xa, 0xfc, 0x0, 0x37,
    0x20, 0x0, 0x0, 0x0, 0x8, 0xf6, 0xb, 0xb3,
    0x0, 0x8b, 0xef, 0x40, 0xff, 0x50, 0xc, 0xfe,
    0x70, 0xf, 0xf5, 0x0, 0xcf, 0xa0, 0x0, 0xff,
    0x50, 0xc, 0xfa, 0x0, 0xf, 0xf5, 0x0, 0xcf,
    0xa0, 0x0, 0xff, 0x50, 0xc, 0xfa, 0x0, 0xf,
    0xf5, 0x0, 0xcf, 0xa0, 0x0, 0xff, 0x50, 0xc,
    0xfa, 0x0, 0xf, 0xf5, 0x0, 0xcf, 0xa0, 0x0,
    0xef, 0xa0, 0x2f, 0xf8, 0x0, 0x8, 0xff, 0xff,
    0xff, 0x20, 0x0, 0x8, 0xff, 0xfd, 0x30, 0x0,
    0x0, 0x0, 0x10, 0x0, 0x0, 0x0,

    /* U+1EEB "ừ" */
    0x18, 0x93, 0x0, 0x0, 0x0, 0x8, 0xfe, 0x10,
    0x0, 0x0, 0x0, 0x8b, 0x70, 0x6, 0x91, 0x0,
    0x0, 0x0, 0xc, 0xf2, 0xcc, 0x50, 0x5c, 0xdf,
    0xe0, 0xff, 0x60, 0x7f, 0xfb, 0x30, 0xff, 0x60,
    0x7f, 0xf0, 0x0, 0xff, 0x60, 0x7f, 0xf0, 0x0,
    0xff, 0x60, 0x7f, 0xf0, 0x0, 0xff, 0x60, 0x7f,
    0xe0, 0x0, 0xdf, 0xa0, 0xaf, 0xc0, 0x0, 0x8f,
    0xff, 0xff, 0x70, 0x0, 0x9, 0xff, 0xf9, 0x0,
    0x0, 0x0, 0x1, 0x0, 0x0, 0x0,

    /* U+1EEC "Ử" */
    0x0, 0x9, 0xca, 0x10, 0x0, 0x0, 0x0, 0x7a,
    0xf8, 0x0, 0x0, 0x0, 0x0, 0x7f, 0x30, 0x37,
    0x20, 0x0, 0x4, 0x30, 0x8, 0xf6, 0xb, 0xb3,
    0x0, 0x8b, 0xef, 0x40, 0xff, 0x50, 0xc, 0xfe,
    0x70, 0xf, 0xf5, 0x0, 0xcf, 0xa0, 0x0, 0xff,
    0x50, 0xc, 0xfa, 0x0, 0xf, 0xf5, 0x0, 0xcf,
    0xa0, 0x0, 0xff, 0x50, 0xc, 0xfa, 0x0, 0xf,
    0xf5, 0x0, 0xcf, 0xa0, 0x0, 0xff, 0x50, 0xc,
    0xfa, 0x0, 0xf, 0xf5, 0x0, 0xcf, 0xa0, 0x0,
    0xef, 0xa0, 0x2f, 0xf8, 0x0, 0x8, 0xff, 0xff,
    0xff, 0x20, 0x0, 0x8, 0xff, 0xfd, 0x30, 0x0,
    0x0, 0x0, 0x10, 0x0, 0x0, 0x0,

    /* U+1EED "ử" */
    0x0, 0x45, 0x30, 0x0, 0x0, 0x0, 0xcf, 0xf6,
    0x0, 0x0, 0x0, 0x4, 0xf7, 0x0, 0x0, 0x0,
    0x8, 0x90, 0x6, 0x91, 0x0, 0x0, 0x0, 0xc,
    0xf2, 0xcc, 0x50, 0x5c, 0xdf, 0xe0, 0xff, 0x60,
    0x7f, 0xfb, 0x30, 0xff, 0x60, 0x7f, 0xf0, 0x0,
    0xff, 0x60, 0x7f, 0xf0, 0x0, 0xff, 0x60, 0x7f,
    0xf0, 0x0, 0xff, 0x60, 0x7f, 0xe0, 0x0, 0xdf,
    0xa0, 0xaf, 0xc0, 0x0, 0x8f, 0xff, 0xff, 0x70,
    0x0, 0x9, 0xff, 0xf9, 0x0, 0x0, 0x0, 0x1,
    0x0, 0x0, 0x0,

    /* U+1EEE "Ữ" */
    0x0, 0x4, 0x20, 0x33, 0x0, 0x0, 0xc, 0xff,
    0x9d, 0xa0, 0x0, 0x0, 0xf8, 0xaf, 0xf4, 0x37,
    0x20, 0x2, 0x0, 0x21, 0x8, 0xf6, 0xb, 0xb3,
    0x0, 0x8b, 0xef, 0x40, 0xff, 0x50, 0xc, 0xfe,
    0x70, 0xf, 0xf5, 0x0, 0xcf, 0xa0, 0x0, 0xff,
    0x50, 0xc, 0xfa, 0x0, 0xf, 0xf5, 0x0, 0xcf,
    0xa0, 0x0, 0xff, 0x50, 0xc, 0xfa, 0x0, 0xf,
    0xf5, 0x0, 0xcf, 0xa0, 0x0, 0xff, 0x50, 0xc,
    0xfa, 0x0, 0xf, 0xf5, 0x0, 0xcf, 0xa0, 0x0,
    0xef, 0xa0, 0x2f, 0xf8, 0x0, 0x8, 0xff, 0xff,
    0xff, 0x20, 0x0, 0x8, 0xff, 0xfd, 0x30, 0x0,
    0x0, 0x0, 0x10, 0x0, 0x0, 0x0,

    /* U+1EEF "ữ" */
    0x7, 0xa5, 0xa, 0x30, 0x0, 0x4f, 0xff, 0xdf,
    0x30, 0x0, 0x4b, 0x8, 0xc8, 0x6, 0x91, 0x0,
    0x0, 0x0, 0xc, 0xf2, 0xcc, 0x50, 0x5c, 0xdf,
    0xe0, 0xff, 0x60, 0x7f, 0xfb, 0x30, 0xff, 0x60,
    0x7f, 0xf0, 0x0, 0xff, 0x60, 0x7f, 0xf0, 0x0,
    0xff, 0x60, 0x7f, 0xf0, 0x0, 0xff, 0x60, 0x7f,
    0xe0, 0x0, 0xdf, 0xa0, 0xaf, 0xc0, 0x0, 0x8f,
    0xff, 0xff, 0x70, 0x0, 0x9, 0xff, 0xf9, 0x0,
    0x0, 0x0, 0x1, 0x0, 0x0, 0x0,

    /* U+1EF0 "Ự" */
    0x0, 0x0, 0x0, 0x0, 0x37, 0x20, 0x0, 0x0,
    0x0, 0x8, 0xf6, 0xb, 0xb3, 0x0, 0x8b, 0xef,
    0x40, 0xff, 0x50, 0xc, 0xfe, 0x70, 0xf, 0xf5,
    0x0, 0xcf, 0xa0, 0x0, 0xff, 0x50, 0xc, 0xfa,
    0x0, 0xf, 0xf5, 0x0, 0xcf, 0xa0, 0x0, 0xff,
    0x50, 0xc, 0xfa, 0x0, 0xf, 0xf5, 0x0, 0xcf,
    0xa0, 0x0, 0xff, 0x50, 0xc, 0xfa, 0x0, 0xf,
    0xf5, 0x0, 0xcf, 0xa0, 0x0, 0xef, 0xa0, 0x2f,
    0xf8, 0x0, 0x8, 0xff, 0xff, 0xff, 0x20, 0x0,
    0x8, 0xff, 0xfd, 0x30, 0x0, 0x0, 0x0, 0x10,
    0x0, 0x0, 0x0, 0x0, 0x1a, 0xa1, 0x0, 0x0,
    0x0, 0x7, 0xff, 0x50, 0x0, 0x0, 0x0, 0x1a,
    0x90, 0x0, 0x0,

    /* U+1EF1 "ự" */
    0x0, 0x0, 0x0, 0x6, 0x91, 0x0, 0x0, 0x0,
    0xc, 0xf2, 0xcc, 0x50, 0x5c, 0xdf, 0xe0, 0xff,
    0x60, 0x7f, 0xfb, 0x30, 0xff, 0x60, 0x7f, 0xf0,
    0x0, 0xff, 0x60, 0x7f, 0xf0, 0x0, 0xff, 0x60,
    0x7f, 0xf0, 0x0, 0xff, 0x60, 0x7f, 0xe0, 0x0,
    0xdf, 0xa0, 0xaf, 0xc0, 0x0, 0x8f, 0xff, 0xff,
    0x70, 0x0, 0x9, 0xff, 0xf9, 0x0, 0x0, 0x0,
    0x1, 0x0, 0x0, 0x0, 0x0, 0x6b, 0x50, 0x0,
    0x0, 0x0, 0xef, 0xd0, 0x0, 0x0, 0x0, 0x5b,
    0x50, 0x0, 0x0,

    /* U+1EF2 "Ỳ" */
    0x0, 0x33, 0x20, 0x0, 0x0, 0x0, 0x7f, 0xf2,
    0x0, 0x0, 0x0, 0xa, 0xfc, 0x0, 0x0, 0x0,
    0x0, 0x0, 0x0, 0x0, 0x6b, 0x90, 0x0, 0x3b,
    0xb2, 0x3f, 0xf3, 0x0, 0x9f, 0xd0, 0xc, 0xfa,
    0x0, 0xff, 0x60, 0x5, 0xff, 0x16, 0xfe, 0x0,
    0x0, 0xef, 0x7c, 0xf7, 0x0, 0x0, 0x7f, 0xcf,
    0xf1, 0x0, 0x0, 0xf, 0xff, 0x90, 0x0, 0x0,
    0x9, 0xff, 0x20, 0x0, 0x0, 0x6, 0xff, 0x0,
    0x0, 0x0, 0x6, 0xff, 0x0, 0x0, 0x0, 0x6,
    0xff, 0x0, 0x0, 0x0, 0x6, 0xff, 0x0, 0x0,

    /* U+1EF3 "ỳ" */
    0x0, 0x79, 0x60, 0x0, 0x0, 0x0, 0x3f, 0xf5,
    0x0, 0x0, 0x0, 0x5, 0xba, 0x0, 0x0, 0x0,
    0x0, 0x0, 0x0, 0x0, 0x5c, 0xc2, 0x0, 0x5c,
    0xc0, 0x1f, 0xf7, 0x0, 0xbf, 0xb0, 0xa, 0xfd,
    0x1, 0xff, 0x50, 0x4, 0xff, 0x26, 0xff, 0x0,
    0x0, 0xef, 0x7b, 0xfa, 0x0, 0x0, 0x7f, 0xcf,
    0xf4, 0x0, 0x0, 0x1f, 0xff, 0xe0, 0x0, 0x0,
    0xb, 0xff, 0x90, 0x0, 0x0, 0x6, 0xff, 0x30,
    0x0, 0x0, 0x9, 0xfd, 0x0, 0x0, 0x0, 0xf,
    0xf8, 0x0, 0x0, 0x0, 0x4e, 0xe2, 0x0, 0x0,

    /* U+1EF4 "Ỵ" */
    0x6b, 0x90, 0x0, 0x3b, 0xb2, 0x3f, 0xf3, 0x0,
    0x9f, 0xd0, 0xc, 0xfa, 0x0, 0xff, 0x60, 0x5,
    0xff, 0x16, 0xfe, 0x0, 0x0, 0xef, 0x7c, 0xf7,
    0x0, 0x0, 0x7f, 0xcf, 0xf1, 0x0, 0x0, 0xf,
    0xff, 0x90, 0x0, 0x0, 0x9, 0xff, 0x20, 0x0,
    0x0, 0x6, 0xff, 0x0, 0x0, 0x0, 0x6, 0xff,
    0x0, 0x0, 0x0, 0x6, 0xff, 0x0, 0x0, 0x0,
    0x6, 0xff, 0x0, 0x0, 0x0, 0x0, 0x0, 0x0,
    0x0, 0x0, 0x1, 0xaa, 0x10, 0x0, 0x0, 0x7,
    0xff, 0x50, 0x0, 0x0, 0x1, 0xa9, 0x0, 0x0,

    /* U+1EF5 "ỵ" */
    0x5c, 0xc2, 0x0, 0x5c, 0xc0, 0x1f, 0xf7, 0x0,
    0xbf, 0xb0, 0xa, 0xfd, 0x1, 0xff, 0x50, 0x4,
    0xff, 0x26, 0xff, 0x0, 0x0, 0xef, 0x7b, 0xfa,
    0x0, 0x0, 0x7f, 0xcf, 0xf4, 0x0, 0x0, 0x1f,
    0xff, 0xe0, 0x0, 0x0, 0xb, 0xff, 0x90, 0x0,
    0x0, 0x6, 0xff, 0x30, 0x0, 0x0, 0x9, 0xfd,
    0x0, 0x0, 0x0, 0xf, 0xf8, 0x5b, 0x70, 0x0,
    0x4e, 0xe2, 0xcf, 0xf0, 0x0, 0x0, 0x0, 0x4b,
    0x60,

    /* U+1EF6 "Ỷ" */
    0x0, 0x9, 0xca, 0x10, 0x0, 0x0, 0x7, 0xaf,
    0x80, 0x0, 0x0, 0x0, 0x7f, 0x30, 0x0, 0x0,
    0x0, 0x43, 0x0, 0x0, 0x6b, 0x90, 0x0, 0x3b,
    0xb2, 0x3f, 0xf3, 0x0, 0x9f, 0xd0, 0xc, 0xfa,
    0x0, 0xff, 0x60, 0x5, 0xff, 0x16, 0xfe, 0x0,
    0x0, 0xef, 0x7c, 0xf7, 0x0, 0x0, 0x7f, 0xcf,
    0xf1, 0x0, 0x0, 0xf, 0xff, 0x90, 0x0, 0x0,
    0x9, 0xff, 0x20, 0x0, 0x0, 0x6, 0xff, 0x0,
    0x0, 0x0, 0x6, 0xff, 0x0, 0x0, 0x0, 0x6,
    0xff, 0x0, 0x0, 0x0, 0x6, 0xff, 0x0, 0x0,

    /* U+1EF7 "ỷ" */
    0x0, 0x3, 0x54, 0x0, 0x0, 0x0, 0x9, 0xff,
    0x90, 0x0, 0x0, 0x0, 0x1f, 0xa0, 0x0, 0x0,
    0x0, 0x6a, 0x20, 0x0, 0x0, 0x0, 0x0, 0x0,
    0x0, 0x5c, 0xc2, 0x0, 0x5c, 0xc0, 0x1f, 0xf7,
    0x0, 0xbf, 0xb0, 0xa, 0xfd, 0x1, 0xff, 0x50,
    0x4, 0xff, 0x26, 0xff, 0x0, 0x0, 0xef, 0x7b,
    0xfa, 0x0, 0x0, 0x7f, 0xcf, 0xf4, 0x0, 0x0,
    0x1f, 0xff, 0xe0, 0x0, 0x0, 0xb, 0xff, 0x90,
    0x0, 0x0, 0x6, 0xff, 0x30, 0x0, 0x0, 0x9,
    0xfd, 0x0, 0x0, 0x0, 0xf, 0xf8, 0x0, 0x0,
    0x0, 0x4e, 0xe2, 0x0, 0x0,

    /* U+1EF8 "Ỹ" */
    0x0, 0x4, 0x20, 0x33, 0x0, 0x0, 0xcf, 0xf9,
    0xda, 0x0, 0x0, 0xf8, 0xaf, 0xf4, 0x0, 0x0,
    0x20, 0x2, 0x10, 0x0, 0x6b, 0x90, 0x0, 0x3b,
    0xb2, 0x3f, 0xf3, 0x0, 0x9f, 0xd0, 0xc, 0xfa,
    0x0, 0xff, 0x60, 0x5, 0xff, 0x16, 0xfe, 0x0,
    0x0, 0xef, 0x7c, 0xf7, 0x0, 0x0, 0x7f, 0xcf,
    0xf1, 0x0, 0x0, 0xf, 0xff, 0x90, 0x0, 0x0,
    0x9, 0xff, 0x20, 0x0, 0x0, 0x6, 0xff, 0x0,
    0x0, 0x0, 0x6, 0xff, 0x0, 0x0, 0x0, 0x6,
    0xff, 0x0, 0x0, 0x0, 0x6, 0xff, 0x0, 0x0,

    /* U+1EF9 "ỹ" */
    0x0, 0x3a, 0x80, 0x77, 0x0, 0x0, 0xef, 0xfe,
    0xf9, 0x0, 0x0, 0xc3, 0x4c, 0xb1, 0x0, 0x0,
    0x0, 0x0, 0x0, 0x0, 0x5c, 0xc2, 0x0, 0x5c,
    0xc0, 0x1f, 0xf7, 0x0, 0xbf, 0xb0, 0xa, 0xfd,
    0x1, 0xff, 0x50, 0x4, 0xff, 0x26, 0xff, 0x0,
    0x0, 0xef, 0x7b, 0xfa, 0x0, 0x0, 0x7f, 0xcf,
    0xf4, 0x0, 0x0, 0x1f, 0xff, 0xe0, 0x0, 0x0,
    0xb, 0xff, 0x90, 0x0, 0x0, 0x6, 0xff, 0x30,
    0x0, 0x0, 0x9, 0xfd, 0x0, 0x0, 0x0, 0xf,
    0xf8, 0x0, 0x0, 0x0, 0x4e, 0xe2, 0x0, 0x0
};


/*---------------------
 *  GLYPH DESCRIPTION
 *--------------------*/

static const lv_font_fmt_txt_glyph_dsc_t glyph_dsc[] = {
    {.bitmap_index = 0, .adv_w = 0, .box_w = 0, .box_h = 0, .ofs_x = 0, .ofs_y = 0} /* id = 0 reserved */,
    {.bitmap_index = 0, .adv_w = 154, .box_w = 0, .box_h = 0, .ofs_x = 0, .ofs_y = 0},
    {.bitmap_index = 0, .adv_w = 154, .box_w = 4, .box_h = 12, .ofs_x = 3, .ofs_y = 0},
    {.bitmap_index = 24, .adv_w = 154, .box_w = 7, .box_h = 5, .ofs_x = 1, .ofs_y = 7},
    {.bitmap_index = 42, .adv_w = 154, .box_w = 10, .box_h = 12, .ofs_x = 0, .ofs_y = 0},
    {.bitmap_index = 102, .adv_w = 154, .box_w = 9, .box_h = 17, .ofs_x = 0, .ofs_y = -2},
    {.bitmap_index = 179, .adv_w = 154, .box_w = 11, .box_h = 12, .ofs_x = -1, .ofs_y = 0},
    {.bitmap_index = 245, .adv_w = 154, .box_w = 10, .box_h = 12, .ofs_x = 0, .ofs_y = 0},
    {.bitmap_index = 305, .adv_w = 154, .box_w = 3, .box_h = 5, .ofs_x = 3, .ofs_y = 7},
    {.bitmap_index = 313, .adv_w = 154, .box_w = 6, .box_h = 16, .ofs_x = 2, .ofs_y = -2},
    {.bitmap_index = 361, .adv_w = 154, .box_w = 7, .box_h = 16, .ofs_x = 1, .ofs_y = -2},
    {.bitmap_index = 417, .adv_w = 154, .box_w = 10, .box_h = 9, .ofs_x = 0, .ofs_y = 1},
    {.bitmap_index = 462, .adv_w = 154, .box_w = 9, .box_h = 8, .ofs_x = 0, .ofs_y = 1},
    {.bitmap_index = 498, .adv_w = 154, .box_w = 5, .box_h = 5, .ofs_x = 2, .ofs_y = -3},
    {.bitmap_index = 511, .adv_w = 154, .box_w = 6, .box_h = 3, .ofs_x = 2, .ofs_y = 4},
    {.bitmap_index = 520, .adv_w = 154, .box_w = 4, .box_h = 4, .ofs_x = 3, .ofs_y = 0},
    {.bitmap_index = 528, .adv_w = 154, .box_w = 9, .box_h = 15, .ofs_x = 0, .ofs_y = -2},
    {.bitmap_index = 596, .adv_w = 154, .box_w = 9, .box_h = 12, .ofs_x = 0, .ofs_y = 0},
    {.bitmap_index = 650, .adv_w = 154, .box_w = 8, .box_h = 12, .ofs_x = 1, .ofs_y = 0},
    {.bitmap_index = 698, .adv_w = 154, .box_w = 9, .box_h = 12, .ofs_x = 0, .ofs_y = 0},
    {.bitmap_index = 752, .adv_w = 154, .box_w = 9, .box_h = 12, .ofs_x = 0, .ofs_y = 0},
    {.bitmap_index = 806, .adv_w = 154, .box_w = 9, .box_h = 12, .ofs_x = 0, .ofs_y = 0},
    {.bitmap_index = 860, .adv_w = 154, .box_w = 9, .box_h = 12, .ofs_x = 0, .ofs_y = 0},
    {.bitmap_index = 914, .adv_w = 154, .box_w = 9, .box_h = 12, .ofs_x = 0, .ofs_y = 0},
    {.bitmap_index = 968, .adv_w = 154, .box_w = 9, .box_h = 12, .ofs_x = 0, .ofs_y = 0},
    {.bitmap_index = 1022, .adv_w = 154, .box_w = 9, .box_h = 12, .ofs_x = 0, .ofs_y = 0},
    {.bitmap_index = 1076, .adv_w = 154, .box_w = 9, .box_h = 12, .ofs_x = 0, .ofs_y = 0},
    {.bitmap_index = 1130, .adv_w = 154, .box_w = 4, .box_h = 9, .ofs_x = 3, .ofs_y = 0},
    {.bitmap_index = 1148, .adv_w = 154, .box_w = 5, .box_h = 12, .ofs_x = 2, .ofs_y = -3},
    {.bitmap_index = 1178, .adv_w = 154, .box_w = 8, .box_h = 10, .ofs_x = 1, .ofs_y = 0},
    {.bitmap_index = 1218, .adv_w = 154, .box_w = 8, .box_h = 7, .ofs_x = 1, .ofs_y = 2},
    {.bitmap_index = 1246, .adv_w = 154, .box_w = 8, .box_h = 10, .ofs_x = 1, .ofs_y = 0},
    {.bitmap_index = 1286, .adv_w = 154, .box_w = 8, .box_h = 12, .ofs_x = 1, .ofs_y = 0},
    {.bitmap_index = 1334, .adv_w = 154, .box_w = 10, .box_h = 15, .ofs_x = 0, .ofs_y = -3},
    {.bitmap_index = 1409, .adv_w = 154, .box_w = 10, .box_h = 12, .ofs_x = 0, .ofs_y = 0},
    {.bitmap_index = 1469, .adv_w = 154, .box_w = 8, .box_h = 12, .ofs_x = 1, .ofs_y = 0},
    {.bitmap_index = 1517, .adv_w = 154, .box_w = 9, .box_h = 12, .ofs_x = 0, .ofs_y = 0},
    {.bitmap_index = 1571, .adv_w = 154, .box_w = 8, .box_h = 12, .ofs_x = 1, .ofs_y = 0},
    {.bitmap_index = 1619, .adv_w = 154, .box_w = 8, .box_h = 12, .ofs_x = 1, .ofs_y = 0},
    {.bitmap_index = 1667, .adv_w = 154, .box_w = 8, .box_h = 12, .ofs_x = 1, .ofs_y = 0},
    {.bitmap_index = 1715, .adv_w = 154, .box_w = 9, .box_h = 12, .ofs_x = 0, .ofs_y = 0},
    {.bitmap_index = 1769, .adv_w = 154, .box_w = 8, .box_h = 12, .ofs_x = 1, .ofs_y = 0},
    {.bitmap_index = 1817, .adv_w = 154, .box_w = 8, .box_h = 12, .ofs_x = 1, .ofs_y = 0},
    {.bitmap_index = 1865, .adv_w = 154, .box_w = 9, .box_h = 12, .ofs_x = 0, .ofs_y = 0},
    {.bitmap_index = 1919, .adv_w = 154, .box_w = 9, .box_h = 12, .ofs_x = 1, .ofs_y = 0},
    {.bitmap_index = 1973, .adv_w = 154, .box_w = 8, .box_h = 12, .ofs_x = 1, .ofs_y = 0},
    {.bitmap_index = 2021, .adv_w = 154, .box_w = 9, .box_h = 12, .ofs_x = 0, .ofs_y = 0},
    {.bitmap_index = 2075, .adv_w = 154, .box_w = 9, .box_h = 12, .ofs_x = 0, .ofs_y = 0},
    {.bitmap_index = 2129, .adv_w = 154, .box_w = 9, .box_h = 12, .ofs_x = 0, .ofs_y = 0},
    {.bitmap_index = 2183, .adv_w = 154, .box_w = 9, .box_h = 12, .ofs_x = 1, .ofs_y = 0},
    {.bitmap_index = 2237, .adv_w = 154, .box_w = 9, .box_h = 15, .ofs_x = 0, .ofs_y = -3},
    {.bitmap_index = 2305, .adv_w = 154, .box_w = 9, .box_h = 12, .ofs_x = 1, .ofs_y = 0},
    {.bitmap_index = 2359, .adv_w = 154, .box_w = 9, .box_h = 12, .ofs_x = 0, .ofs_y = 0},
    {.bitmap_index = 2413, .adv_w = 154, .box_w = 9, .box_h = 12, .ofs_x = 0, .ofs_y = 0},
    {.bitmap_index = 2467, .adv_w = 154, .box_w = 9, .box_h = 12, .ofs_x = 0, .ofs_y = 0},
    {.bitmap_index = 2521, .adv_w = 154, .box_w = 10, .box_h = 12, .ofs_x = 0, .ofs_y = 0},
    {.bitmap_index = 2581, .adv_w = 154, .box_w = 10, .box_h = 12, .ofs_x = 0, .ofs_y = 0},
    {.bitmap_index = 2641, .adv_w = 154, .box_w = 10, .box_h = 12, .ofs_x = 0, .ofs_y = 0},
    {.bitmap_index = 2701, .adv_w = 154, .box_w = 10, .box_h = 12, .ofs_x = 0, .ofs_y = 0},
    {.bitmap_index = 2761, .adv_w = 154, .box_w = 8, .box_h = 12, .ofs_x = 1, .ofs_y = 0},
    {.bitmap_index = 2809, .adv_w = 154, .box_w = 6, .box_h = 15, .ofs_x = 2, .ofs_y = -2},
    {.bitmap_index = 2854, .adv_w = 154, .box_w = 9, .box_h = 15, .ofs_x = 0, .ofs_y = -2},
    {.bitmap_index = 2922, .adv_w = 154, .box_w = 5, .box_h = 15, .ofs_x = 2, .ofs_y = -2},
    {.bitmap_index = 2960, .adv_w = 154, .box_w = 9, .box_h = 7, .ofs_x = 0, .ofs_y = 5},
    {.bitmap_index = 2992, .adv_w = 154, .box_w = 9, .box_h = 3, .ofs_x = 0, .ofs_y = -3},
    {.bitmap_index = 3006, .adv_w = 154, .box_w = 5, .box_h = 3, .ofs_x = 2, .ofs_y = 10},
    {.bitmap_index = 3014, .adv_w = 154, .box_w = 9, .box_h = 9, .ofs_x = 0, .ofs_y = 0},
    {.bitmap_index = 3055, .adv_w = 154, .box_w = 8, .box_h = 12, .ofs_x = 1, .ofs_y = 0},
    {.bitmap_index = 3103, .adv_w = 154, .box_w = 9, .box_h = 9, .ofs_x = 0, .ofs_y = 0},
    {.bitmap_index = 3144, .adv_w = 154, .box_w = 9, .box_h = 12, .ofs_x = 0, .ofs_y = 0},
    {.bitmap_index = 3198, .adv_w = 154, .box_w = 9, .box_h = 9, .ofs_x = 0, .ofs_y = 0},
    {.bitmap_index = 3239, .adv_w = 154, .box_w = 9, .box_h = 12, .ofs_x = 0, .ofs_y = 0},
    {.bitmap_index = 3293, .adv_w = 154, .box_w = 9, .box_h = 12, .ofs_x = 0, .ofs_y = -3},
    {.bitmap_index = 3347, .adv_w = 154, .box_w = 8, .box_h = 12, .ofs_x = 1, .ofs_y = 0},
    {.bitmap_index = 3395, .adv_w = 154, .box_w = 8, .box_h = 13, .ofs_x = 1, .ofs_y = 0},
    {.bitmap_index = 3447, .adv_w = 154, .box_w = 7, .box_h = 16, .ofs_x = 1, .ofs_y = -3},
    {.bitmap_index = 3503, .adv_w = 154, .box_w = 9, .box_h = 12, .ofs_x = 1, .ofs_y = 0},
    {.bitmap_index = 3557, .adv_w = 154, .box_w = 10, .box_h = 12, .ofs_x = 0, .ofs_y = 0},
    {.bitmap_index = 3617, .adv_w = 154, .box_w = 9, .box_h = 9, .ofs_x = 0, .ofs_y = 0},
    {.bitmap_index = 3658, .adv_w = 154, .box_w = 8, .box_h = 9, .ofs_x = 1, .ofs_y = 0},
    {.bitmap_index = 3694, .adv_w = 154, .box_w = 9, .box_h = 9, .ofs_x = 0, .ofs_y = 0},
    {.bitmap_index = 3735, .adv_w = 154, .box_w = 8, .box_h = 12, .ofs_x = 1, .ofs_y = -3},
    {.bitmap_index = 3783, .adv_w = 154, .box_w = 9, .box_h = 12, .ofs_x = 0, .ofs_y = -3},
    {.bitmap_index = 3837, .adv_w = 154, .box_w = 9, .box_h = 9, .ofs_x = 1, .ofs_y = 0},
    {.bitmap_index = 3878, .adv_w = 154, .box_w = 9, .box_h = 9, .ofs_x = 0, .ofs_y = 0},
    {.bitmap_index = 3919, .adv_w = 154, .box_w = 9, .box_h = 12, .ofs_x = 0, .ofs_y = 0},
    {.bitmap_index = 3973, .adv_w = 154, .box_w = 8, .box_h = 9, .ofs_x = 1, .ofs_y = 0},
    {.bitmap_index = 4009, .adv_w = 154, .box_w = 10, .box_h = 9, .ofs_x = 0, .ofs_y = 0},
    {.bitmap_index = 4054, .adv_w = 154, .box_w = 10, .box_h = 9, .ofs_x = 0, .ofs_y = 0},
    {.bitmap_index = 4099, .adv_w = 154, .box_w = 10, .box_h = 9, .ofs_x = 0, .ofs_y = 0},
    {.bitmap_index = 4144, .adv_w = 154, .box_w = 10, .box_h = 12, .ofs_x = 0, .ofs_y = -3},
    {.bitmap_index = 4204, .adv_w = 154, .box_w = 8, .box_h = 9, .ofs_x = 1, .ofs_y = 0},
    {.bitmap_index = 4240, .adv_w = 154, .box_w = 8, .box_h = 15, .ofs_x = 1, .ofs_y = -2},
    {.bitmap_index = 4300, .adv_w = 154, .box_w = 3, .box_h = 16, .ofs_x = 3, .ofs_y = -2},
    {.bitmap_index = 4324, .adv_w = 154, .box_w = 8, .box_h = 15, .ofs_x = 1, .ofs_y = -2},
    {.bitmap_index = 4384, .adv_w = 154, .box_w = 9, .box_h = 4, .ofs_x = 0, .ofs_y = 4},
    {.bitmap_index = 4402, .adv_w = 154, .box_w = 10, .box_h = 16, .ofs_x = 0, .ofs_y = 0},
    {.bitmap_index = 4482, .adv_w = 154, .box_w = 10, .box_h = 16, .ofs_x = 0, .ofs_y = 0},
    {.bitmap_index = 4562, .adv_w = 154, .box_w = 10, .box_h = 16, .ofs_x = 0, .ofs_y = 0},
    {.bitmap_index = 4642, .adv_w = 154, .box_w = 10, .box_h = 16, .ofs_x = 0, .ofs_y = 0},
    {.bitmap_index = 4722, .adv_w = 154, .box_w = 8, .box_h = 16, .ofs_x = 1, .ofs_y = 0},
    {.bitmap_index = 4786, .adv_w = 154, .box_w = 8, .box_h = 16, .ofs_x = 1, .ofs_y = 0},
    {.bitmap_index = 4850, .adv_w = 154, .box_w = 8, .box_h = 16, .ofs_x = 1, .ofs_y = 0},
    {.bitmap_index = 4914, .adv_w = 154, .box_w = 8, .box_h = 16, .ofs_x = 1, .ofs_y = 0},
    {.bitmap_index = 4978, .adv_w = 154, .box_w = 8, .box_h = 16, .ofs_x = 1, .ofs_y = 0},
    {.bitmap_index = 5042, .adv_w = 154, .box_w = 9, .box_h = 16, .ofs_x = 0, .ofs_y = 0},
    {.bitmap_index = 5114, .adv_w = 154, .box_w = 9, .box_h = 16, .ofs_x = 0, .ofs_y = 0},
    {.bitmap_index = 5186, .adv_w = 154, .box_w = 9, .box_h = 16, .ofs_x = 0, .ofs_y = 0},
    {.bitmap_index = 5258, .adv_w = 154, .box_w = 9, .box_h = 16, .ofs_x = 0, .ofs_y = 0},
    {.bitmap_index = 5330, .adv_w = 154, .box_w = 9, .box_h = 16, .ofs_x = 0, .ofs_y = 0},
    {.bitmap_index = 5402, .adv_w = 154, .box_w = 9, .box_h = 16, .ofs_x = 0, .ofs_y = 0},
    {.bitmap_index = 5474, .adv_w = 154, .box_w = 10, .box_h = 16, .ofs_x = 0, .ofs_y = 0},
    {.bitmap_index = 5554, .adv_w = 154, .box_w = 9, .box_h = 13, .ofs_x = 0, .ofs_y = 0},
    {.bitmap_index = 5613, .adv_w = 154, .box_w = 9, .box_h = 13, .ofs_x = 0, .ofs_y = 0},
    {.bitmap_index = 5672, .adv_w = 154, .box_w = 9, .box_h = 13, .ofs_x = 0, .ofs_y = 0},
    {.bitmap_index = 5731, .adv_w = 154, .box_w = 9, .box_h = 13, .ofs_x = 0, .ofs_y = 0},
    {.bitmap_index = 5790, .adv_w = 154, .box_w = 9, .box_h = 13, .ofs_x = 0, .ofs_y = 0},
    {.bitmap_index = 5849, .adv_w = 154, .box_w = 9, .box_h = 13, .ofs_x = 0, .ofs_y = 0},
    {.bitmap_index = 5908, .adv_w = 154, .box_w = 9, .box_h = 13, .ofs_x = 0, .ofs_y = 0},
    {.bitmap_index = 5967, .adv_w = 154, .box_w = 8, .box_h = 13, .ofs_x = 1, .ofs_y = 0},
    {.bitmap_index = 6019, .adv_w = 154, .box_w = 8, .box_h = 13, .ofs_x = 1, .ofs_y = 0},
    {.bitmap_index = 6071, .adv_w = 154, .box_w = 9, .box_h = 13, .ofs_x = 0, .ofs_y = 0},
    {.bitmap_index = 6130, .adv_w = 154, .box_w = 9, .box_h = 13, .ofs_x = 0, .ofs_y = 0},
    {.bitmap_index = 6189, .adv_w = 154, .box_w = 9, .box_h = 13, .ofs_x = 0, .ofs_y = 0},
    {.bitmap_index = 6248, .adv_w = 154, .box_w = 9, .box_h = 13, .ofs_x = 0, .ofs_y = 0},
    {.bitmap_index = 6307, .adv_w = 154, .box_w = 8, .box_h = 13, .ofs_x = 1, .ofs_y = 0},
    {.bitmap_index = 6359, .adv_w = 154, .box_w = 8, .box_h = 13, .ofs_x = 1, .ofs_y = 0},
    {.bitmap_index = 6411, .adv_w = 154, .box_w = 10, .box_h = 16, .ofs_x = 0, .ofs_y = -3},
    {.bitmap_index = 6491, .adv_w = 154, .box_w = 10, .box_h = 16, .ofs_x = 0, .ofs_y = 0},
    {.bitmap_index = 6571, .adv_w = 154, .box_w = 9, .box_h = 14, .ofs_x = 0, .ofs_y = -1},
    {.bitmap_index = 6634, .adv_w = 154, .box_w = 9, .box_h = 12, .ofs_x = 0, .ofs_y = 0},
    {.bitmap_index = 6688, .adv_w = 154, .box_w = 10, .box_h = 13, .ofs_x = 0, .ofs_y = -1},
    {.bitmap_index = 6753, .adv_w = 154, .box_w = 8, .box_h = 16, .ofs_x = 1, .ofs_y = 0},
    {.bitmap_index = 6817, .adv_w = 154, .box_w = 8, .box_h = 13, .ofs_x = 1, .ofs_y = 0},
    {.bitmap_index = 6869, .adv_w = 154, .box_w = 9, .box_h = 17, .ofs_x = 0, .ofs_y = -1},
    {.bitmap_index = 6946, .adv_w = 154, .box_w = 8, .box_h = 14, .ofs_x = 1, .ofs_y = -1},
    {.bitmap_index = 7002, .adv_w = 154, .box_w = 10, .box_h = 14, .ofs_x = 0, .ofs_y = -1},
    {.bitmap_index = 7072, .adv_w = 154, .box_w = 10, .box_h = 12, .ofs_x = 0, .ofs_y = -1},
    {.bitmap_index = 7132, .adv_w = 154, .box_w = 11, .box_h = 15, .ofs_x = 0, .ofs_y = -1},
    {.bitmap_index = 7215, .adv_w = 154, .box_w = 10, .box_h = 12, .ofs_x = 1, .ofs_y = -1},
    {.bitmap_index = 7275, .adv_w = 154, .box_w = 10, .box_h = 16, .ofs_x = 0, .ofs_y = -4},
    {.bitmap_index = 7355, .adv_w = 154, .box_w = 9, .box_h = 13, .ofs_x = 0, .ofs_y = -4},
    {.bitmap_index = 7414, .adv_w = 154, .box_w = 10, .box_h = 17, .ofs_x = 0, .ofs_y = 0},
    {.bitmap_index = 7499, .adv_w = 154, .box_w = 9, .box_h = 15, .ofs_x = 0, .ofs_y = -1},
    {.bitmap_index = 7567, .adv_w = 154, .box_w = 11, .box_h = 17, .ofs_x = 0, .ofs_y = 0},
    {.bitmap_index = 7661, .adv_w = 154, .box_w = 11, .box_h = 16, .ofs_x = 0, .ofs_y = -1},
    {.bitmap_index = 7749, .adv_w = 154, .box_w = 10, .box_h = 17, .ofs_x = 0, .ofs_y = 0},
    {.bitmap_index = 7834, .adv_w = 154, .box_w = 10, .box_h = 16, .ofs_x = 0, .ofs_y = -1},
    {.bitmap_index = 7914, .adv_w = 154, .box_w = 10, .box_h = 17, .ofs_x = 0, .ofs_y = 0},
    {.bitmap_index = 7999, .adv_w = 154, .box_w = 10, .box_h = 17, .ofs_x = 0, .ofs_y = -1},
    {.bitmap_index = 8084, .adv_w = 154, .box_w = 10, .box_h = 17, .ofs_x = 0, .ofs_y = 0},
    {.bitmap_index = 8169, .adv_w = 154, .box_w = 9, .box_h = 17, .ofs_x = 0, .ofs_y = -1},
    {.bitmap_index = 8246, .adv_w = 154, .box_w = 10, .box_h = 20, .ofs_x = 0, .ofs_y = -4},
    {.bitmap_index = 8346, .adv_w = 154, .box_w = 9, .box_h = 17, .ofs_x = 0, .ofs_y = -4},
    {.bitmap_index = 8423, .adv_w = 154, .box_w = 10, .box_h = 17, .ofs_x = 0, .ofs_y = 0},
    {.bitmap_index = 8508, .adv_w = 154, .box_w = 9, .box_h = 16, .ofs_x = 0, .ofs_y = -1},
    {.bitmap_index = 8580, .adv_w = 154, .box_w = 10, .box_h = 17, .ofs_x = 0, .ofs_y = 0},
    {.bitmap_index = 8665, .adv_w = 154, .box_w = 9, .box_h = 16, .ofs_x = 0, .ofs_y = -1},
    {.bitmap_index = 8737, .adv_w = 154, .box_w = 10, .box_h = 17, .ofs_x = 0, .ofs_y = 0},
    {.bitmap_index = 8822, .adv_w = 154, .box_w = 9, .box_h = 17, .ofs_x = 0, .ofs_y = -1},
    {.bitmap_index = 8899, .adv_w = 154, .box_w = 10, .box_h = 17, .ofs_x = 0, .ofs_y = 0},
    {.bitmap_index = 8984, .adv_w = 154, .box_w = 9, .box_h = 17, .ofs_x = 0, .ofs_y = -1},
    {.bitmap_index = 9061, .adv_w = 154, .box_w = 10, .box_h = 20, .ofs_x = 0, .ofs_y = -4},
    {.bitmap_index = 9161, .adv_w = 154, .box_w = 9, .box_h = 17, .ofs_x = 0, .ofs_y = -4},
    {.bitmap_index = 9238, .adv_w = 154, .box_w = 8, .box_h = 16, .ofs_x = 1, .ofs_y = -4},
    {.bitmap_index = 9302, .adv_w = 154, .box_w = 9, .box_h = 13, .ofs_x = 0, .ofs_y = -4},
    {.bitmap_index = 9361, .adv_w = 154, .box_w = 8, .box_h = 16, .ofs_x = 1, .ofs_y = 0},
    {.bitmap_index = 9425, .adv_w = 154, .box_w = 9, .box_h = 15, .ofs_x = 0, .ofs_y = -1},
    {.bitmap_index = 9493, .adv_w = 154, .box_w = 8, .box_h = 16, .ofs_x = 1, .ofs_y = 0},
    {.bitmap_index = 9557, .adv_w = 154, .box_w = 9, .box_h = 14, .ofs_x = 0, .ofs_y = -1},
    {.bitmap_index = 9620, .adv_w = 154, .box_w = 10, .box_h = 17, .ofs_x = 1, .ofs_y = 0},
    {.bitmap_index = 9705, .adv_w = 154, .box_w = 11, .box_h = 16, .ofs_x = 0, .ofs_y = -1},
    {.bitmap_index = 9793, .adv_w = 154, .box_w = 9, .box_h = 17, .ofs_x = 1, .ofs_y = 0},
    {.bitmap_index = 9870, .adv_w = 154, .box_w = 10, .box_h = 16, .ofs_x = 0, .ofs_y = -1},
    {.bitmap_index = 9950, .adv_w = 154, .box_w = 9, .box_h = 17, .ofs_x = 1, .ofs_y = 0},
    {.bitmap_index = 10027, .adv_w = 154, .box_w = 10, .box_h = 17, .ofs_x = 0, .ofs_y = -1},
    {.bitmap_index = 10112, .adv_w = 154, .box_w = 8, .box_h = 17, .ofs_x = 1, .ofs_y = 0},
    {.bitmap_index = 10180, .adv_w = 154, .box_w = 9, .box_h = 17, .ofs_x = 0, .ofs_y = -1},
    {.bitmap_index = 10257, .adv_w = 154, .box_w = 8, .box_h = 20, .ofs_x = 1, .ofs_y = -4},
    {.bitmap_index = 10337, .adv_w = 154, .box_w = 9, .box_h = 17, .ofs_x = 0, .ofs_y = -4},
    {.bitmap_index = 10414, .adv_w = 154, .box_w = 8, .box_h = 16, .ofs_x = 1, .ofs_y = 0},
    {.bitmap_index = 10478, .adv_w = 154, .box_w = 8, .box_h = 14, .ofs_x = 1, .ofs_y = 0},
    {.bitmap_index = 10534, .adv_w = 154, .box_w = 8, .box_h = 16, .ofs_x = 1, .ofs_y = -4},
    {.bitmap_index = 10598, .adv_w = 154, .box_w = 8, .box_h = 17, .ofs_x = 1, .ofs_y = -4},
    {.bitmap_index = 10666, .adv_w = 154, .box_w = 9, .box_h = 16, .ofs_x = 0, .ofs_y = -4},
    {.bitmap_index = 10738, .adv_w = 154, .box_w = 9, .box_h = 13, .ofs_x = 0, .ofs_y = -4},
    {.bitmap_index = 10797, .adv_w = 154, .box_w = 9, .box_h = 17, .ofs_x = 0, .ofs_y = -1},
    {.bitmap_index = 10874, .adv_w = 154, .box_w = 9, .box_h = 15, .ofs_x = 0, .ofs_y = -1},
    {.bitmap_index = 10942, .adv_w = 154, .box_w = 11, .box_h = 18, .ofs_x = 0, .ofs_y = -1},
    {.bitmap_index = 11041, .adv_w = 154, .box_w = 11, .box_h = 16, .ofs_x = 0, .ofs_y = -1},
    {.bitmap_index = 11129, .adv_w = 154, .box_w = 10, .box_h = 18, .ofs_x = 0, .ofs_y = -1},
    {.bitmap_index = 11219, .adv_w = 154, .box_w = 10, .box_h = 16, .ofs_x = 0, .ofs_y = -1},
    {.bitmap_index = 11299, .adv_w = 154, .box_w = 10, .box_h = 18, .ofs_x = 0, .ofs_y = -1},
    {.bitmap_index = 11389, .adv_w = 154, .box_w = 10, .box_h = 17, .ofs_x = 0, .ofs_y = -1},
    {.bitmap_index = 11474, .adv_w = 154, .box_w = 9, .box_h = 18, .ofs_x = 0, .ofs_y = -1},
    {.bitmap_index = 11555, .adv_w = 154, .box_w = 9, .box_h = 17, .ofs_x = 0, .ofs_y = -1},
    {.bitmap_index = 11632, .adv_w = 154, .box_w = 9, .box_h = 20, .ofs_x = 0, .ofs_y = -4},
    {.bitmap_index = 11722, .adv_w = 154, .box_w = 9, .box_h = 17, .ofs_x = 0, .ofs_y = -4},
    {.bitmap_index = 11799, .adv_w = 154, .box_w = 10, .box_h = 17, .ofs_x = 0, .ofs_y = -1},
    {.bitmap_index = 11884, .adv_w = 154, .box_w = 10, .box_h = 14, .ofs_x = 0, .ofs_y = -1},
    {.bitmap_index = 11954, .adv_w = 154, .box_w = 10, .box_h = 17, .ofs_x = 0, .ofs_y = -1},
    {.bitmap_index = 12039, .adv_w = 154, .box_w = 10, .box_h = 14, .ofs_x = 0, .ofs_y = -1},
    {.bitmap_index = 12109, .adv_w = 154, .box_w = 10, .box_h = 17, .ofs_x = 0, .ofs_y = -1},
    {.bitmap_index = 12194, .adv_w = 154, .box_w = 10, .box_h = 15, .ofs_x = 0, .ofs_y = -1},
    {.bitmap_index = 12269, .adv_w = 154, .box_w = 10, .box_h = 17, .ofs_x = 0, .ofs_y = -1},
    {.bitmap_index = 12354, .adv_w = 154, .box_w = 10, .box_h = 14, .ofs_x = 0, .ofs_y = -1},
    {.bitmap_index = 12424, .adv_w = 154, .box_w = 10, .box_h = 17, .ofs_x = 0, .ofs_y = -4},
    {.bitmap_index = 12509, .adv_w = 154, .box_w = 10, .box_h = 15, .ofs_x = 0, .ofs_y = -4},
    {.bitmap_index = 12584, .adv_w = 154, .box_w = 9, .box_h = 16, .ofs_x = 0, .ofs_y = -4},
    {.bitmap_index = 12656, .adv_w = 154, .box_w = 8, .box_h = 13, .ofs_x = 1, .ofs_y = -4},
    {.bitmap_index = 12708, .adv_w = 154, .box_w = 9, .box_h = 17, .ofs_x = 0, .ofs_y = -1},
    {.bitmap_index = 12785, .adv_w = 154, .box_w = 8, .box_h = 15, .ofs_x = 1, .ofs_y = -1},
    {.bitmap_index = 12845, .adv_w = 154, .box_w = 11, .box_h = 17, .ofs_x = 0, .ofs_y = -1},
    {.bitmap_index = 12939, .adv_w = 154, .box_w = 10, .box_h = 14, .ofs_x = 1, .ofs_y = -1},
    {.bitmap_index = 13009, .adv_w = 154, .box_w = 11, .box_h = 17, .ofs_x = 0, .ofs_y = -1},
    {.bitmap_index = 13103, .adv_w = 154, .box_w = 10, .box_h = 14, .ofs_x = 1, .ofs_y = -1},
    {.bitmap_index = 13173, .adv_w = 154, .box_w = 11, .box_h = 17, .ofs_x = 0, .ofs_y = -1},
    {.bitmap_index = 13267, .adv_w = 154, .box_w = 10, .box_h = 15, .ofs_x = 1, .ofs_y = -1},
    {.bitmap_index = 13342, .adv_w = 154, .box_w = 11, .box_h = 17, .ofs_x = 0, .ofs_y = -1},
    {.bitmap_index = 13436, .adv_w = 154, .box_w = 10, .box_h = 14, .ofs_x = 1, .ofs_y = -1},
    {.bitmap_index = 13506, .adv_w = 154, .box_w = 11, .box_h = 18, .ofs_x = 0, .ofs_y = -4},
    {.bitmap_index = 13605, .adv_w = 154, .box_w = 10, .box_h = 15, .ofs_x = 1, .ofs_y = -4},
    {.bitmap_index = 13680, .adv_w = 154, .box_w = 10, .box_h = 16, .ofs_x = 0, .ofs_y = 0},
    {.bitmap_index = 13760, .adv_w = 154, .box_w = 10, .box_h = 16, .ofs_x = 0, .ofs_y = -3},
    {.bitmap_index = 13840, .adv_w = 154, .box_w = 10, .box_h = 16, .ofs_x = 0, .ofs_y = -4},
    {.bitmap_index = 13920, .adv_w = 154, .box_w = 10, .box_h = 13, .ofs_x = 0, .ofs_y = -4},
    {.bitmap_index = 13985, .adv_w = 154, .box_w = 10, .box_h = 16, .ofs_x = 0, .ofs_y = 0},
    {.bitmap_index = 14065, .adv_w = 154, .box_w = 10, .box_h = 17, .ofs_x = 0, .ofs_y = -3},
    {.bitmap_index = 14150, .adv_w = 154, .box_w = 10, .box_h = 16, .ofs_x = 0, .ofs_y = 0},
    {.bitmap_index = 14230, .adv_w = 154, .box_w = 10, .box_h = 16, .ofs_x = 0, .ofs_y = -3}
};

/*---------------------
 *  CHARACTER MAPPING
 *--------------------*/

static const uint16_t unicode_list_1[] = {
    0x0, 0x1, 0x2, 0x3, 0x8, 0x9, 0xa, 0xc,
    0xd, 0x12, 0x13, 0x14, 0x15, 0x19, 0x1a, 0x1d,
    0x20, 0x21, 0x22, 0x23, 0x28, 0x29, 0x2a, 0x2c,
    0x2d, 0x32, 0x33, 0x34, 0x35, 0x39, 0x3a, 0x3d,
    0x42, 0x43, 0x50, 0x51, 0x68, 0x69, 0xa8, 0xa9,
    0xe0, 0xe1, 0xef, 0xf0
};

/*Collect the unicode lists and glyph_id offsets*/
static const lv_font_fmt_txt_cmap_t cmaps[] =
{
    {
        .range_start = 32, .range_length = 95, .glyph_id_start = 1,
        .unicode_list = NULL, .glyph_id_ofs_list = NULL, .list_length = 0, .type = LV_FONT_FMT_TXT_CMAP_FORMAT0_TINY
    },
    {
        .range_start = 192, .range_length = 241, .glyph_id_start = 96,
        .unicode_list = unicode_list_1, .glyph_id_ofs_list = NULL, .list_length = 44, .type = LV_FONT_FMT_TXT_CMAP_SPARSE_TINY
    },
    {
        .range_start = 7840, .range_length = 90, .glyph_id_start = 140,
        .unicode_list = NULL, .glyph_id_ofs_list = NULL, .list_length = 0, .type = LV_FONT_FMT_TXT_CMAP_FORMAT0_TINY
    }
};



/*--------------------
 *  ALL CUSTOM DATA
 *--------------------*/

#if LVGL_VERSION_MAJOR == 8
/*Store all the custom data of the font*/
static  lv_font_fmt_txt_glyph_cache_t cache;
#endif

#if LVGL_VERSION_MAJOR >= 8
static const lv_font_fmt_txt_dsc_t font_dsc = {
#else
static lv_font_fmt_txt_dsc_t font_dsc = {
#endif
    .glyph_bitmap = glyph_bitmap,
    .glyph_dsc = glyph_dsc,
    .cmaps = cmaps,
    .kern_dsc = NULL,
    .kern_scale = 0,
    .cmap_num = 3,
    .bpp = 4,
    .kern_classes = 0,
    .bitmap_format = 0,
#if LVGL_VERSION_MAJOR == 8
    .cache = &cache
#endif
};



/*-----------------
 *  PUBLIC FONT
 *----------------*/

/*Initialize a public general font descriptor*/
#if LVGL_VERSION_MAJOR >= 8
const lv_font_t muse_font_mono_vi_16 = {
#else
lv_font_t muse_font_mono_vi_16 = {
#endif
    .get_glyph_dsc = lv_font_get_glyph_dsc_fmt_txt,    /*Function pointer to get glyph's data*/
    .get_glyph_bitmap = lv_font_get_bitmap_fmt_txt,    /*Function pointer to get glyph's bitmap*/
    .line_height = 21,          /*The maximum line height required by the font*/
    .base_line = 4,             /*Baseline measured from the bottom of the line*/
#if !(LVGL_VERSION_MAJOR == 6 && LVGL_VERSION_MINOR == 0)
    .subpx = LV_FONT_SUBPX_NONE,
#endif
#if LV_VERSION_CHECK(7, 4, 0) || LVGL_VERSION_MAJOR >= 8
    .underline_position = -2,
    .underline_thickness = 1,
#endif
    .dsc = &font_dsc,          /*The custom font data. Will be accessed by `get_glyph_bitmap/dsc` */
#if LV_VERSION_CHECK(8, 2, 0) || LVGL_VERSION_MAJOR >= 9
    .fallback = NULL,
#endif
    .user_data = NULL,
};



#endif /*#if MUSE_FONT_MONO_VI_16*/

