/*
 * Glyphs from JetBrains Mono ExtraBold, Copyright 2020 The JetBrains Mono Project
 * Authors (https://github.com/JetBrains/JetBrainsMono).
 * The font is licensed under the SIL Open Font License, Version 1.1: see
 * OFL-JetBrainsMono.txt beside this file. Converted for LVGL by ledienbien-ai (2026).
 */

/*******************************************************************************
 * Size: 20 px
 * Bpp: 4
 * Made with lv_font_conv (https://github.com/lvgl/lv_font_conv); see README.md here.
 ******************************************************************************/

#ifdef LV_LVGL_H_INCLUDE_SIMPLE
#include "lvgl.h"
#else
#include "lvgl.h"
#endif

#ifndef MUSE_FONT_MONO_VI_20
#define MUSE_FONT_MONO_VI_20 1
#endif

#if MUSE_FONT_MONO_VI_20

/*-----------------
 *    BITMAPS
 *----------------*/

/*Store the image of the glyphs*/
static LV_ATTRIBUTE_LARGE_CONST const uint8_t glyph_bitmap[] = {
    /* U+0020 " " */

    /* U+0021 "!" */
    0x9f, 0xf9, 0x9f, 0xf9, 0x9f, 0xf9, 0x8f, 0xf8,
    0x7f, 0xf7, 0x6f, 0xf6, 0x5f, 0xf5, 0x4f, 0xf4,
    0x3f, 0xf3, 0x18, 0x81, 0x0, 0x0, 0x3b, 0xb3,
    0xbf, 0xfb, 0x6f, 0xf6,

    /* U+0022 "\"" */
    0xcf, 0xf2, 0x2f, 0xfc, 0xcf, 0xf2, 0x2f, 0xfc,
    0xcf, 0xf2, 0x2f, 0xfc, 0xcf, 0xf1, 0x1f, 0xfc,
    0xaf, 0xf0, 0xf, 0xfa, 0x8e, 0xd0, 0xd, 0xe8,

    /* U+0023 "#" */
    0x0, 0x3, 0xfe, 0x0, 0x9f, 0x70, 0x0, 0x6,
    0xfb, 0x0, 0xcf, 0x40, 0x0, 0x9, 0xf8, 0x0,
    0xff, 0x10, 0xf, 0xff, 0xff, 0xff, 0xff, 0xf9,
    0xf, 0xff, 0xff, 0xff, 0xff, 0xf9, 0x0, 0x1f,
    0xf0, 0x8, 0xf9, 0x0, 0x0, 0x4f, 0xd0, 0xa,
    0xf6, 0x0, 0x0, 0x7f, 0xa0, 0xd, 0xf4, 0x0,
    0x0, 0x9f, 0x80, 0xf, 0xf1, 0x0, 0x9f, 0xff,
    0xff, 0xff, 0xff, 0xf0, 0x9f, 0xff, 0xff, 0xff,
    0xff, 0xf0, 0x1, 0xff, 0x0, 0x8f, 0x90, 0x0,
    0x4, 0xfc, 0x0, 0xbf, 0x60, 0x0, 0x8, 0xf9,
    0x0, 0xef, 0x30, 0x0,

    /* U+0024 "$" */
    0x0, 0x0, 0x9, 0x70, 0x0, 0x0, 0x0, 0x0,
    0xb, 0x90, 0x0, 0x0, 0x0, 0x0, 0xc, 0xa0,
    0x0, 0x0, 0x0, 0x2b, 0xff, 0xff, 0xb2, 0x0,
    0x2, 0xff, 0xff, 0xff, 0xff, 0x20, 0xa, 0xff,
    0xcd, 0xcd, 0xff, 0x90, 0xd, 0xff, 0x3b, 0x93,
    0xcc, 0x90, 0xc, 0xff, 0x6b, 0x90, 0x0, 0x0,
    0x8, 0xff, 0xfe, 0xb1, 0x0, 0x0, 0x1, 0xef,
    0xff, 0xff, 0xb2, 0x0, 0x0, 0x1b, 0xff, 0xff,
    0xff, 0x20, 0x0, 0x0, 0x2d, 0xef, 0xff, 0xb0,
    0x0, 0x0, 0xb, 0x93, 0xff, 0xf0, 0xa, 0xaa,
    0xb, 0x90, 0xff, 0xf0, 0xe, 0xff, 0x9c, 0xa9,
    0xff, 0xd0, 0x6, 0xff, 0xff, 0xff, 0xff, 0x50,
    0x0, 0x6e, 0xff, 0xff, 0xe5, 0x0, 0x0, 0x0,
    0x3d, 0xb3, 0x0, 0x0, 0x0, 0x0, 0xb, 0x90,
    0x0, 0x0, 0x0, 0x0, 0xb, 0x90, 0x0, 0x0,

    /* U+0025 "%" */
    0x0, 0x9e, 0xfb, 0x30, 0x0, 0x2f, 0xd0, 0x8,
    0xfc, 0x9f, 0xe0, 0x0, 0xdf, 0x30, 0xc, 0xf3,
    0xc, 0xf2, 0x9, 0xf6, 0x0, 0xc, 0xf3, 0xc,
    0xf2, 0x6f, 0xa0, 0x0, 0x8, 0xfd, 0xbf, 0xe3,
    0xfd, 0x0, 0x0, 0x0, 0x9e, 0xfb, 0x3d, 0xf2,
    0x0, 0x0, 0x0, 0x0, 0x0, 0xaf, 0x60, 0x0,
    0x0, 0x0, 0x0, 0x6, 0xfa, 0x59, 0x82, 0x0,
    0x0, 0x0, 0x2f, 0xdb, 0xff, 0xff, 0x40, 0x0,
    0x0, 0xdf, 0x4f, 0xe1, 0x6f, 0xb0, 0x0, 0xa,
    0xf6, 0x3f, 0xc0, 0x3f, 0xc0, 0x0, 0x6f, 0x90,
    0x2f, 0xc0, 0x3f, 0xc0, 0x3, 0xfd, 0x0, 0xd,
    0xfa, 0xcf, 0x70, 0xd, 0xf2, 0x0, 0x2, 0xbf,
    0xe8, 0x0,

    /* U+0026 "&" */
    0x0, 0x6, 0xcf, 0xfb, 0x40, 0x0, 0x0, 0x8f,
    0xff, 0xff, 0xf4, 0x0, 0x0, 0xff, 0xe7, 0x8f,
    0xfd, 0x0, 0x0, 0xff, 0x80, 0x6, 0x88, 0x0,
    0x0, 0xcf, 0xc0, 0x0, 0x0, 0x0, 0x0, 0x9f,
    0xf7, 0x0, 0x0, 0x0, 0x9, 0xff, 0xff, 0x40,
    0x14, 0x41, 0x1f, 0xfc, 0xcf, 0xe1, 0xbf, 0xf1,
    0x4f, 0xf8, 0x2f, 0xfd, 0xff, 0x90, 0x5f, 0xf7,
    0x5, 0xff, 0xff, 0x10, 0x4f, 0xf9, 0x0, 0xaf,
    0xf9, 0x0, 0x1f, 0xff, 0x77, 0xef, 0xfe, 0x0,
    0x9, 0xff, 0xff, 0xff, 0xff, 0x90, 0x0, 0x7d,
    0xfe, 0xa3, 0x9f, 0xf4,

    /* U+0027 "'" */
    0x7f, 0xf7, 0x7f, 0xf7, 0x7f, 0xf7, 0x7f, 0xf7,
    0x5f, 0xf5, 0x3e, 0xe3,

    /* U+0028 "(" */
    0x0, 0x0, 0x1, 0x40, 0x0, 0x1a, 0xfb, 0x0,
    0x4f, 0xff, 0xb0, 0x4f, 0xff, 0xe6, 0xe, 0xff,
    0xa0, 0x6, 0xff, 0xc0, 0x0, 0xbf, 0xf5, 0x0,
    0xd, 0xff, 0x20, 0x0, 0xef, 0xf1, 0x0, 0xe,
    0xff, 0x10, 0x0, 0xef, 0xf1, 0x0, 0xe, 0xff,
    0x10, 0x0, 0xdf, 0xf2, 0x0, 0xb, 0xff, 0x60,
    0x0, 0x6f, 0xfd, 0x0, 0x0, 0xef, 0xfc, 0x20,
    0x3, 0xff, 0xff, 0x80, 0x4, 0xef, 0xfb, 0x0,
    0x1, 0x8e, 0xb0, 0x0, 0x0, 0x2,

    /* U+0029 ")" */
    0x41, 0x0, 0x0, 0xb, 0xfa, 0x10, 0x0, 0xbf,
    0xff, 0x40, 0x6, 0xef, 0xff, 0x30, 0x0, 0xaf,
    0xfd, 0x0, 0x0, 0xcf, 0xf6, 0x0, 0x5, 0xff,
    0xb0, 0x0, 0x2f, 0xfd, 0x0, 0x1, 0xff, 0xe0,
    0x0, 0x1f, 0xfe, 0x0, 0x1, 0xff, 0xe0, 0x0,
    0x1f, 0xfe, 0x0, 0x2, 0xff, 0xd0, 0x0, 0x6f,
    0xfb, 0x0, 0xe, 0xff, 0x60, 0x2c, 0xff, 0xe0,
    0x8f, 0xff, 0xf3, 0xb, 0xff, 0xe3, 0x0, 0xbe,
    0x81, 0x0, 0x2, 0x0, 0x0, 0x0,

    /* U+002A "*" */
    0x0, 0x0, 0x29, 0x92, 0x0, 0x0, 0x0, 0x0,
    0x4f, 0xf4, 0x0, 0x0, 0x0, 0x0, 0x2f, 0xf2,
    0x0, 0x0, 0xd, 0xc4, 0xe, 0xe0, 0x4c, 0xd0,
    0x3f, 0xff, 0x9a, 0xaa, 0xff, 0xf2, 0x29, 0xdf,
    0xff, 0xff, 0xfd, 0x92, 0x0, 0x0, 0x6e, 0xe7,
    0x0, 0x0, 0x0, 0x9, 0xfa, 0xaf, 0x90, 0x0,
    0x0, 0x8f, 0xf4, 0x4f, 0xf9, 0x0, 0x0, 0xcf,
    0xc0, 0xc, 0xfc, 0x0, 0x0, 0x8, 0x30, 0x3,
    0x80, 0x0,

    /* U+002B "+" */
    0x0, 0x8, 0xff, 0x80, 0x0, 0x0, 0x8, 0xff,
    0x80, 0x0, 0x0, 0x8, 0xff, 0x80, 0x0, 0xac,
    0xce, 0xff, 0xec, 0xca, 0xef, 0xff, 0xff, 0xff,
    0xfe, 0xef, 0xff, 0xff, 0xff, 0xfe, 0x0, 0x8,
    0xff, 0x80, 0x0, 0x0, 0x8, 0xff, 0x80, 0x0,
    0x0, 0x8, 0xff, 0x80, 0x0, 0x0, 0x3, 0x66,
    0x30, 0x0,

    /* U+002C "," */
    0x0, 0x11, 0x11, 0x0, 0xcf, 0xfb, 0x0, 0xff,
    0xf5, 0x4, 0xff, 0xe0, 0x8, 0xff, 0x70, 0xc,
    0xff, 0x10, 0x1f, 0xf9, 0x0,

    /* U+002D "-" */
    0x2c, 0xcc, 0xcc, 0xc2, 0x3f, 0xff, 0xff, 0xf3,
    0x3f, 0xff, 0xff, 0xf3,

    /* U+002E "." */
    0x5, 0xee, 0x50, 0xe, 0xff, 0xe0, 0xe, 0xff,
    0xe0, 0x5, 0xee, 0x50,

    /* U+002F "/" */
    0x0, 0x0, 0x0, 0x18, 0x87, 0x0, 0x0, 0x0,
    0x7f, 0xfa, 0x0, 0x0, 0x0, 0xdf, 0xf4, 0x0,
    0x0, 0x3, 0xff, 0xd0, 0x0, 0x0, 0x9, 0xff,
    0x80, 0x0, 0x0, 0xe, 0xff, 0x20, 0x0, 0x0,
    0x5f, 0xfc, 0x0, 0x0, 0x0, 0xbf, 0xf6, 0x0,
    0x0, 0x1, 0xff, 0xf0, 0x0, 0x0, 0x7, 0xff,
    0xa0, 0x0, 0x0, 0xd, 0xff, 0x40, 0x0, 0x0,
    0x3f, 0xfe, 0x0, 0x0, 0x0, 0x9f, 0xf8, 0x0,
    0x0, 0x0, 0xef, 0xf2, 0x0, 0x0, 0x5, 0xff,
    0xc0, 0x0, 0x0, 0xb, 0xff, 0x60, 0x0, 0x0,
    0x1f, 0xff, 0x0, 0x0, 0x0, 0x7f, 0xfa, 0x0,
    0x0, 0x0, 0xdf, 0xf4, 0x0, 0x0, 0x0,

    /* U+0030 "0" */
    0x0, 0x7c, 0xff, 0xd7, 0x0, 0xc, 0xff, 0xff,
    0xff, 0xc0, 0x7f, 0xfe, 0x99, 0xef, 0xf7, 0xbf,
    0xf3, 0x0, 0x3f, 0xfb, 0xcf, 0xf0, 0x0, 0xf,
    0xfc, 0xcf, 0xf1, 0xaa, 0xf, 0xfc, 0xcf, 0xf5,
    0xff, 0x5f, 0xfc, 0xcf, 0xf1, 0xdd, 0x1f, 0xfc,
    0xcf, 0xf0, 0x0, 0xf, 0xfc, 0xcf, 0xf0, 0x0,
    0xf, 0xfc, 0xbf, 0xf3, 0x0, 0x3f, 0xfb, 0x7f,
    0xff, 0xaa, 0xef, 0xf7, 0xc, 0xff, 0xff, 0xff,
    0xc0, 0x0, 0x7c, 0xff, 0xd7, 0x0,

    /* U+0031 "1" */
    0x0, 0x1a, 0xff, 0xf4, 0x0, 0x0, 0x5e, 0xff,
    0xff, 0x40, 0x0, 0x5f, 0xff, 0xef, 0xf4, 0x0,
    0x7, 0xfd, 0x3b, 0xff, 0x40, 0x0, 0x69, 0x0,
    0xbf, 0xf4, 0x0, 0x0, 0x0, 0xb, 0xff, 0x40,
    0x0, 0x0, 0x0, 0xbf, 0xf4, 0x0, 0x0, 0x0,
    0xb, 0xff, 0x40, 0x0, 0x0, 0x0, 0xbf, 0xf4,
    0x0, 0x0, 0x0, 0xb, 0xff, 0x40, 0x0, 0x0,
    0x0, 0xbf, 0xf4, 0x0, 0x3, 0x88, 0x8d, 0xff,
    0xa8, 0x81, 0x6f, 0xff, 0xff, 0xff, 0xff, 0x36,
    0xff, 0xff, 0xff, 0xff, 0xf3,

    /* U+0032 "2" */
    0x0, 0x7d, 0xff, 0xc7, 0x0, 0xc, 0xff, 0xff,
    0xff, 0xb0, 0x8f, 0xff, 0xbc, 0xff, 0xf5, 0xdf,
    0xf4, 0x0, 0x9f, 0xfa, 0x78, 0x80, 0x0, 0x5f,
    0xf9, 0x0, 0x0, 0x0, 0xaf, 0xf6, 0x0, 0x0,
    0x6, 0xff, 0xe0, 0x0, 0x0, 0x6f, 0xff, 0x40,
    0x0, 0x8, 0xff, 0xf5, 0x0, 0x0, 0xaf, 0xff,
    0x40, 0x0, 0xb, 0xff, 0xe2, 0x0, 0x0, 0x9f,
    0xff, 0xca, 0xaa, 0xa8, 0x9f, 0xff, 0xff, 0xff,
    0xfd, 0x9f, 0xff, 0xff, 0xff, 0xfd,

    /* U+0033 "3" */
    0x4f, 0xff, 0xff, 0xff, 0xf3, 0x4f, 0xff, 0xff,
    0xff, 0xf3, 0x17, 0x77, 0x79, 0xff, 0xf1, 0x0,
    0x0, 0x3e, 0xfd, 0x20, 0x0, 0x5, 0xff, 0xb1,
    0x0, 0x0, 0xc, 0xff, 0xe9, 0x10, 0x0, 0xc,
    0xff, 0xff, 0xe1, 0x0, 0x3, 0x45, 0xdf, 0xf8,
    0x0, 0x0, 0x0, 0x4f, 0xfc, 0x0, 0x0, 0x0,
    0x3f, 0xfc, 0xef, 0xf2, 0x0, 0x5f, 0xfb, 0xaf,
    0xfe, 0x88, 0xef, 0xf7, 0x1e, 0xff, 0xff, 0xff,
    0xd0, 0x1, 0x8d, 0xff, 0xd7, 0x0,

    /* U+0034 "4" */
    0x0, 0x0, 0xc, 0xff, 0x90, 0x0, 0x0, 0x8f,
    0xfd, 0x0, 0x0, 0x4, 0xff, 0xf2, 0x0, 0x0,
    0x1e, 0xff, 0x60, 0x0, 0x0, 0xcf, 0xfa, 0x0,
    0x0, 0x8, 0xff, 0xd0, 0x24, 0x42, 0x4f, 0xff,
    0x30, 0x8f, 0xf8, 0xdf, 0xf7, 0x0, 0x8f, 0xf8,
    0xef, 0xe0, 0x0, 0x8f, 0xf8, 0xef, 0xff, 0xff,
    0xff, 0xf8, 0xef, 0xff, 0xff, 0xff, 0xf8, 0x89,
    0x99, 0x99, 0xcf, 0xf8, 0x0, 0x0, 0x0, 0x8f,
    0xf8, 0x0, 0x0, 0x0, 0x8f, 0xf8,

    /* U+0035 "5" */
    0x5f, 0xff, 0xff, 0xff, 0xf4, 0x6f, 0xff, 0xff,
    0xff, 0xf4, 0x6f, 0xfc, 0xaa, 0xaa, 0xa2, 0x6f,
    0xf7, 0x0, 0x0, 0x0, 0x6f, 0xf6, 0x4, 0x41,
    0x0, 0x6f, 0xfa, 0xff, 0xff, 0x80, 0x7f, 0xff,
    0xff, 0xff, 0xf4, 0x38, 0x87, 0x11, 0xaf, 0xfa,
    0x0, 0x0, 0x0, 0x3f, 0xfc, 0x0, 0x0, 0x0,
    0x3f, 0xfc, 0xad, 0xd4, 0x0, 0x6f, 0xfb, 0x8f,
    0xff, 0xaa, 0xff, 0xf7, 0x1d, 0xff, 0xff, 0xff,
    0xd0, 0x0, 0x8d, 0xff, 0xd8, 0x0,

    /* U+0036 "6" */
    0x0, 0x0, 0xc, 0xff, 0x80, 0x0, 0x0, 0x0,
    0x6f, 0xfc, 0x0, 0x0, 0x0, 0x1, 0xff, 0xf2,
    0x0, 0x0, 0x0, 0xb, 0xff, 0x60, 0x0, 0x0,
    0x0, 0x5f, 0xfa, 0x0, 0x0, 0x0, 0x0, 0xef,
    0xe9, 0xef, 0xc4, 0x0, 0x6, 0xff, 0xff, 0xff,
    0xff, 0x30, 0xc, 0xff, 0xc4, 0x4c, 0xff, 0xc0,
    0xf, 0xff, 0x0, 0x1, 0xff, 0xf0, 0xf, 0xfd,
    0x0, 0x0, 0xdf, 0xf0, 0xe, 0xff, 0x20, 0x2,
    0xff, 0xe0, 0x8, 0xff, 0xe8, 0x8e, 0xff, 0x80,
    0x0, 0xcf, 0xff, 0xff, 0xfc, 0x0, 0x0, 0x7,
    0xcf, 0xfc, 0x70, 0x0,

    /* U+0037 "7" */
    0x1f, 0xff, 0xff, 0xff, 0xff, 0xf1, 0xff, 0xff,
    0xff, 0xff, 0xff, 0x1f, 0xff, 0xbb, 0xbc, 0xff,
    0xf1, 0xff, 0xe0, 0x0, 0x6f, 0xfa, 0x1b, 0xba,
    0x0, 0xd, 0xff, 0x30, 0x0, 0x0, 0x5, 0xff,
    0xb0, 0x0, 0x0, 0x0, 0xcf, 0xf4, 0x0, 0x0,
    0x0, 0x4f, 0xfd, 0x0, 0x0, 0x0, 0xb, 0xff,
    0x60, 0x0, 0x0, 0x3, 0xff, 0xe0, 0x0, 0x0,
    0x0, 0xaf, 0xf7, 0x0, 0x0, 0x0, 0x2f, 0xff,
    0x10, 0x0, 0x0, 0x9, 0xff, 0x80, 0x0, 0x0,
    0x1, 0xff, 0xf1, 0x0, 0x0,

    /* U+0038 "8" */
    0x0, 0x7d, 0xff, 0xd7, 0x0, 0x1d, 0xff, 0xff,
    0xff, 0xc0, 0x8f, 0xff, 0x88, 0xff, 0xf7, 0xbf,
    0xf5, 0x0, 0x6f, 0xfa, 0x9f, 0xf4, 0x0, 0x5f,
    0xf9, 0x2f, 0xfd, 0x22, 0xdf, 0xf2, 0x2, 0xdf,
    0xff, 0xfd, 0x30, 0x8, 0xff, 0xff, 0xff, 0x80,
    0x6f, 0xfb, 0x11, 0xbf, 0xf7, 0xdf, 0xf1, 0x0,
    0x1f, 0xfd, 0xef, 0xf2, 0x0, 0x2f, 0xfe, 0xaf,
    0xfe, 0x88, 0xef, 0xfb, 0x2e, 0xff, 0xff, 0xff,
    0xe2, 0x1, 0x8d, 0xff, 0xd9, 0x10,

    /* U+0039 "9" */
    0x0, 0x8, 0xdf, 0xfc, 0x70, 0x0, 0x1, 0xdf,
    0xff, 0xff, 0xfc, 0x0, 0xa, 0xff, 0xd8, 0x8e,
    0xff, 0x80, 0xf, 0xff, 0x10, 0x1, 0xff, 0xe0,
    0xf, 0xfe, 0x0, 0x0, 0xef, 0xf0, 0xe, 0xff,
    0x71, 0x18, 0xff, 0xf0, 0x7, 0xff, 0xff, 0xff,
    0xff, 0xc0, 0x0, 0x8f, 0xff, 0xad, 0xff, 0x70,
    0x0, 0x0, 0x21, 0x6f, 0xfe, 0x0, 0x0, 0x0,
    0x1, 0xff, 0xf5, 0x0, 0x0, 0x0, 0xb, 0xff,
    0xb0, 0x0, 0x0, 0x0, 0x5f, 0xff, 0x10, 0x0,
    0x0, 0x0, 0xef, 0xf6, 0x0, 0x0, 0x0, 0x9,
    0xff, 0xc0, 0x0, 0x0,

    /* U+003A ":" */
    0x6e, 0xe6, 0xff, 0xff, 0xcf, 0xfc, 0x17, 0x71,
    0x0, 0x0, 0x0, 0x0, 0x0, 0x0, 0x17, 0x71,
    0xcf, 0xfc, 0xef, 0xfe, 0x6e, 0xe6,

    /* U+003B ";" */
    0x0, 0x6f, 0xf6, 0x0, 0xf, 0xff, 0xf0, 0x0,
    0xcf, 0xfc, 0x0, 0x1, 0x77, 0x10, 0x0, 0x0,
    0x0, 0x0, 0x0, 0x0, 0x0, 0x0, 0x0, 0x0,
    0x0, 0x0, 0x0, 0x0, 0x0, 0x1, 0x11, 0x0,
    0xa, 0xff, 0xd0, 0x0, 0xef, 0xf6, 0x0, 0x2f,
    0xff, 0x0, 0x7, 0xff, 0x80, 0x0, 0xbf, 0xf2,
    0x0, 0xf, 0xfb, 0x0, 0x0,

    /* U+003C "<" */
    0x0, 0x0, 0x0, 0x1, 0x77, 0x0, 0x0, 0x2,
    0x9f, 0xf9, 0x0, 0x3, 0xaf, 0xff, 0xf8, 0x5,
    0xcf, 0xff, 0xf9, 0x30, 0x9f, 0xff, 0xe7, 0x10,
    0x0, 0x9f, 0xf8, 0x0, 0x0, 0x0, 0x9f, 0xff,
    0xd6, 0x0, 0x0, 0x7, 0xdf, 0xff, 0xf8, 0x20,
    0x0, 0x5, 0xcf, 0xff, 0xf7, 0x0, 0x0, 0x3,
    0xaf, 0xf9, 0x0, 0x0, 0x0, 0x1, 0x88, 0x0,
    0x0, 0x0, 0x0, 0x0,

    /* U+003D "=" */
    0x4c, 0xcc, 0xcc, 0xcc, 0xc4, 0x6f, 0xff, 0xff,
    0xff, 0xf6, 0x6f, 0xff, 0xff, 0xff, 0xf6, 0x0,
    0x0, 0x0, 0x0, 0x0, 0x0, 0x0, 0x0, 0x0,
    0x0, 0x4c, 0xcc, 0xcc, 0xcc, 0xc4, 0x6f, 0xff,
    0xff, 0xff, 0xf6, 0x6f, 0xff, 0xff, 0xff, 0xf6,

    /* U+003E ">" */
    0x77, 0x10, 0x0, 0x0, 0x0, 0x9f, 0xf9, 0x20,
    0x0, 0x0, 0x8f, 0xff, 0xfb, 0x30, 0x0, 0x3,
    0xaf, 0xff, 0xfc, 0x50, 0x0, 0x1, 0x8e, 0xff,
    0xf9, 0x0, 0x0, 0x0, 0x8f, 0xf9, 0x0, 0x0,
    0x6d, 0xff, 0xf9, 0x1, 0x8e, 0xff, 0xfd, 0x60,
    0x7f, 0xff, 0xfc, 0x50, 0x0, 0x9f, 0xfa, 0x30,
    0x0, 0x0, 0x88, 0x10, 0x0, 0x0, 0x0, 0x0,
    0x0, 0x0, 0x0, 0x0,

    /* U+003F "?" */
    0xcf, 0xff, 0xea, 0x30, 0xc, 0xff, 0xff, 0xff,
    0x50, 0x9b, 0xbb, 0xef, 0xff, 0x0, 0x0, 0x0,
    0xdf, 0xf3, 0x0, 0x0, 0x3e, 0xff, 0x30, 0x7f,
    0xff, 0xff, 0xe0, 0x7, 0xff, 0xff, 0xf4, 0x0,
    0x6f, 0xfa, 0x71, 0x0, 0x6, 0xff, 0x20, 0x0,
    0x0, 0x13, 0x30, 0x0, 0x0, 0x0, 0x0, 0x0,
    0x0, 0x0, 0x5b, 0xb2, 0x0, 0x0, 0xd, 0xff,
    0xa0, 0x0, 0x0, 0x8f, 0xf5, 0x0, 0x0,

    /* U+0040 "@" */
    0x0, 0x6, 0xce, 0xfe, 0x92, 0x0, 0x1, 0xcf,
    0xff, 0xff, 0xff, 0x50, 0xa, 0xff, 0x83, 0x14,
    0xdf, 0xf1, 0x2f, 0xf8, 0x0, 0x0, 0x2f, 0xf6,
    0x6f, 0xf1, 0x0, 0x0, 0xd, 0xf8, 0x7f, 0xf0,
    0x7, 0xef, 0x9a, 0xf9, 0x8f, 0xe0, 0x4f, 0xfd,
    0xdf, 0xf9, 0x8f, 0xe0, 0x8f, 0xe0, 0xe, 0xf9,
    0x8f, 0xe0, 0x9f, 0xc0, 0xc, 0xf9, 0x8f, 0xe0,
    0x9f, 0xc0, 0xc, 0xf9, 0x8f, 0xe0, 0x8f, 0xd0,
    0xd, 0xf9, 0x8f, 0xe0, 0x6f, 0xf4, 0x4f, 0xf9,
    0x7f, 0xf0, 0xc, 0xff, 0xb8, 0xf9, 0x5f, 0xf1,
    0x0, 0x33, 0x3, 0x53, 0x1f, 0xf8, 0x0, 0x0,
    0x0, 0x0, 0xa, 0xff, 0xa4, 0x22, 0x0, 0x0,
    0x0, 0xbf, 0xff, 0xfe, 0x0, 0x0, 0x0, 0x5,
    0xbe, 0xfe, 0x0, 0x0,

    /* U+0041 "A" */
    0x0, 0x0, 0xff, 0xff, 0x0, 0x0, 0x0, 0x4,
    0xff, 0xff, 0x40, 0x0, 0x0, 0x9, 0xff, 0xff,
    0x80, 0x0, 0x0, 0xd, 0xfd, 0xdf, 0xc0, 0x0,
    0x0, 0x1f, 0xfa, 0xaf, 0xf0, 0x0, 0x0, 0x5f,
    0xf6, 0x6f, 0xf4, 0x0, 0x0, 0x9f, 0xf3, 0x3f,
    0xf8, 0x0, 0x0, 0xdf, 0xf0, 0xf, 0xfd, 0x0,
    0x1, 0xff, 0xe5, 0x5e, 0xff, 0x10, 0x5, 0xff,
    0xff, 0xff, 0xff, 0x50, 0x9, 0xff, 0xff, 0xff,
    0xff, 0x90, 0xd, 0xff, 0x20, 0x2, 0xff, 0xd0,
    0x1f, 0xfe, 0x0, 0x0, 0xef, 0xf1, 0x5f, 0xfa,
    0x0, 0x0, 0xaf, 0xf5,

    /* U+0042 "B" */
    0xbf, 0xff, 0xff, 0xd8, 0x10, 0xb, 0xff, 0xff,
    0xff, 0xfe, 0x20, 0xbf, 0xf8, 0x67, 0xef, 0xfa,
    0xb, 0xff, 0x30, 0x4, 0xff, 0xd0, 0xbf, 0xf3,
    0x0, 0x4f, 0xfb, 0xb, 0xff, 0x75, 0x6d, 0xff,
    0x30, 0xbf, 0xff, 0xff, 0xfb, 0x30, 0xb, 0xff,
    0xff, 0xff, 0xfc, 0x20, 0xbf, 0xf3, 0x0, 0x7f,
    0xfd, 0xb, 0xff, 0x30, 0x0, 0xef, 0xf2, 0xbf,
    0xf3, 0x0, 0xf, 0xff, 0x2b, 0xff, 0x86, 0x6c,
    0xff, 0xd0, 0xbf, 0xff, 0xff, 0xff, 0xf4, 0xb,
    0xff, 0xff, 0xfe, 0x92, 0x0,

    /* U+0043 "C" */
    0x0, 0x6c, 0xff, 0xd7, 0x0, 0xc, 0xff, 0xff,
    0xff, 0xd1, 0x7f, 0xff, 0xa9, 0xef, 0xf9, 0xbf,
    0xf6, 0x0, 0x3f, 0xfd, 0xcf, 0xf3, 0x0, 0x2,
    0x22, 0xcf, 0xf3, 0x0, 0x0, 0x0, 0xcf, 0xf3,
    0x0, 0x0, 0x0, 0xcf, 0xf3, 0x0, 0x0, 0x0,
    0xcf, 0xf3, 0x0, 0x0, 0x0, 0xcf, 0xf3, 0x0,
    0x3, 0x32, 0xbf, 0xf6, 0x0, 0x3f, 0xfd, 0x7f,
    0xff, 0xa9, 0xef, 0xf9, 0xb, 0xff, 0xff, 0xff,
    0xd1, 0x0, 0x7c, 0xff, 0xd7, 0x0,

    /* U+0044 "D" */
    0xbf, 0xff, 0xff, 0xd7, 0x0, 0xb, 0xff, 0xff,
    0xff, 0xfd, 0x0, 0xbf, 0xfc, 0xbd, 0xff, 0xf9,
    0xb, 0xff, 0x40, 0x5, 0xff, 0xe0, 0xbf, 0xf4,
    0x0, 0xf, 0xff, 0xb, 0xff, 0x40, 0x0, 0xff,
    0xf0, 0xbf, 0xf4, 0x0, 0xf, 0xff, 0xb, 0xff,
    0x40, 0x0, 0xff, 0xf0, 0xbf, 0xf4, 0x0, 0xf,
    0xff, 0xb, 0xff, 0x40, 0x0, 0xff, 0xf0, 0xbf,
    0xf4, 0x0, 0x5f, 0xfe, 0xb, 0xff, 0xdc, 0xdf,
    0xff, 0x80, 0xbf, 0xff, 0xff, 0xff, 0xc0, 0xb,
    0xff, 0xff, 0xfc, 0x70, 0x0,

    /* U+0045 "E" */
    0x6f, 0xff, 0xff, 0xff, 0xf9, 0x6f, 0xff, 0xff,
    0xff, 0xf9, 0x6f, 0xfc, 0x88, 0x88, 0x84, 0x6f,
    0xf8, 0x0, 0x0, 0x0, 0x6f, 0xf8, 0x0, 0x0,
    0x0, 0x6f, 0xfc, 0x88, 0x88, 0x70, 0x6f, 0xff,
    0xff, 0xff, 0xe0, 0x6f, 0xff, 0xff, 0xff, 0xe0,
    0x6f, 0xf8, 0x0, 0x0, 0x0, 0x6f, 0xf8, 0x0,
    0x0, 0x0, 0x6f, 0xf8, 0x0, 0x0, 0x0, 0x6f,
    0xfc, 0x88, 0x88, 0x84, 0x6f, 0xff, 0xff, 0xff,
    0xf9, 0x6f, 0xff, 0xff, 0xff, 0xf9,

    /* U+0046 "F" */
    0x9f, 0xff, 0xff, 0xff, 0xfc, 0x9f, 0xff, 0xff,
    0xff, 0xfc, 0x9f, 0xfd, 0xbb, 0xbb, 0xb9, 0x9f,
    0xf5, 0x0, 0x0, 0x0, 0x9f, 0xf5, 0x0, 0x0,
    0x0, 0x9f, 0xfd, 0xcc, 0xcc, 0xc3, 0x9f, 0xff,
    0xff, 0xff, 0xf4, 0x9f, 0xff, 0xff, 0xff, 0xf4,
    0x9f, 0xf6, 0x0, 0x0, 0x0, 0x9f, 0xf6, 0x0,
    0x0, 0x0, 0x9f, 0xf6, 0x0, 0x0, 0x0, 0x9f,
    0xf6, 0x0, 0x0, 0x0, 0x9f, 0xf6, 0x0, 0x0,
    0x0, 0x9f, 0xf6, 0x0, 0x0, 0x0,

    /* U+0047 "G" */
    0x0, 0x6c, 0xff, 0xd8, 0x0, 0xc, 0xff, 0xff,
    0xff, 0xd1, 0x7f, 0xff, 0xa9, 0xef, 0xf9, 0xbf,
    0xf6, 0x0, 0x3f, 0xfe, 0xcf, 0xf3, 0x0, 0x0,
    0x0, 0xcf, 0xf3, 0x0, 0x0, 0x0, 0xcf, 0xf3,
    0x3f, 0xff, 0xff, 0xcf, 0xf3, 0x3f, 0xff, 0xff,
    0xcf, 0xf3, 0x18, 0x8f, 0xff, 0xcf, 0xf3, 0x0,
    0xf, 0xff, 0xbf, 0xf6, 0x0, 0x4f, 0xfd, 0x7f,
    0xff, 0xaa, 0xff, 0xf8, 0xb, 0xff, 0xff, 0xff,
    0xd0, 0x0, 0x7c, 0xff, 0xd7, 0x0,

    /* U+0048 "H" */
    0xbf, 0xf5, 0x0, 0x5f, 0xfb, 0xbf, 0xf5, 0x0,
    0x5f, 0xfb, 0xbf, 0xf5, 0x0, 0x5f, 0xfb, 0xbf,
    0xf5, 0x0, 0x5f, 0xfb, 0xbf, 0xf5, 0x0, 0x5f,
    0xfb, 0xbf, 0xfd, 0xcc, 0xdf, 0xfb, 0xbf, 0xff,
    0xff, 0xff, 0xfb, 0xbf, 0xff, 0xff, 0xff, 0xfb,
    0xbf, 0xf5, 0x0, 0x5f, 0xfb, 0xbf, 0xf5, 0x0,
    0x5f, 0xfb, 0xbf, 0xf5, 0x0, 0x5f, 0xfb, 0xbf,
    0xf5, 0x0, 0x5f, 0xfb, 0xbf, 0xf5, 0x0, 0x5f,
    0xfb, 0xbf, 0xf5, 0x0, 0x5f, 0xfb,

    /* U+0049 "I" */
    0x6f, 0xff, 0xff, 0xff, 0xf6, 0x6f, 0xff, 0xff,
    0xff, 0xf6, 0x38, 0x8c, 0xff, 0xc8, 0x83, 0x0,
    0x8, 0xff, 0x80, 0x0, 0x0, 0x8, 0xff, 0x80,
    0x0, 0x0, 0x8, 0xff, 0x80, 0x0, 0x0, 0x8,
    0xff, 0x80, 0x0, 0x0, 0x8, 0xff, 0x80, 0x0,
    0x0, 0x8, 0xff, 0x80, 0x0, 0x0, 0x8, 0xff,
    0x80, 0x0, 0x0, 0x8, 0xff, 0x80, 0x0, 0x38,
    0x8c, 0xff, 0xc8, 0x83, 0x6f, 0xff, 0xff, 0xff,
    0xf6, 0x6f, 0xff, 0xff, 0xff, 0xf6,

    /* U+004A "J" */
    0x0, 0x0, 0xef, 0xff, 0xff, 0x60, 0x0, 0xe,
    0xff, 0xff, 0xf6, 0x0, 0x0, 0xab, 0xbe, 0xff,
    0x60, 0x0, 0x0, 0x0, 0x9f, 0xf6, 0x0, 0x0,
    0x0, 0x9, 0xff, 0x60, 0x0, 0x0, 0x0, 0x9f,
    0xf6, 0x0, 0x0, 0x0, 0x9, 0xff, 0x60, 0x0,
    0x0, 0x0, 0x9f, 0xf6, 0x0, 0x0, 0x0, 0x9,
    0xff, 0x63, 0x66, 0x20, 0x0, 0x9f, 0xf6, 0x7f,
    0xfa, 0x0, 0xd, 0xff, 0x53, 0xff, 0xfc, 0x9d,
    0xff, 0xf1, 0x8, 0xff, 0xff, 0xff, 0xf5, 0x0,
    0x4, 0xbe, 0xfe, 0xa3, 0x0,

    /* U+004B "K" */
    0xbf, 0xf4, 0x0, 0x1f, 0xff, 0x2b, 0xff, 0x40,
    0x8, 0xff, 0xb0, 0xbf, 0xf4, 0x1, 0xff, 0xf3,
    0xb, 0xff, 0x40, 0x7f, 0xfc, 0x0, 0xbf, 0xf4,
    0xe, 0xff, 0x50, 0xb, 0xff, 0xcc, 0xff, 0xd0,
    0x0, 0xbf, 0xff, 0xff, 0xf7, 0x0, 0xb, 0xff,
    0xff, 0xff, 0xc0, 0x0, 0xbf, 0xf4, 0x1f, 0xff,
    0x20, 0xb, 0xff, 0x40, 0xaf, 0xf9, 0x0, 0xbf,
    0xf4, 0x4, 0xff, 0xf1, 0xb, 0xff, 0x40, 0xd,
    0xff, 0x70, 0xbf, 0xf4, 0x0, 0x6f, 0xfd, 0xb,
    0xff, 0x40, 0x0, 0xff, 0xf4,

    /* U+004C "L" */
    0x1f, 0xfe, 0x0, 0x0, 0x0, 0x1f, 0xfe, 0x0,
    0x0, 0x0, 0x1f, 0xfe, 0x0, 0x0, 0x0, 0x1f,
    0xfe, 0x0, 0x0, 0x0, 0x1f, 0xfe, 0x0, 0x0,
    0x0, 0x1f, 0xfe, 0x0, 0x0, 0x0, 0x1f, 0xfe,
    0x0, 0x0, 0x0, 0x1f, 0xfe, 0x0, 0x0, 0x0,
    0x1f, 0xfe, 0x0, 0x0, 0x0, 0x1f, 0xfe, 0x0,
    0x0, 0x0, 0x1f, 0xfe, 0x0, 0x0, 0x0, 0x1f,
    0xff, 0xcc, 0xcc, 0xc9, 0x1f, 0xff, 0xff, 0xff,
    0xfc, 0x1f, 0xff, 0xff, 0xff, 0xfc,

    /* U+004D "M" */
    0x2f, 0xff, 0x50, 0x5, 0xff, 0xf2, 0x2f, 0xff,
    0xa0, 0xa, 0xff, 0xf2, 0x2f, 0xfe, 0xf0, 0xf,
    0xdf, 0xf2, 0x2f, 0xfb, 0xf4, 0x4f, 0xbf, 0xf2,
    0x2f, 0xf8, 0xf9, 0x9f, 0x8f, 0xf2, 0x2f, 0xf5,
    0xfd, 0xdf, 0x6f, 0xf2, 0x2f, 0xf6, 0xbf, 0xfb,
    0x7f, 0xf2, 0x2f, 0xf7, 0x6f, 0xf6, 0x8f, 0xf2,
    0x2f, 0xf8, 0x0, 0x0, 0x8f, 0xf2, 0x2f, 0xf8,
    0x0, 0x0, 0x9f, 0xf2, 0x2f, 0xf9, 0x0, 0x0,
    0x9f, 0xf2, 0x2f, 0xf9, 0x0, 0x0, 0x9f, 0xf2,
    0x2f, 0xf9, 0x0, 0x0, 0x9f, 0xf2, 0x2f, 0xf9,
    0x0, 0x0, 0x9f, 0xf2,

    /* U+004E "N" */
    0xcf, 0xfd, 0x0, 0xd, 0xfc, 0xcf, 0xff, 0x30,
    0xd, 0xfc, 0xcf, 0xff, 0x90, 0xd, 0xfc, 0xcf,
    0xef, 0xe0, 0xd, 0xfc, 0xcf, 0xbf, 0xf4, 0xd,
    0xfc, 0xcf, 0xba, 0xf9, 0xd, 0xfc, 0xcf, 0xc4,
    0xff, 0xd, 0xfc, 0xcf, 0xd0, 0xef, 0x5c, 0xfc,
    0xcf, 0xd0, 0x9f, 0xab, 0xfc, 0xcf, 0xd0, 0x4f,
    0xfa, 0xfc, 0xcf, 0xd0, 0xe, 0xfe, 0xfc, 0xcf,
    0xd0, 0x9, 0xff, 0xfc, 0xcf, 0xd0, 0x3, 0xff,
    0xfc, 0xcf, 0xd0, 0x0, 0xdf, 0xfc,

    /* U+004F "O" */
    0x0, 0x7c, 0xff, 0xd7, 0x0, 0xc, 0xff, 0xff,
    0xff, 0xc0, 0x7f, 0xff, 0x99, 0xff, 0xf7, 0xbf,
    0xf5, 0x0, 0x5f, 0xfb, 0xcf, 0xf3, 0x0, 0x3f,
    0xfc, 0xcf, 0xf3, 0x0, 0x3f, 0xfc, 0xcf, 0xf3,
    0x0, 0x3f, 0xfc, 0xcf, 0xf3, 0x0, 0x3f, 0xfc,
    0xcf, 0xf3, 0x0, 0x3f, 0xfc, 0xcf, 0xf3, 0x0,
    0x3f, 0xfc, 0xbf, 0xf5, 0x0, 0x6f, 0xfb, 0x7f,
    0xff, 0xaa, 0xff, 0xf7, 0xc, 0xff, 0xff, 0xff,
    0xc0, 0x0, 0x7c, 0xff, 0xd7, 0x0,

    /* U+0050 "P" */
    0xbf, 0xff, 0xff, 0xe9, 0x20, 0xb, 0xff, 0xff,
    0xff, 0xff, 0x40, 0xbf, 0xfc, 0xaa, 0xef, 0xfe,
    0xb, 0xff, 0x50, 0x0, 0xdf, 0xf4, 0xbf, 0xf5,
    0x0, 0xa, 0xff, 0x5b, 0xff, 0x50, 0x4, 0xff,
    0xf3, 0xbf, 0xff, 0xff, 0xff, 0xfc, 0xb, 0xff,
    0xff, 0xff, 0xfc, 0x10, 0xbf, 0xfc, 0xaa, 0x84,
    0x0, 0xb, 0xff, 0x50, 0x0, 0x0, 0x0, 0xbf,
    0xf5, 0x0, 0x0, 0x0, 0xb, 0xff, 0x50, 0x0,
    0x0, 0x0, 0xbf, 0xf5, 0x0, 0x0, 0x0, 0xb,
    0xff, 0x50, 0x0, 0x0, 0x0,

    /* U+0051 "Q" */
    0x0, 0x7c, 0xff, 0xc7, 0x0, 0x0, 0xcf, 0xff,
    0xff, 0xfc, 0x0, 0x7f, 0xff, 0xaa, 0xff, 0xf6,
    0xb, 0xff, 0x60, 0x6, 0xff, 0xb0, 0xcf, 0xf3,
    0x0, 0x3f, 0xfc, 0xc, 0xff, 0x30, 0x3, 0xff,
    0xc0, 0xcf, 0xf3, 0x0, 0x3f, 0xfc, 0xc, 0xff,
    0x30, 0x3, 0xff, 0xc0, 0xcf, 0xf3, 0x0, 0x3f,
    0xfc, 0xc, 0xff, 0x30, 0x3, 0xff, 0xc0, 0xbf,
    0xf6, 0x0, 0x6f, 0xfb, 0x7, 0xff, 0xfa, 0xaf,
    0xff, 0x70, 0xc, 0xff, 0xff, 0xff, 0xc0, 0x0,
    0x7, 0xdf, 0xff, 0xd0, 0x0, 0x0, 0x0, 0xc,
    0xff, 0x30, 0x0, 0x0, 0x0, 0x4f, 0xfc, 0x0,
    0x0, 0x0, 0x0, 0xcf, 0xf5, 0x0, 0x0, 0x0,
    0x4, 0xff, 0xd0,

    /* U+0052 "R" */
    0xbf, 0xff, 0xff, 0xd8, 0x10, 0xb, 0xff, 0xff,
    0xff, 0xfe, 0x20, 0xbf, 0xfa, 0x89, 0xef, 0xfb,
    0xb, 0xff, 0x40, 0x2, 0xff, 0xf0, 0xbf, 0xf4,
    0x0, 0xf, 0xff, 0xb, 0xff, 0x40, 0x17, 0xff,
    0xd0, 0xbf, 0xff, 0xff, 0xff, 0xf6, 0xb, 0xff,
    0xff, 0xff, 0xf7, 0x0, 0xbf, 0xfa, 0xaf, 0xfb,
    0x0, 0xb, 0xff, 0x40, 0xef, 0xf3, 0x0, 0xbf,
    0xf4, 0x7, 0xff, 0xa0, 0xb, 0xff, 0x40, 0x1f,
    0xff, 0x20, 0xbf, 0xf4, 0x0, 0x9f, 0xf9, 0xb,
    0xff, 0x40, 0x2, 0xff, 0xf1,

    /* U+0053 "S" */
    0x0, 0x18, 0xdf, 0xfd, 0x80, 0x0, 0x1, 0xdf,
    0xff, 0xff, 0xfd, 0x10, 0x9, 0xff, 0xe9, 0xaf,
    0xff, 0x80, 0xc, 0xff, 0x40, 0x4, 0xee, 0xb0,
    0xc, 0xff, 0x40, 0x0, 0x0, 0x0, 0x8, 0xff,
    0xe8, 0x40, 0x0, 0x0, 0x0, 0xcf, 0xff, 0xff,
    0xb2, 0x0, 0x0, 0x7, 0xef, 0xff, 0xff, 0x30,
    0x0, 0x0, 0x2, 0x6d, 0xff, 0xc0, 0x0, 0x0,
    0x0, 0x1, 0xff, 0xf0, 0xf, 0xff, 0x10, 0x1,
    0xff, 0xf0, 0xb, 0xff, 0xea, 0x9e, 0xff, 0xb0,
    0x2, 0xef, 0xff, 0xff, 0xfe, 0x20, 0x0, 0x18,
    0xdf, 0xfd, 0x81, 0x0,

    /* U+0054 "T" */
    0x3f, 0xff, 0xff, 0xff, 0xff, 0xf3, 0x3f, 0xff,
    0xff, 0xff, 0xff, 0xf3, 0x2b, 0xbb, 0xdf, 0xfd,
    0xbb, 0xb2, 0x0, 0x0, 0x8f, 0xf8, 0x0, 0x0,
    0x0, 0x0, 0x8f, 0xf8, 0x0, 0x0, 0x0, 0x0,
    0x8f, 0xf8, 0x0, 0x0, 0x0, 0x0, 0x8f, 0xf8,
    0x0, 0x0, 0x0, 0x0, 0x8f, 0xf8, 0x0, 0x0,
    0x0, 0x0, 0x8f, 0xf8, 0x0, 0x0, 0x0, 0x0,
    0x8f, 0xf8, 0x0, 0x0, 0x0, 0x0, 0x8f, 0xf8,
    0x0, 0x0, 0x0, 0x0, 0x8f, 0xf8, 0x0, 0x0,
    0x0, 0x0, 0x8f, 0xf8, 0x0, 0x0, 0x0, 0x0,
    0x8f, 0xf8, 0x0, 0x0,

    /* U+0055 "U" */
    0xcf, 0xf3, 0x0, 0x3f, 0xfc, 0xcf, 0xf3, 0x0,
    0x3f, 0xfc, 0xcf, 0xf3, 0x0, 0x3f, 0xfc, 0xcf,
    0xf3, 0x0, 0x3f, 0xfc, 0xcf, 0xf3, 0x0, 0x3f,
    0xfc, 0xcf, 0xf3, 0x0, 0x3f, 0xfc, 0xcf, 0xf3,
    0x0, 0x3f, 0xfc, 0xcf, 0xf3, 0x0, 0x3f, 0xfc,
    0xcf, 0xf3, 0x0, 0x3f, 0xfc, 0xcf, 0xf3, 0x0,
    0x3f, 0xfc, 0xbf, 0xf6, 0x0, 0x6f, 0xfb, 0x7f,
    0xff, 0xaa, 0xff, 0xf7, 0xc, 0xff, 0xff, 0xff,
    0xc0, 0x0, 0x7d, 0xff, 0xd7, 0x0,

    /* U+0056 "V" */
    0x5f, 0xfb, 0x0, 0x0, 0xaf, 0xf5, 0x1f, 0xfe,
    0x0, 0x0, 0xdf, 0xf1, 0xd, 0xff, 0x20, 0x1,
    0xff, 0xd0, 0x9, 0xff, 0x60, 0x4, 0xff, 0x90,
    0x5, 0xff, 0xa0, 0x8, 0xff, 0x50, 0x1, 0xff,
    0xd0, 0xb, 0xff, 0x10, 0x0, 0xdf, 0xf1, 0xf,
    0xfd, 0x0, 0x0, 0x8f, 0xf5, 0x3f, 0xf9, 0x0,
    0x0, 0x4f, 0xf8, 0x6f, 0xf5, 0x0, 0x0, 0xf,
    0xfc, 0x9f, 0xf1, 0x0, 0x0, 0xc, 0xff, 0xcf,
    0xd0, 0x0, 0x0, 0x8, 0xff, 0xff, 0x80, 0x0,
    0x0, 0x4, 0xff, 0xff, 0x40, 0x0, 0x0, 0x0,
    0xff, 0xff, 0x0, 0x0,

    /* U+0057 "W" */
    0xcf, 0xb0, 0x2f, 0xf3, 0xb, 0xfb, 0xaf, 0xc0,
    0x4f, 0xf5, 0xc, 0xfa, 0x8f, 0xd0, 0x6f, 0xf6,
    0xd, 0xf8, 0x7f, 0xe0, 0x8e, 0xd8, 0xf, 0xf6,
    0x5f, 0xf0, 0xac, 0xca, 0xf, 0xf5, 0x4f, 0xf1,
    0xca, 0xac, 0x1f, 0xf3, 0x2f, 0xf2, 0xe9, 0x9e,
    0x2f, 0xf1, 0x1f, 0xf4, 0xf7, 0x7f, 0x3f, 0xf0,
    0xf, 0xf7, 0xf5, 0x5f, 0x6f, 0xe0, 0xe, 0xfa,
    0xf3, 0x4f, 0x9f, 0xc0, 0xc, 0xfc, 0xf1, 0x2f,
    0xbf, 0xb0, 0xa, 0xfe, 0xf0, 0xf, 0xef, 0x90,
    0x9, 0xff, 0xe0, 0xf, 0xff, 0x70, 0x7, 0xff,
    0xc0, 0xd, 0xff, 0x60,

    /* U+0058 "X" */
    0x1f, 0xff, 0x30, 0x2, 0xff, 0xf1, 0x8, 0xff,
    0xb0, 0xa, 0xff, 0x80, 0x1, 0xef, 0xf3, 0x2f,
    0xfe, 0x10, 0x0, 0x7f, 0xfb, 0xaf, 0xf7, 0x0,
    0x0, 0xe, 0xff, 0xff, 0xe0, 0x0, 0x0, 0x5,
    0xff, 0xff, 0x50, 0x0, 0x0, 0x0, 0xdf, 0xfd,
    0x0, 0x0, 0x0, 0x1, 0xff, 0xff, 0x10, 0x0,
    0x0, 0xa, 0xff, 0xff, 0x90, 0x0, 0x0, 0x2f,
    0xfd, 0xef, 0xf2, 0x0, 0x0, 0xbf, 0xf6, 0x7f,
    0xfb, 0x0, 0x3, 0xff, 0xd0, 0xe, 0xff, 0x30,
    0xc, 0xff, 0x60, 0x7, 0xff, 0xc0, 0x5f, 0xfd,
    0x0, 0x0, 0xef, 0xf5,

    /* U+0059 "Y" */
    0x7f, 0xfa, 0x0, 0x0, 0xaf, 0xf7, 0xf, 0xff,
    0x10, 0x1, 0xff, 0xf0, 0x8, 0xff, 0x80, 0x7,
    0xff, 0x80, 0x1, 0xff, 0xe0, 0xe, 0xff, 0x10,
    0x0, 0x9f, 0xf6, 0x4f, 0xf9, 0x0, 0x0, 0x2f,
    0xfb, 0x9f, 0xf2, 0x0, 0x0, 0xa, 0xff, 0xef,
    0xa0, 0x0, 0x0, 0x3, 0xff, 0xff, 0x30, 0x0,
    0x0, 0x0, 0xbf, 0xfb, 0x0, 0x0, 0x0, 0x0,
    0x8f, 0xf8, 0x0, 0x0, 0x0, 0x0, 0x8f, 0xf8,
    0x0, 0x0, 0x0, 0x0, 0x8f, 0xf8, 0x0, 0x0,
    0x0, 0x0, 0x8f, 0xf8, 0x0, 0x0, 0x0, 0x0,
    0x8f, 0xf8, 0x0, 0x0,

    /* U+005A "Z" */
    0x5f, 0xff, 0xff, 0xff, 0xf4, 0x5f, 0xff, 0xff,
    0xff, 0xf4, 0x4b, 0xbb, 0xbc, 0xff, 0xf4, 0x0,
    0x0, 0x9, 0xff, 0xc0, 0x0, 0x0, 0x4f, 0xff,
    0x20, 0x0, 0x0, 0xdf, 0xf8, 0x0, 0x0, 0x8,
    0xff, 0xd0, 0x0, 0x0, 0x2f, 0xff, 0x40, 0x0,
    0x0, 0xcf, 0xfa, 0x0, 0x0, 0x6, 0xff, 0xe1,
    0x0, 0x0, 0x1e, 0xff, 0x60, 0x0, 0x0, 0x7f,
    0xff, 0xcc, 0xcc, 0xc6, 0x8f, 0xff, 0xff, 0xff,
    0xf8, 0x8f, 0xff, 0xff, 0xff, 0xf8,

    /* U+005B "[" */
    0x7c, 0xcc, 0xcc, 0x69, 0xff, 0xff, 0xf8, 0x9f,
    0xff, 0xff, 0x89, 0xff, 0x60, 0x0, 0x9f, 0xf6,
    0x0, 0x9, 0xff, 0x60, 0x0, 0x9f, 0xf6, 0x0,
    0x9, 0xff, 0x60, 0x0, 0x9f, 0xf6, 0x0, 0x9,
    0xff, 0x60, 0x0, 0x9f, 0xf6, 0x0, 0x9, 0xff,
    0x60, 0x0, 0x9f, 0xf6, 0x0, 0x9, 0xff, 0x60,
    0x0, 0x9f, 0xf6, 0x0, 0x9, 0xff, 0x60, 0x0,
    0x9f, 0xfd, 0xcc, 0x69, 0xff, 0xff, 0xf8, 0x9f,
    0xff, 0xff, 0x80,

    /* U+005C "\\" */
    0x7, 0x88, 0x10, 0x0, 0x0, 0x0, 0xaf, 0xf7,
    0x0, 0x0, 0x0, 0x4, 0xff, 0xd0, 0x0, 0x0,
    0x0, 0xe, 0xff, 0x30, 0x0, 0x0, 0x0, 0x8f,
    0xf9, 0x0, 0x0, 0x0, 0x2, 0xff, 0xe0, 0x0,
    0x0, 0x0, 0xc, 0xff, 0x50, 0x0, 0x0, 0x0,
    0x6f, 0xfb, 0x0, 0x0, 0x0, 0x1, 0xff, 0xf1,
    0x0, 0x0, 0x0, 0xa, 0xff, 0x60, 0x0, 0x0,
    0x0, 0x4f, 0xfc, 0x0, 0x0, 0x0, 0x0, 0xef,
    0xf2, 0x0, 0x0, 0x0, 0x8, 0xff, 0x80, 0x0,
    0x0, 0x0, 0x2f, 0xfe, 0x0, 0x0, 0x0, 0x0,
    0xcf, 0xf4, 0x0, 0x0, 0x0, 0x6, 0xff, 0xa0,
    0x0, 0x0, 0x0, 0x1f, 0xff, 0x10, 0x0, 0x0,
    0x0, 0xaf, 0xf6, 0x0, 0x0, 0x0, 0x5, 0xff,
    0xc0,

    /* U+005D "]" */
    0x6c, 0xcc, 0xcc, 0x78, 0xff, 0xff, 0xf9, 0x8f,
    0xff, 0xff, 0x90, 0x0, 0x6f, 0xf9, 0x0, 0x6,
    0xff, 0x90, 0x0, 0x6f, 0xf9, 0x0, 0x6, 0xff,
    0x90, 0x0, 0x6f, 0xf9, 0x0, 0x6, 0xff, 0x90,
    0x0, 0x6f, 0xf9, 0x0, 0x6, 0xff, 0x90, 0x0,
    0x6f, 0xf9, 0x0, 0x6, 0xff, 0x90, 0x0, 0x6f,
    0xf9, 0x0, 0x6, 0xff, 0x90, 0x0, 0x6f, 0xf9,
    0x6c, 0xcd, 0xff, 0x98, 0xff, 0xff, 0xf9, 0x8f,
    0xff, 0xff, 0x90,

    /* U+005E "^" */
    0x0, 0x4, 0x88, 0x40, 0x0, 0x0, 0xd, 0xff,
    0xe0, 0x0, 0x0, 0x5f, 0xff, 0xf5, 0x0, 0x0,
    0xcf, 0xcb, 0xfc, 0x0, 0x3, 0xff, 0x66, 0xff,
    0x30, 0xa, 0xff, 0x0, 0xff, 0xb0, 0x2f, 0xf9,
    0x0, 0x9f, 0xf2, 0x9f, 0xf3, 0x0, 0x3f, 0xf9,

    /* U+005F "_" */
    0x9c, 0xcc, 0xcc, 0xcc, 0xc9, 0xcf, 0xff, 0xff,
    0xff, 0xfc, 0xcf, 0xff, 0xff, 0xff, 0xfc,

    /* U+0060 "`" */
    0x8c, 0xc7, 0x0, 0x1d, 0xff, 0x40, 0x2, 0xef,
    0xe1,

    /* U+0061 "a" */
    0x0, 0x5, 0xce, 0xfd, 0x81, 0x0, 0xa, 0xff,
    0xff, 0xff, 0xd1, 0x4, 0xff, 0xe7, 0x6d, 0xff,
    0x70, 0x48, 0x83, 0x0, 0x5f, 0xfb, 0x0, 0x6,
    0x8a, 0xac, 0xff, 0xb0, 0x3e, 0xff, 0xff, 0xff,
    0xfb, 0xc, 0xff, 0x60, 0x4, 0xff, 0xb0, 0xff,
    0xf0, 0x0, 0x5f, 0xfb, 0xe, 0xff, 0x93, 0x5e,
    0xff, 0xb0, 0x7f, 0xff, 0xff, 0xbf, 0xfb, 0x0,
    0x6d, 0xfd, 0x83, 0xff, 0xb0,

    /* U+0062 "b" */
    0xbf, 0xf5, 0x0, 0x0, 0x0, 0xbf, 0xf5, 0x0,
    0x0, 0x0, 0xbf, 0xf4, 0x0, 0x0, 0x0, 0xbf,
    0xf4, 0x8e, 0xfb, 0x20, 0xbf, 0xfb, 0xff, 0xff,
    0xe1, 0xbf, 0xff, 0xaa, 0xff, 0xf8, 0xbf, 0xf8,
    0x0, 0x6f, 0xfb, 0xbf, 0xf5, 0x0, 0x3f, 0xfc,
    0xbf, 0xf5, 0x0, 0x3f, 0xfc, 0xbf, 0xf5, 0x0,
    0x3f, 0xfc, 0xbf, 0xf8, 0x0, 0x6f, 0xfb, 0xbf,
    0xff, 0xaa, 0xff, 0xf8, 0xbf, 0xfa, 0xff, 0xff,
    0xe1, 0xbf, 0xf3, 0x8e, 0xfb, 0x30,

    /* U+0063 "c" */
    0x0, 0x6c, 0xff, 0xd8, 0x0, 0xb, 0xff, 0xff,
    0xff, 0xd1, 0x6f, 0xff, 0xaa, 0xff, 0xf9, 0xbf,
    0xf6, 0x0, 0x4f, 0xfd, 0xcf, 0xf3, 0x0, 0x0,
    0x0, 0xcf, 0xf3, 0x0, 0x0, 0x0, 0xcf, 0xf3,
    0x0, 0x0, 0x0, 0xbf, 0xf6, 0x0, 0x4f, 0xfd,
    0x6f, 0xff, 0xa9, 0xff, 0xf9, 0xb, 0xff, 0xff,
    0xff, 0xd1, 0x0, 0x6c, 0xff, 0xd8, 0x10,

    /* U+0064 "d" */
    0x0, 0x0, 0x0, 0x5f, 0xfb, 0x0, 0x0, 0x0,
    0x5f, 0xfb, 0x0, 0x0, 0x0, 0x4f, 0xfb, 0x2,
    0xbf, 0xe8, 0x4f, 0xfb, 0x1e, 0xff, 0xff, 0xbf,
    0xfb, 0x8f, 0xff, 0xaa, 0xff, 0xfb, 0xbf, 0xf6,
    0x0, 0x8f, 0xfb, 0xcf, 0xf3, 0x0, 0x5f, 0xfb,
    0xcf, 0xf3, 0x0, 0x5f, 0xfb, 0xcf, 0xf3, 0x0,
    0x5f, 0xfb, 0xbf, 0xf6, 0x0, 0x8f, 0xfb, 0x8f,
    0xff, 0xaa, 0xff, 0xfb, 0x1e, 0xff, 0xff, 0xaf,
    0xfb, 0x3, 0xbf, 0xe8, 0x3f, 0xfb,

    /* U+0065 "e" */
    0x0, 0x7c, 0xff, 0xd7, 0x0, 0xb, 0xff, 0xff,
    0xff, 0xc0, 0x6f, 0xfc, 0x44, 0xcf, 0xf7, 0xbf,
    0xf2, 0x0, 0x2f, 0xfb, 0xcf, 0xfb, 0xbb, 0xbf,
    0xfc, 0xcf, 0xff, 0xff, 0xff, 0xfc, 0xcf, 0xf1,
    0x0, 0x0, 0x0, 0xbf, 0xf3, 0x0, 0x3, 0x31,
    0x6f, 0xfd, 0x55, 0xcf, 0xf6, 0xb, 0xff, 0xff,
    0xff, 0xa0, 0x0, 0x7c, 0xfe, 0xc6, 0x0,

    /* U+0066 "f" */
    0x0, 0x0, 0x7, 0xdf, 0xff, 0xe0, 0x0, 0xa,
    0xff, 0xff, 0xfe, 0x0, 0x0, 0xff, 0xfa, 0x88,
    0x80, 0x0, 0x1f, 0xfe, 0x0, 0x0, 0xa, 0xab,
    0xff, 0xfa, 0xaa, 0x90, 0xff, 0xff, 0xff, 0xff,
    0xfe, 0xf, 0xff, 0xff, 0xff, 0xff, 0xe0, 0x0,
    0x1f, 0xfe, 0x0, 0x0, 0x0, 0x1, 0xff, 0xe0,
    0x0, 0x0, 0x0, 0x1f, 0xfe, 0x0, 0x0, 0x0,
    0x1, 0xff, 0xe0, 0x0, 0x0, 0x0, 0x1f, 0xfe,
    0x0, 0x0, 0x0, 0x1, 0xff, 0xe0, 0x0, 0x0,
    0x0, 0x1f, 0xfe, 0x0, 0x0,

    /* U+0067 "g" */
    0x2, 0xbf, 0xe8, 0x5f, 0xfb, 0xe, 0xff, 0xff,
    0xbf, 0xfb, 0x7f, 0xff, 0xab, 0xff, 0xfb, 0xaf,
    0xf7, 0x0, 0x9f, 0xfb, 0xcf, 0xf3, 0x0, 0x5f,
    0xfb, 0xcf, 0xf3, 0x0, 0x5f, 0xfb, 0xcf, 0xf3,
    0x0, 0x5f, 0xfb, 0xaf, 0xf6, 0x0, 0x8f, 0xfb,
    0x7f, 0xff, 0xaa, 0xff, 0xfb, 0xe, 0xff, 0xff,
    0xbf, 0xfb, 0x2, 0xbf, 0xe8, 0x4f, 0xfb, 0x0,
    0x0, 0x0, 0x5f, 0xfa, 0x0, 0x55, 0x57, 0xef,
    0xf6, 0x1, 0xff, 0xff, 0xff, 0xc0, 0x1, 0xff,
    0xff, 0xd8, 0x0,

    /* U+0068 "h" */
    0xbf, 0xf5, 0x0, 0x0, 0x0, 0xbf, 0xf5, 0x0,
    0x0, 0x0, 0xbf, 0xf5, 0x0, 0x0, 0x0, 0xbf,
    0xf5, 0x8e, 0xfb, 0x20, 0xbf, 0xfb, 0xff, 0xff,
    0xe0, 0xbf, 0xff, 0xaa, 0xff, 0xf7, 0xbf, 0xf8,
    0x0, 0x7f, 0xfa, 0xbf, 0xf5, 0x0, 0x4f, 0xfb,
    0xbf, 0xf5, 0x0, 0x4f, 0xfb, 0xbf, 0xf5, 0x0,
    0x4f, 0xfb, 0xbf, 0xf5, 0x0, 0x4f, 0xfb, 0xbf,
    0xf5, 0x0, 0x4f, 0xfb, 0xbf, 0xf5, 0x0, 0x4f,
    0xfb, 0xbf, 0xf5, 0x0, 0x4f, 0xfb,

    /* U+0069 "i" */
    0x0, 0x1, 0xcf, 0xa0, 0x0, 0x0, 0x0, 0x5f,
    0xff, 0x20, 0x0, 0x0, 0x1, 0xdf, 0xb0, 0x0,
    0x0, 0x0, 0x0, 0x0, 0x0, 0x0, 0x0, 0x0,
    0x0, 0x0, 0x0, 0x1, 0xff, 0xff, 0xff, 0x0,
    0x0, 0x1f, 0xff, 0xff, 0xf0, 0x0, 0x0, 0xaa,
    0xae, 0xff, 0x0, 0x0, 0x0, 0x0, 0xcf, 0xf0,
    0x0, 0x0, 0x0, 0xc, 0xff, 0x0, 0x0, 0x0,
    0x0, 0xcf, 0xf0, 0x0, 0x0, 0x0, 0xc, 0xff,
    0x0, 0x0, 0x0, 0x0, 0xcf, 0xf0, 0x0, 0x6,
    0xaa, 0xae, 0xff, 0xaa, 0xa2, 0x9f, 0xff, 0xff,
    0xff, 0xff, 0x39, 0xff, 0xff, 0xff, 0xff, 0xf3,

    /* U+006A "j" */
    0x0, 0x0, 0x0, 0x0, 0x0, 0x0, 0x0, 0x7f,
    0xf4, 0x0, 0x0, 0xd, 0xff, 0xa0, 0x0, 0x0,
    0x6f, 0xe4, 0x0, 0x0, 0x0, 0x0, 0x0, 0xcf,
    0xff, 0xff, 0xf8, 0xc, 0xff, 0xff, 0xff, 0x80,
    0x9c, 0xcc, 0xef, 0xf8, 0x0, 0x0, 0x8, 0xff,
    0x80, 0x0, 0x0, 0x8f, 0xf8, 0x0, 0x0, 0x8,
    0xff, 0x80, 0x0, 0x0, 0x8f, 0xf8, 0x0, 0x0,
    0x8, 0xff, 0x80, 0x0, 0x0, 0x8f, 0xf8, 0x0,
    0x0, 0x8, 0xff, 0x80, 0x0, 0x0, 0x8f, 0xf7,
    0x0, 0x0, 0xc, 0xff, 0x64, 0xcc, 0xce, 0xff,
    0xf2, 0x6f, 0xff, 0xff, 0xf8, 0x6, 0xff, 0xff,
    0xc5, 0x0,

    /* U+006B "k" */
    0xaf, 0xf6, 0x0, 0x0, 0x0, 0xa, 0xff, 0x60,
    0x0, 0x0, 0x0, 0xaf, 0xf6, 0x0, 0x0, 0x0,
    0xa, 0xff, 0x60, 0x1, 0xff, 0xf3, 0xaf, 0xf6,
    0x0, 0x9f, 0xfb, 0xa, 0xff, 0x60, 0x2f, 0xff,
    0x20, 0xaf, 0xf6, 0xa, 0xff, 0x90, 0xa, 0xff,
    0xa8, 0xff, 0xf1, 0x0, 0xaf, 0xff, 0xff, 0xf9,
    0x0, 0xa, 0xff, 0xff, 0xff, 0xd0, 0x0, 0xaf,
    0xf6, 0xd, 0xff, 0x70, 0xa, 0xff, 0x60, 0x4f,
    0xff, 0x10, 0xaf, 0xf6, 0x0, 0xbf, 0xfa, 0xa,
    0xff, 0x60, 0x2, 0xff, 0xf4,

    /* U+006C "l" */
    0x8f, 0xff, 0xff, 0xe0, 0x0, 0x0, 0x8f, 0xff,
    0xff, 0xe0, 0x0, 0x0, 0x5a, 0xaa, 0xff, 0xe0,
    0x0, 0x0, 0x0, 0x1, 0xff, 0xe0, 0x0, 0x0,
    0x0, 0x1, 0xff, 0xe0, 0x0, 0x0, 0x0, 0x1,
    0xff, 0xe0, 0x0, 0x0, 0x0, 0x1, 0xff, 0xe0,
    0x0, 0x0, 0x0, 0x1, 0xff, 0xe0, 0x0, 0x0,
    0x0, 0x1, 0xff, 0xe0, 0x0, 0x0, 0x0, 0x1,
    0xff, 0xe0, 0x0, 0x0, 0x0, 0x1, 0xff, 0xf0,
    0x0, 0x0, 0x0, 0x0, 0xef, 0xfd, 0xaa, 0xa3,
    0x0, 0x0, 0x6f, 0xff, 0xff, 0xf4, 0x0, 0x0,
    0x5, 0xcf, 0xff, 0xf4,

    /* U+006D "m" */
    0x2f, 0xf6, 0xde, 0x56, 0xee, 0x40, 0x2f, 0xfd,
    0xef, 0xed, 0xff, 0xe0, 0x2f, 0xf8, 0x1f, 0xf2,
    0x7f, 0xf2, 0x2f, 0xf6, 0xf, 0xf0, 0x6f, 0xf3,
    0x2f, 0xf6, 0xf, 0xf0, 0x6f, 0xf3, 0x2f, 0xf6,
    0xf, 0xf0, 0x6f, 0xf3, 0x2f, 0xf6, 0xf, 0xf0,
    0x6f, 0xf3, 0x2f, 0xf6, 0xf, 0xf0, 0x6f, 0xf3,
    0x2f, 0xf6, 0xf, 0xf0, 0x6f, 0xf3, 0x2f, 0xf6,
    0xf, 0xf0, 0x6f, 0xf3, 0x2f, 0xf6, 0xf, 0xf0,
    0x6f, 0xf3,

    /* U+006E "n" */
    0xbf, 0xf3, 0x8e, 0xfb, 0x20, 0xbf, 0xfb, 0xff,
    0xff, 0xe0, 0xbf, 0xfe, 0x77, 0xef, 0xf7, 0xbf,
    0xf7, 0x0, 0x6f, 0xfa, 0xbf, 0xf5, 0x0, 0x4f,
    0xfb, 0xbf, 0xf5, 0x0, 0x4f, 0xfb, 0xbf, 0xf5,
    0x0, 0x4f, 0xfb, 0xbf, 0xf5, 0x0, 0x4f, 0xfb,
    0xbf, 0xf5, 0x0, 0x4f, 0xfb, 0xbf, 0xf5, 0x0,
    0x4f, 0xfb, 0xbf, 0xf5, 0x0, 0x4f, 0xfb,

    /* U+006F "o" */
    0x0, 0x7c, 0xff, 0xc7, 0x0, 0xb, 0xff, 0xff,
    0xff, 0xb0, 0x6f, 0xff, 0xaa, 0xff, 0xf6, 0xbf,
    0xf6, 0x0, 0x6f, 0xfb, 0xcf, 0xf3, 0x0, 0x3f,
    0xfc, 0xcf, 0xf3, 0x0, 0x3f, 0xfc, 0xcf, 0xf3,
    0x0, 0x3f, 0xfc, 0xbf, 0xf6, 0x0, 0x6f, 0xfb,
    0x6f, 0xff, 0xaa, 0xff, 0xf6, 0xb, 0xff, 0xff,
    0xff, 0xb0, 0x0, 0x7c, 0xff, 0xc7, 0x0,

    /* U+0070 "p" */
    0xbf, 0xf4, 0x9e, 0xfb, 0x20, 0xbf, 0xfb, 0xff,
    0xff, 0xe1, 0xbf, 0xfe, 0x76, 0xef, 0xf8, 0xbf,
    0xf7, 0x0, 0x5f, 0xfb, 0xbf, 0xf5, 0x0, 0x3f,
    0xfc, 0xbf, 0xf5, 0x0, 0x3f, 0xfc, 0xbf, 0xf5,
    0x0, 0x3f, 0xfc, 0xbf, 0xf8, 0x0, 0x6f, 0xfb,
    0xbf, 0xff, 0xaa, 0xff, 0xf8, 0xbf, 0xfa, 0xff,
    0xff, 0xe1, 0xbf, 0xf4, 0x8e, 0xfb, 0x20, 0xbf,
    0xf4, 0x0, 0x0, 0x0, 0xbf, 0xf5, 0x0, 0x0,
    0x0, 0xbf, 0xf5, 0x0, 0x0, 0x0, 0xbf, 0xf5,
    0x0, 0x0, 0x0,

    /* U+0071 "q" */
    0x2, 0xbf, 0xe8, 0x3f, 0xfb, 0x1e, 0xff, 0xff,
    0xaf, 0xfb, 0x8f, 0xff, 0xaa, 0xff, 0xfb, 0xbf,
    0xf6, 0x0, 0x8f, 0xfb, 0xcf, 0xf3, 0x0, 0x5f,
    0xfb, 0xcf, 0xf3, 0x0, 0x5f, 0xfb, 0xcf, 0xf3,
    0x0, 0x5f, 0xfb, 0xbf, 0xf6, 0x0, 0x8f, 0xfb,
    0x8f, 0xff, 0xaa, 0xff, 0xfb, 0x1e, 0xff, 0xff,
    0xaf, 0xfb, 0x3, 0xbf, 0xe8, 0x4f, 0xfb, 0x0,
    0x0, 0x0, 0x4f, 0xfb, 0x0, 0x0, 0x0, 0x5f,
    0xfb, 0x0, 0x0, 0x0, 0x5f, 0xfb, 0x0, 0x0,
    0x0, 0x5f, 0xfb,

    /* U+0072 "r" */
    0x5f, 0xf7, 0x6d, 0xfe, 0x90, 0x5, 0xff, 0xbf,
    0xff, 0xff, 0xb0, 0x5f, 0xff, 0x84, 0xaf, 0xff,
    0x25, 0xff, 0xc0, 0x0, 0xef, 0xf5, 0x5f, 0xfa,
    0x0, 0xb, 0xee, 0x55, 0xff, 0xa0, 0x0, 0x0,
    0x0, 0x5f, 0xfa, 0x0, 0x0, 0x0, 0x5, 0xff,
    0xa0, 0x0, 0x0, 0x0, 0x5f, 0xfa, 0x0, 0x0,
    0x0, 0x5, 0xff, 0xa0, 0x0, 0x0, 0x0, 0x5f,
    0xfa, 0x0, 0x0, 0x0, 0x0,

    /* U+0073 "s" */
    0x3, 0xbe, 0xff, 0xda, 0x20, 0x3f, 0xff, 0xff,
    0xff, 0xf3, 0x9f, 0xfa, 0x55, 0xaf, 0xfb, 0xaf,
    0xf5, 0x0, 0x3, 0x32, 0x6f, 0xff, 0xc9, 0x73,
    0x0, 0x8, 0xff, 0xff, 0xff, 0xd2, 0x0, 0x3,
    0x68, 0xcf, 0xfc, 0x45, 0x50, 0x0, 0xf, 0xff,
    0xdf, 0xf9, 0x55, 0x8f, 0xfe, 0x5f, 0xff, 0xff,
    0xff, 0xf6, 0x3, 0xae, 0xff, 0xeb, 0x50,

    /* U+0074 "t" */
    0x0, 0x6, 0xff, 0x90, 0x0, 0x0, 0x0, 0x6f,
    0xf9, 0x0, 0x0, 0x0, 0x6, 0xff, 0x90, 0x0,
    0x4, 0xff, 0xff, 0xff, 0xff, 0xfb, 0x4f, 0xff,
    0xff, 0xff, 0xff, 0xb3, 0xaa, 0xcf, 0xfd, 0xaa,
    0xa7, 0x0, 0x6, 0xff, 0x90, 0x0, 0x0, 0x0,
    0x6f, 0xf9, 0x0, 0x0, 0x0, 0x6, 0xff, 0x90,
    0x0, 0x0, 0x0, 0x6f, 0xf9, 0x0, 0x0, 0x0,
    0x6, 0xff, 0xa0, 0x0, 0x0, 0x0, 0x3f, 0xff,
    0xba, 0xa5, 0x0, 0x0, 0xcf, 0xff, 0xff, 0x80,
    0x0, 0x1, 0x9e, 0xff, 0xf8,

    /* U+0075 "u" */
    0xbf, 0xf4, 0x0, 0x4f, 0xfb, 0xbf, 0xf4, 0x0,
    0x4f, 0xfb, 0xbf, 0xf4, 0x0, 0x4f, 0xfb, 0xbf,
    0xf4, 0x0, 0x4f, 0xfb, 0xbf, 0xf4, 0x0, 0x4f,
    0xfb, 0xbf, 0xf4, 0x0, 0x4f, 0xfb, 0xbf, 0xf4,
    0x0, 0x4f, 0xfb, 0xaf, 0xf7, 0x0, 0x7f, 0xf9,
    0x5f, 0xff, 0xaa, 0xff, 0xf5, 0xb, 0xff, 0xff,
    0xff, 0xb0, 0x0, 0x7d, 0xff, 0xd7, 0x0,

    /* U+0076 "v" */
    0x4f, 0xfc, 0x0, 0x0, 0xbf, 0xf4, 0xf, 0xff,
    0x10, 0x0, 0xff, 0xf0, 0xa, 0xff, 0x60, 0x5,
    0xff, 0xa0, 0x5, 0xff, 0xa0, 0xa, 0xff, 0x50,
    0x0, 0xff, 0xf0, 0xe, 0xff, 0x0, 0x0, 0xaf,
    0xf4, 0x3f, 0xfa, 0x0, 0x0, 0x5f, 0xf9, 0x7f,
    0xf5, 0x0, 0x0, 0xf, 0xfd, 0xbf, 0xf0, 0x0,
    0x0, 0xa, 0xff, 0xff, 0xb0, 0x0, 0x0, 0x5,
    0xff, 0xff, 0x60, 0x0, 0x0, 0x0, 0xff, 0xff,
    0x10, 0x0,

    /* U+0077 "w" */
    0xbf, 0xa0, 0x1f, 0xf2, 0x9, 0xfb, 0x9f, 0xc0,
    0x3f, 0xf4, 0xc, 0xf9, 0x6f, 0xe0, 0x6f, 0xf6,
    0xe, 0xf6, 0x4f, 0xf1, 0x8d, 0xd9, 0xf, 0xf4,
    0x2f, 0xf3, 0xbb, 0xab, 0x2f, 0xf2, 0xf, 0xf5,
    0xd8, 0x8d, 0x4f, 0xf0, 0xd, 0xf7, 0xf6, 0x6f,
    0x7f, 0xd0, 0xb, 0xfb, 0xf4, 0x4f, 0xbf, 0xb0,
    0x9, 0xfe, 0xf2, 0x2f, 0xef, 0x80, 0x6, 0xff,
    0xf0, 0xf, 0xff, 0x60, 0x4, 0xff, 0xe0, 0xe,
    0xff, 0x40,

    /* U+0078 "x" */
    0xd, 0xff, 0x60, 0x6, 0xff, 0xd0, 0x3, 0xff,
    0xf1, 0x1f, 0xff, 0x30, 0x0, 0x8f, 0xfa, 0xaf,
    0xf8, 0x0, 0x0, 0xd, 0xff, 0xff, 0xd0, 0x0,
    0x0, 0x3, 0xff, 0xff, 0x30, 0x0, 0x0, 0x0,
    0xdf, 0xfd, 0x0, 0x0, 0x0, 0x7, 0xff, 0xff,
    0x80, 0x0, 0x0, 0x2f, 0xfe, 0xef, 0xf2, 0x0,
    0x0, 0xcf, 0xf6, 0x6f, 0xfc, 0x0, 0x7, 0xff,
    0xc0, 0xc, 0xff, 0x70, 0x2f, 0xff, 0x30, 0x2,
    0xff, 0xf2,

    /* U+0079 "y" */
    0x4f, 0xfe, 0x0, 0x0, 0xcf, 0xf4, 0xe, 0xff,
    0x40, 0x2, 0xff, 0xe0, 0x8, 0xff, 0x90, 0x7,
    0xff, 0x90, 0x2, 0xff, 0xe0, 0xc, 0xff, 0x40,
    0x0, 0xcf, 0xf4, 0x1f, 0xfe, 0x0, 0x0, 0x6f,
    0xf9, 0x6f, 0xf9, 0x0, 0x0, 0xf, 0xfd, 0xaf,
    0xf3, 0x0, 0x0, 0x9, 0xff, 0xef, 0xe0, 0x0,
    0x0, 0x3, 0xff, 0xff, 0x80, 0x0, 0x0, 0x0,
    0xdf, 0xff, 0x20, 0x0, 0x0, 0x0, 0x7f, 0xfd,
    0x0, 0x0, 0x0, 0x0, 0xaf, 0xf7, 0x0, 0x0,
    0x0, 0x0, 0xff, 0xf2, 0x0, 0x0, 0x0, 0x5,
    0xff, 0xc0, 0x0, 0x0, 0x0, 0xa, 0xff, 0x70,
    0x0, 0x0,

    /* U+007A "z" */
    0x6f, 0xff, 0xff, 0xff, 0xf6, 0x6f, 0xff, 0xff,
    0xff, 0xf6, 0x38, 0x88, 0x8b, 0xff, 0xf4, 0x0,
    0x0, 0x2e, 0xff, 0x70, 0x0, 0x1, 0xdf, 0xf9,
    0x0, 0x0, 0xd, 0xff, 0xa0, 0x0, 0x0, 0xcf,
    0xfb, 0x0, 0x0, 0xb, 0xff, 0xc0, 0x0, 0x0,
    0x7f, 0xff, 0x98, 0x88, 0x85, 0x9f, 0xff, 0xff,
    0xff, 0xf9, 0x9f, 0xff, 0xff, 0xff, 0xf9,

    /* U+007B "{" */
    0x0, 0x0, 0x1, 0x8b, 0xc6, 0x0, 0x0, 0x2e,
    0xff, 0xf8, 0x0, 0x0, 0x9f, 0xff, 0xf8, 0x0,
    0x0, 0xcf, 0xf7, 0x0, 0x0, 0x0, 0xcf, 0xf3,
    0x0, 0x0, 0x0, 0xbf, 0xf4, 0x0, 0x0, 0x0,
    0x9f, 0xf5, 0x0, 0x0, 0x0, 0xcf, 0xf5, 0x0,
    0x6c, 0xcd, 0xff, 0xe1, 0x0, 0x8f, 0xff, 0xfd,
    0x20, 0x0, 0x8f, 0xff, 0xff, 0xd0, 0x0, 0x0,
    0x2, 0xdf, 0xf5, 0x0, 0x0, 0x0, 0x9f, 0xf5,
    0x0, 0x0, 0x0, 0xaf, 0xf4, 0x0, 0x0, 0x0,
    0xbf, 0xf3, 0x0, 0x0, 0x0, 0xcf, 0xf5, 0x0,
    0x0, 0x0, 0xaf, 0xff, 0xc6, 0x0, 0x0, 0x4f,
    0xff, 0xf8, 0x0, 0x0, 0x4, 0xcf, 0xf8,

    /* U+007C "|" */
    0x37, 0x73, 0x8f, 0xf8, 0x8f, 0xf8, 0x8f, 0xf8,
    0x8f, 0xf8, 0x8f, 0xf8, 0x8f, 0xf8, 0x8f, 0xf8,
    0x8f, 0xf8, 0x8f, 0xf8, 0x8f, 0xf8, 0x8f, 0xf8,
    0x8f, 0xf8, 0x8f, 0xf8, 0x8f, 0xf8, 0x8f, 0xf8,
    0x8f, 0xf8, 0x8f, 0xf8, 0x8f, 0xf8,

    /* U+007D "}" */
    0x6c, 0xb8, 0x10, 0x0, 0x0, 0x8f, 0xff, 0xe2,
    0x0, 0x0, 0x8f, 0xff, 0xfa, 0x0, 0x0, 0x0,
    0x6f, 0xfc, 0x0, 0x0, 0x0, 0x3f, 0xfb, 0x0,
    0x0, 0x0, 0x4f, 0xfa, 0x0, 0x0, 0x0, 0x5f,
    0xf9, 0x0, 0x0, 0x0, 0x5f, 0xfc, 0x0, 0x0,
    0x0, 0x1e, 0xff, 0xdc, 0xc6, 0x0, 0x2, 0xdf,
    0xff, 0xf8, 0x0, 0xc, 0xff, 0xff, 0xf8, 0x0,
    0x5f, 0xfd, 0x20, 0x0, 0x0, 0x6f, 0xf9, 0x0,
    0x0, 0x0, 0x4f, 0xfa, 0x0, 0x0, 0x0, 0x3f,
    0xfb, 0x0, 0x0, 0x0, 0x5f, 0xfc, 0x0, 0x0,
    0x6c, 0xff, 0xfa, 0x0, 0x0, 0x8f, 0xff, 0xf3,
    0x0, 0x0, 0x8f, 0xfc, 0x40, 0x0, 0x0,

    /* U+007E "~" */
    0x2, 0xbf, 0xe9, 0x0, 0x16, 0x61, 0xd, 0xff,
    0xff, 0xa0, 0x3f, 0xf3, 0x2f, 0xf8, 0x9f, 0xf9,
    0x8f, 0xf2, 0x3f, 0xf3, 0xb, 0xff, 0xff, 0xd0,
    0x16, 0x61, 0x0, 0x9f, 0xfb, 0x20,

    /* U+00C0 "À" */
    0x0, 0x3b, 0xcb, 0x0, 0x0, 0x0, 0x0, 0x8,
    0xff, 0xa0, 0x0, 0x0, 0x0, 0x0, 0xaf, 0xf6,
    0x0, 0x0, 0x0, 0x0, 0x0, 0x0, 0x0, 0x0,
    0x0, 0x0, 0x0, 0x0, 0x0, 0x0, 0x0, 0x0,
    0xff, 0xff, 0x0, 0x0, 0x0, 0x4, 0xff, 0xff,
    0x40, 0x0, 0x0, 0x9, 0xff, 0xff, 0x80, 0x0,
    0x0, 0xd, 0xfd, 0xdf, 0xc0, 0x0, 0x0, 0x1f,
    0xfa, 0xaf, 0xf0, 0x0, 0x0, 0x5f, 0xf6, 0x6f,
    0xf4, 0x0, 0x0, 0x9f, 0xf3, 0x3f, 0xf8, 0x0,
    0x0, 0xdf, 0xf0, 0xf, 0xfd, 0x0, 0x1, 0xff,
    0xe5, 0x5e, 0xff, 0x10, 0x5, 0xff, 0xff, 0xff,
    0xff, 0x50, 0x9, 0xff, 0xff, 0xff, 0xff, 0x90,
    0xd, 0xff, 0x20, 0x2, 0xff, 0xd0, 0x1f, 0xfe,
    0x0, 0x0, 0xef, 0xf1, 0x5f, 0xfa, 0x0, 0x0,
    0xaf, 0xf5,

    /* U+00C1 "Á" */
    0x0, 0x0, 0x0, 0xac, 0xb2, 0x0, 0x0, 0x0,
    0x9, 0xff, 0x70, 0x0, 0x0, 0x0, 0x6f, 0xfa,
    0x0, 0x0, 0x0, 0x0, 0x0, 0x0, 0x0, 0x0,
    0x0, 0x0, 0x0, 0x0, 0x0, 0x0, 0x0, 0x0,
    0xff, 0xff, 0x0, 0x0, 0x0, 0x4, 0xff, 0xff,
    0x40, 0x0, 0x0, 0x9, 0xff, 0xff, 0x80, 0x0,
    0x0, 0xd, 0xfd, 0xdf, 0xc0, 0x0, 0x0, 0x1f,
    0xfa, 0xaf, 0xf0, 0x0, 0x0, 0x5f, 0xf6, 0x6f,
    0xf4, 0x0, 0x0, 0x9f, 0xf3, 0x3f, 0xf8, 0x0,
    0x0, 0xdf, 0xf0, 0xf, 0xfd, 0x0, 0x1, 0xff,
    0xe5, 0x5e, 0xff, 0x10, 0x5, 0xff, 0xff, 0xff,
    0xff, 0x50, 0x9, 0xff, 0xff, 0xff, 0xff, 0x90,
    0xd, 0xff, 0x20, 0x2, 0xff, 0xd0, 0x1f, 0xfe,
    0x0, 0x0, 0xef, 0xf1, 0x5f, 0xfa, 0x0, 0x0,
    0xaf, 0xf5,

    /* U+00C2 "Â" */
    0x0, 0x0, 0x58, 0x85, 0x0, 0x0, 0x0, 0x7,
    0xff, 0xff, 0x70, 0x0, 0x0, 0x8f, 0xe3, 0x3e,
    0xf8, 0x0, 0x0, 0x0, 0x0, 0x0, 0x0, 0x0,
    0x0, 0x0, 0x0, 0x0, 0x0, 0x0, 0x0, 0x0,
    0xff, 0xff, 0x0, 0x0, 0x0, 0x4, 0xff, 0xff,
    0x40, 0x0, 0x0, 0x9, 0xff, 0xff, 0x80, 0x0,
    0x0, 0xd, 0xfd, 0xdf, 0xc0, 0x0, 0x0, 0x1f,
    0xfa, 0xaf, 0xf0, 0x0, 0x0, 0x5f, 0xf6, 0x6f,
    0xf4, 0x0, 0x0, 0x9f, 0xf3, 0x3f, 0xf8, 0x0,
    0x0, 0xdf, 0xf0, 0xf, 0xfd, 0x0, 0x1, 0xff,
    0xe5, 0x5e, 0xff, 0x10, 0x5, 0xff, 0xff, 0xff,
    0xff, 0x50, 0x9, 0xff, 0xff, 0xff, 0xff, 0x90,
    0xd, 0xff, 0x20, 0x2, 0xff, 0xd0, 0x1f, 0xfe,
    0x0, 0x0, 0xef, 0xf1, 0x5f, 0xfa, 0x0, 0x0,
    0xaf, 0xf5,

    /* U+00C3 "Ã" */
    0x0, 0xa, 0xec, 0x42, 0xf9, 0x0, 0x0, 0x6f,
    0xff, 0xff, 0xf6, 0x0, 0x0, 0x9f, 0x35, 0xdf,
    0xa0, 0x0, 0x0, 0x0, 0x0, 0x0, 0x0, 0x0,
    0x0, 0x0, 0x0, 0x0, 0x0, 0x0, 0x0, 0x0,
    0xff, 0xff, 0x0, 0x0, 0x0, 0x4, 0xff, 0xff,
    0x40, 0x0, 0x0, 0x9, 0xff, 0xff, 0x80, 0x0,
    0x0, 0xd, 0xfd, 0xdf, 0xc0, 0x0, 0x0, 0x1f,
    0xfa, 0xaf, 0xf0, 0x0, 0x0, 0x5f, 0xf6, 0x6f,
    0xf4, 0x0, 0x0, 0x9f, 0xf3, 0x3f, 0xf8, 0x0,
    0x0, 0xdf, 0xf0, 0xf, 0xfd, 0x0, 0x1, 0xff,
    0xe5, 0x5e, 0xff, 0x10, 0x5, 0xff, 0xff, 0xff,
    0xff, 0x50, 0x9, 0xff, 0xff, 0xff, 0xff, 0x90,
    0xd, 0xff, 0x20, 0x2, 0xff, 0xd0, 0x1f, 0xfe,
    0x0, 0x0, 0xef, 0xf1, 0x5f, 0xfa, 0x0, 0x0,
    0xaf, 0xf5,

    /* U+00C8 "È" */
    0x0, 0xac, 0xc4, 0x0, 0x0, 0x0, 0x3f, 0xfe,
    0x10, 0x0, 0x0, 0x4, 0xff, 0xc0, 0x0, 0x0,
    0x0, 0x0, 0x0, 0x0, 0x0, 0x0, 0x0, 0x0,
    0x0, 0x6f, 0xff, 0xff, 0xff, 0xf9, 0x6f, 0xff,
    0xff, 0xff, 0xf9, 0x6f, 0xfc, 0x88, 0x88, 0x84,
    0x6f, 0xf8, 0x0, 0x0, 0x0, 0x6f, 0xf8, 0x0,
    0x0, 0x0, 0x6f, 0xfc, 0x88, 0x88, 0x70, 0x6f,
    0xff, 0xff, 0xff, 0xe0, 0x6f, 0xff, 0xff, 0xff,
    0xe0, 0x6f, 0xf8, 0x0, 0x0, 0x0, 0x6f, 0xf8,
    0x0, 0x0, 0x0, 0x6f, 0xf8, 0x0, 0x0, 0x0,
    0x6f, 0xfc, 0x88, 0x88, 0x84, 0x6f, 0xff, 0xff,
    0xff, 0xf9, 0x6f, 0xff, 0xff, 0xff, 0xf9,

    /* U+00C9 "É" */
    0x0, 0x0, 0x6, 0xcc, 0x70, 0x0, 0x0, 0x3f,
    0xfd, 0x0, 0x0, 0x1, 0xef, 0xe2, 0x0, 0x0,
    0x0, 0x0, 0x0, 0x0, 0x0, 0x0, 0x0, 0x0,
    0x0, 0x6f, 0xff, 0xff, 0xff, 0xf9, 0x6f, 0xff,
    0xff, 0xff, 0xf9, 0x6f, 0xfc, 0x88, 0x88, 0x84,
    0x6f, 0xf8, 0x0, 0x0, 0x0, 0x6f, 0xf8, 0x0,
    0x0, 0x0, 0x6f, 0xfc, 0x88, 0x88, 0x70, 0x6f,
    0xff, 0xff, 0xff, 0xe0, 0x6f, 0xff, 0xff, 0xff,
    0xe0, 0x6f, 0xf8, 0x0, 0x0, 0x0, 0x6f, 0xf8,
    0x0, 0x0, 0x0, 0x6f, 0xf8, 0x0, 0x0, 0x0,
    0x6f, 0xfc, 0x88, 0x88, 0x84, 0x6f, 0xff, 0xff,
    0xff, 0xf9, 0x6f, 0xff, 0xff, 0xff, 0xf9,

    /* U+00CA "Ê" */
    0x0, 0x2, 0x88, 0x70, 0x0, 0x0, 0x2e, 0xfe,
    0xfc, 0x10, 0x3, 0xef, 0x80, 0xbf, 0xd1, 0x0,
    0x0, 0x0, 0x0, 0x0, 0x0, 0x0, 0x0, 0x0,
    0x0, 0x6f, 0xff, 0xff, 0xff, 0xf9, 0x6f, 0xff,
    0xff, 0xff, 0xf9, 0x6f, 0xfc, 0x88, 0x88, 0x84,
    0x6f, 0xf8, 0x0, 0x0, 0x0, 0x6f, 0xf8, 0x0,
    0x0, 0x0, 0x6f, 0xfc, 0x88, 0x88, 0x70, 0x6f,
    0xff, 0xff, 0xff, 0xe0, 0x6f, 0xff, 0xff, 0xff,
    0xe0, 0x6f, 0xf8, 0x0, 0x0, 0x0, 0x6f, 0xf8,
    0x0, 0x0, 0x0, 0x6f, 0xf8, 0x0, 0x0, 0x0,
    0x6f, 0xfc, 0x88, 0x88, 0x84, 0x6f, 0xff, 0xff,
    0xff, 0xf9, 0x6f, 0xff, 0xff, 0xff, 0xf9,

    /* U+00CC "Ì" */
    0x3, 0xbc, 0xb0, 0x0, 0x0, 0x0, 0x8f, 0xfa,
    0x0, 0x0, 0x0, 0xa, 0xff, 0x60, 0x0, 0x0,
    0x0, 0x0, 0x0, 0x0, 0x0, 0x0, 0x0, 0x0,
    0x0, 0x6f, 0xff, 0xff, 0xff, 0xf6, 0x6f, 0xff,
    0xff, 0xff, 0xf6, 0x38, 0x8c, 0xff, 0xc8, 0x83,
    0x0, 0x8, 0xff, 0x80, 0x0, 0x0, 0x8, 0xff,
    0x80, 0x0, 0x0, 0x8, 0xff, 0x80, 0x0, 0x0,
    0x8, 0xff, 0x80, 0x0, 0x0, 0x8, 0xff, 0x80,
    0x0, 0x0, 0x8, 0xff, 0x80, 0x0, 0x0, 0x8,
    0xff, 0x80, 0x0, 0x0, 0x8, 0xff, 0x80, 0x0,
    0x38, 0x8c, 0xff, 0xc8, 0x83, 0x6f, 0xff, 0xff,
    0xff, 0xf6, 0x6f, 0xff, 0xff, 0xff, 0xf6,

    /* U+00CD "Í" */
    0x0, 0x0, 0xa, 0xcb, 0x20, 0x0, 0x0, 0x9f,
    0xf7, 0x0, 0x0, 0x6, 0xff, 0xa0, 0x0, 0x0,
    0x0, 0x0, 0x0, 0x0, 0x0, 0x0, 0x0, 0x0,
    0x0, 0x6f, 0xff, 0xff, 0xff, 0xf6, 0x6f, 0xff,
    0xff, 0xff, 0xf6, 0x38, 0x8c, 0xff, 0xc8, 0x83,
    0x0, 0x8, 0xff, 0x80, 0x0, 0x0, 0x8, 0xff,
    0x80, 0x0, 0x0, 0x8, 0xff, 0x80, 0x0, 0x0,
    0x8, 0xff, 0x80, 0x0, 0x0, 0x8, 0xff, 0x80,
    0x0, 0x0, 0x8, 0xff, 0x80, 0x0, 0x0, 0x8,
    0xff, 0x80, 0x0, 0x0, 0x8, 0xff, 0x80, 0x0,
    0x38, 0x8c, 0xff, 0xc8, 0x83, 0x6f, 0xff, 0xff,
    0xff, 0xf6, 0x6f, 0xff, 0xff, 0xff, 0xf6,

    /* U+00D2 "Ò" */
    0x3, 0xbc, 0xb0, 0x0, 0x0, 0x0, 0x8f, 0xfa,
    0x0, 0x0, 0x0, 0xa, 0xff, 0x60, 0x0, 0x0,
    0x0, 0x0, 0x0, 0x0, 0x0, 0x0, 0x0, 0x0,
    0x0, 0x0, 0x7c, 0xff, 0xd7, 0x0, 0xc, 0xff,
    0xff, 0xff, 0xc0, 0x7f, 0xff, 0x99, 0xff, 0xf7,
    0xbf, 0xf5, 0x0, 0x5f, 0xfb, 0xcf, 0xf3, 0x0,
    0x3f, 0xfc, 0xcf, 0xf3, 0x0, 0x3f, 0xfc, 0xcf,
    0xf3, 0x0, 0x3f, 0xfc, 0xcf, 0xf3, 0x0, 0x3f,
    0xfc, 0xcf, 0xf3, 0x0, 0x3f, 0xfc, 0xcf, 0xf3,
    0x0, 0x3f, 0xfc, 0xbf, 0xf5, 0x0, 0x6f, 0xfb,
    0x7f, 0xff, 0xaa, 0xff, 0xf7, 0xc, 0xff, 0xff,
    0xff, 0xc0, 0x0, 0x7c, 0xff, 0xd7, 0x0,

    /* U+00D3 "Ó" */
    0x0, 0x0, 0xa, 0xcb, 0x20, 0x0, 0x0, 0x9f,
    0xf7, 0x0, 0x0, 0x6, 0xff, 0xa0, 0x0, 0x0,
    0x0, 0x0, 0x0, 0x0, 0x0, 0x0, 0x0, 0x0,
    0x0, 0x0, 0x7c, 0xff, 0xd7, 0x0, 0xc, 0xff,
    0xff, 0xff, 0xc0, 0x7f, 0xff, 0x99, 0xff, 0xf7,
    0xbf, 0xf5, 0x0, 0x5f, 0xfb, 0xcf, 0xf3, 0x0,
    0x3f, 0xfc, 0xcf, 0xf3, 0x0, 0x3f, 0xfc, 0xcf,
    0xf3, 0x0, 0x3f, 0xfc, 0xcf, 0xf3, 0x0, 0x3f,
    0xfc, 0xcf, 0xf3, 0x0, 0x3f, 0xfc, 0xcf, 0xf3,
    0x0, 0x3f, 0xfc, 0xbf, 0xf5, 0x0, 0x6f, 0xfb,
    0x7f, 0xff, 0xaa, 0xff, 0xf7, 0xc, 0xff, 0xff,
    0xff, 0xc0, 0x0, 0x7c, 0xff, 0xd7, 0x0,

    /* U+00D4 "Ô" */
    0x0, 0xc, 0xff, 0xc0, 0x0, 0x0, 0xbf, 0xde,
    0xfb, 0x0, 0xa, 0xfe, 0x22, 0xef, 0xa0, 0x0,
    0x0, 0x0, 0x0, 0x0, 0x0, 0x0, 0x0, 0x0,
    0x0, 0x0, 0x7c, 0xff, 0xd7, 0x0, 0xc, 0xff,
    0xff, 0xff, 0xc0, 0x7f, 0xff, 0x99, 0xff, 0xf7,
    0xbf, 0xf5, 0x0, 0x5f, 0xfb, 0xcf, 0xf3, 0x0,
    0x3f, 0xfc, 0xcf, 0xf3, 0x0, 0x3f, 0xfc, 0xcf,
    0xf3, 0x0, 0x3f, 0xfc, 0xcf, 0xf3, 0x0, 0x3f,
    0xfc, 0xcf, 0xf3, 0x0, 0x3f, 0xfc, 0xcf, 0xf3,
    0x0, 0x3f, 0xfc, 0xbf, 0xf5, 0x0, 0x6f, 0xfb,
    0x7f, 0xff, 0xaa, 0xff, 0xf7, 0xc, 0xff, 0xff,
    0xff, 0xc0, 0x0, 0x7c, 0xff, 0xd7, 0x0,

    /* U+00D5 "Õ" */
    0x0, 0xaf, 0xd5, 0x2f, 0x90, 0x6, 0xff, 0xff,
    0xff, 0x60, 0x9, 0xf3, 0x5d, 0xfa, 0x0, 0x0,
    0x0, 0x0, 0x0, 0x0, 0x0, 0x0, 0x0, 0x0,
    0x0, 0x0, 0x7c, 0xff, 0xd7, 0x0, 0xc, 0xff,
    0xff, 0xff, 0xc0, 0x7f, 0xff, 0x99, 0xff, 0xf7,
    0xbf, 0xf5, 0x0, 0x5f, 0xfb, 0xcf, 0xf3, 0x0,
    0x3f, 0xfc, 0xcf, 0xf3, 0x0, 0x3f, 0xfc, 0xcf,
    0xf3, 0x0, 0x3f, 0xfc, 0xcf, 0xf3, 0x0, 0x3f,
    0xfc, 0xcf, 0xf3, 0x0, 0x3f, 0xfc, 0xcf, 0xf3,
    0x0, 0x3f, 0xfc, 0xbf, 0xf5, 0x0, 0x6f, 0xfb,
    0x7f, 0xff, 0xaa, 0xff, 0xf7, 0xc, 0xff, 0xff,
    0xff, 0xc0, 0x0, 0x7c, 0xff, 0xd7, 0x0,

    /* U+00D9 "Ù" */
    0x3, 0xbc, 0xb0, 0x0, 0x0, 0x0, 0x8f, 0xfa,
    0x0, 0x0, 0x0, 0xa, 0xff, 0x60, 0x0, 0x0,
    0x0, 0x0, 0x0, 0x0, 0x0, 0x0, 0x0, 0x0,
    0x0, 0xcf, 0xf3, 0x0, 0x3f, 0xfc, 0xcf, 0xf3,
    0x0, 0x3f, 0xfc, 0xcf, 0xf3, 0x0, 0x3f, 0xfc,
    0xcf, 0xf3, 0x0, 0x3f, 0xfc, 0xcf, 0xf3, 0x0,
    0x3f, 0xfc, 0xcf, 0xf3, 0x0, 0x3f, 0xfc, 0xcf,
    0xf3, 0x0, 0x3f, 0xfc, 0xcf, 0xf3, 0x0, 0x3f,
    0xfc, 0xcf, 0xf3, 0x0, 0x3f, 0xfc, 0xcf, 0xf3,
    0x0, 0x3f, 0xfc, 0xbf, 0xf6, 0x0, 0x6f, 0xfb,
    0x7f, 0xff, 0xaa, 0xff, 0xf7, 0xc, 0xff, 0xff,
    0xff, 0xc0, 0x0, 0x7d, 0xff, 0xd7, 0x0,

    /* U+00DA "Ú" */
    0x0, 0x0, 0xa, 0xcb, 0x20, 0x0, 0x0, 0x9f,
    0xf7, 0x0, 0x0, 0x6, 0xff, 0xa0, 0x0, 0x0,
    0x0, 0x0, 0x0, 0x0, 0x0, 0x0, 0x0, 0x0,
    0x0, 0xcf, 0xf3, 0x0, 0x3f, 0xfc, 0xcf, 0xf3,
    0x0, 0x3f, 0xfc, 0xcf, 0xf3, 0x0, 0x3f, 0xfc,
    0xcf, 0xf3, 0x0, 0x3f, 0xfc, 0xcf, 0xf3, 0x0,
    0x3f, 0xfc, 0xcf, 0xf3, 0x0, 0x3f, 0xfc, 0xcf,
    0xf3, 0x0, 0x3f, 0xfc, 0xcf, 0xf3, 0x0, 0x3f,
    0xfc, 0xcf, 0xf3, 0x0, 0x3f, 0xfc, 0xcf, 0xf3,
    0x0, 0x3f, 0xfc, 0xbf, 0xf6, 0x0, 0x6f, 0xfb,
    0x7f, 0xff, 0xaa, 0xff, 0xf7, 0xc, 0xff, 0xff,
    0xff, 0xc0, 0x0, 0x7d, 0xff, 0xd7, 0x0,

    /* U+00DD "Ý" */
    0x0, 0x0, 0x0, 0xac, 0xb2, 0x0, 0x0, 0x0,
    0x9, 0xff, 0x70, 0x0, 0x0, 0x0, 0x6f, 0xfa,
    0x0, 0x0, 0x0, 0x0, 0x0, 0x0, 0x0, 0x0,
    0x0, 0x0, 0x0, 0x0, 0x0, 0x0, 0x7f, 0xfa,
    0x0, 0x0, 0xaf, 0xf7, 0xf, 0xff, 0x10, 0x1,
    0xff, 0xf0, 0x8, 0xff, 0x80, 0x7, 0xff, 0x80,
    0x1, 0xff, 0xe0, 0xe, 0xff, 0x10, 0x0, 0x9f,
    0xf6, 0x4f, 0xf9, 0x0, 0x0, 0x2f, 0xfb, 0x9f,
    0xf2, 0x0, 0x0, 0xa, 0xff, 0xef, 0xa0, 0x0,
    0x0, 0x3, 0xff, 0xff, 0x30, 0x0, 0x0, 0x0,
    0xbf, 0xfb, 0x0, 0x0, 0x0, 0x0, 0x8f, 0xf8,
    0x0, 0x0, 0x0, 0x0, 0x8f, 0xf8, 0x0, 0x0,
    0x0, 0x0, 0x8f, 0xf8, 0x0, 0x0, 0x0, 0x0,
    0x8f, 0xf8, 0x0, 0x0, 0x0, 0x0, 0x8f, 0xf8,
    0x0, 0x0,

    /* U+00E0 "à" */
    0x0, 0x2b, 0xcb, 0x10, 0x0, 0x0, 0x0, 0x7f,
    0xfb, 0x0, 0x0, 0x0, 0x0, 0x9f, 0xf8, 0x0,
    0x0, 0x0, 0x0, 0x0, 0x0, 0x0, 0x0, 0x0,
    0x0, 0x0, 0x0, 0x0, 0x0, 0x5c, 0xef, 0xd8,
    0x10, 0x0, 0xaf, 0xff, 0xff, 0xfd, 0x10, 0x4f,
    0xfe, 0x76, 0xdf, 0xf7, 0x4, 0x88, 0x30, 0x5,
    0xff, 0xb0, 0x0, 0x68, 0xaa, 0xcf, 0xfb, 0x3,
    0xef, 0xff, 0xff, 0xff, 0xb0, 0xcf, 0xf6, 0x0,
    0x4f, 0xfb, 0xf, 0xff, 0x0, 0x5, 0xff, 0xb0,
    0xef, 0xf9, 0x35, 0xef, 0xfb, 0x7, 0xff, 0xff,
    0xfb, 0xff, 0xb0, 0x6, 0xdf, 0xd8, 0x3f, 0xfb,

    /* U+00E1 "á" */
    0x0, 0x0, 0x0, 0x9c, 0xc4, 0x0, 0x0, 0x0,
    0x8f, 0xf9, 0x0, 0x0, 0x0, 0x4f, 0xfb, 0x0,
    0x0, 0x0, 0x0, 0x0, 0x0, 0x0, 0x0, 0x0,
    0x0, 0x0, 0x0, 0x0, 0x0, 0x5c, 0xef, 0xd8,
    0x10, 0x0, 0xaf, 0xff, 0xff, 0xfd, 0x10, 0x4f,
    0xfe, 0x76, 0xdf, 0xf7, 0x4, 0x88, 0x30, 0x5,
    0xff, 0xb0, 0x0, 0x68, 0xaa, 0xcf, 0xfb, 0x3,
    0xef, 0xff, 0xff, 0xff, 0xb0, 0xcf, 0xf6, 0x0,
    0x4f, 0xfb, 0xf, 0xff, 0x0, 0x5, 0xff, 0xb0,
    0xef, 0xf9, 0x35, 0xef, 0xfb, 0x7, 0xff, 0xff,
    0xfb, 0xff, 0xb0, 0x6, 0xdf, 0xd8, 0x3f, 0xfb,

    /* U+00E2 "â" */
    0x0, 0x0, 0x48, 0x86, 0x0, 0x0, 0x0, 0x6f,
    0xff, 0xf9, 0x0, 0x0, 0x7f, 0xf4, 0x2e, 0xfa,
    0x0, 0x0, 0x0, 0x0, 0x0, 0x0, 0x0, 0x0,
    0x0, 0x0, 0x0, 0x0, 0x0, 0x5c, 0xef, 0xd8,
    0x10, 0x0, 0xaf, 0xff, 0xff, 0xfd, 0x10, 0x4f,
    0xfe, 0x76, 0xdf, 0xf7, 0x4, 0x88, 0x30, 0x5,
    0xff, 0xb0, 0x0, 0x68, 0xaa, 0xcf, 0xfb, 0x3,
    0xef, 0xff, 0xff, 0xff, 0xb0, 0xcf, 0xf6, 0x0,
    0x4f, 0xfb, 0xf, 0xff, 0x0, 0x5, 0xff, 0xb0,
    0xef, 0xf9, 0x35, 0xef, 0xfb, 0x7, 0xff, 0xff,
    0xfb, 0xff, 0xb0, 0x6, 0xdf, 0xd8, 0x3f, 0xfb,

    /* U+00E3 "ã" */
    0x0, 0x7, 0xec, 0x10, 0xfa, 0x0, 0x2, 0xff,
    0xfb, 0x2f, 0xa0, 0x0, 0x6f, 0x68, 0xff, 0xf5,
    0x0, 0x7, 0xf3, 0x9, 0xe9, 0x0, 0x0, 0x0,
    0x0, 0x0, 0x0, 0x0, 0x0, 0x5c, 0xef, 0xd8,
    0x10, 0x0, 0xaf, 0xff, 0xff, 0xfd, 0x10, 0x4f,
    0xfe, 0x76, 0xdf, 0xf7, 0x4, 0x88, 0x30, 0x5,
    0xff, 0xb0, 0x0, 0x68, 0xaa, 0xcf, 0xfb, 0x3,
    0xef, 0xff, 0xff, 0xff, 0xb0, 0xcf, 0xf6, 0x0,
    0x4f, 0xfb, 0xf, 0xff, 0x0, 0x5, 0xff, 0xb0,
    0xef, 0xf9, 0x35, 0xef, 0xfb, 0x7, 0xff, 0xff,
    0xfb, 0xff, 0xb0, 0x6, 0xdf, 0xd8, 0x3f, 0xfb,

    /* U+00E8 "è" */
    0x3, 0xbc, 0xb0, 0x0, 0x0, 0x0, 0x8f, 0xfa,
    0x0, 0x0, 0x0, 0xa, 0xff, 0x60, 0x0, 0x0,
    0x0, 0x0, 0x0, 0x0, 0x0, 0x0, 0x0, 0x0,
    0x0, 0x0, 0x7c, 0xff, 0xd7, 0x0, 0xb, 0xff,
    0xff, 0xff, 0xc0, 0x6f, 0xfc, 0x44, 0xcf, 0xf7,
    0xbf, 0xf2, 0x0, 0x2f, 0xfb, 0xcf, 0xfb, 0xbb,
    0xbf, 0xfc, 0xcf, 0xff, 0xff, 0xff, 0xfc, 0xcf,
    0xf1, 0x0, 0x0, 0x0, 0xbf, 0xf3, 0x0, 0x3,
    0x31, 0x6f, 0xfd, 0x55, 0xcf, 0xf6, 0xb, 0xff,
    0xff, 0xff, 0xa0, 0x0, 0x7c, 0xfe, 0xc6, 0x0,

    /* U+00E9 "é" */
    0x0, 0x0, 0xa, 0xcb, 0x20, 0x0, 0x0, 0x9f,
    0xf7, 0x0, 0x0, 0x6, 0xff, 0xa0, 0x0, 0x0,
    0x0, 0x0, 0x0, 0x0, 0x0, 0x0, 0x0, 0x0,
    0x0, 0x0, 0x7c, 0xff, 0xd7, 0x0, 0xb, 0xff,
    0xff, 0xff, 0xc0, 0x6f, 0xfc, 0x44, 0xcf, 0xf7,
    0xbf, 0xf2, 0x0, 0x2f, 0xfb, 0xcf, 0xfb, 0xbb,
    0xbf, 0xfc, 0xcf, 0xff, 0xff, 0xff, 0xfc, 0xcf,
    0xf1, 0x0, 0x0, 0x0, 0xbf, 0xf3, 0x0, 0x3,
    0x31, 0x6f, 0xfd, 0x55, 0xcf, 0xf6, 0xb, 0xff,
    0xff, 0xff, 0xa0, 0x0, 0x7c, 0xfe, 0xc6, 0x0,

    /* U+00EA "ê" */
    0x0, 0x5, 0x88, 0x50, 0x0, 0x0, 0x7f, 0xff,
    0xf7, 0x0, 0x8, 0xfe, 0x33, 0xef, 0x80, 0x0,
    0x0, 0x0, 0x0, 0x0, 0x0, 0x0, 0x0, 0x0,
    0x0, 0x0, 0x7c, 0xff, 0xd7, 0x0, 0xb, 0xff,
    0xff, 0xff, 0xc0, 0x6f, 0xfc, 0x44, 0xcf, 0xf7,
    0xbf, 0xf2, 0x0, 0x2f, 0xfb, 0xcf, 0xfb, 0xbb,
    0xbf, 0xfc, 0xcf, 0xff, 0xff, 0xff, 0xfc, 0xcf,
    0xf1, 0x0, 0x0, 0x0, 0xbf, 0xf3, 0x0, 0x3,
    0x31, 0x6f, 0xfd, 0x55, 0xcf, 0xf6, 0xb, 0xff,
    0xff, 0xff, 0xa0, 0x0, 0x7c, 0xfe, 0xc6, 0x0,

    /* U+00EC "ì" */
    0x0, 0xac, 0xc4, 0x0, 0x0, 0x0, 0x3, 0xff,
    0xe1, 0x0, 0x0, 0x0, 0x4, 0xff, 0xc0, 0x0,
    0x0, 0x0, 0x0, 0x0, 0x0, 0x0, 0x0, 0x0,
    0x0, 0x0, 0x0, 0x1, 0xff, 0xff, 0xff, 0x0,
    0x0, 0x1f, 0xff, 0xff, 0xf0, 0x0, 0x0, 0xaa,
    0xae, 0xff, 0x0, 0x0, 0x0, 0x0, 0xcf, 0xf0,
    0x0, 0x0, 0x0, 0xc, 0xff, 0x0, 0x0, 0x0,
    0x0, 0xcf, 0xf0, 0x0, 0x0, 0x0, 0xc, 0xff,
    0x0, 0x0, 0x0, 0x0, 0xcf, 0xf0, 0x0, 0x6,
    0xaa, 0xae, 0xff, 0xaa, 0xa2, 0x9f, 0xff, 0xff,
    0xff, 0xff, 0x39, 0xff, 0xff, 0xff, 0xff, 0xf3,

    /* U+00ED "í" */
    0x0, 0x0, 0x6, 0xcc, 0x70, 0x0, 0x0, 0x3,
    0xff, 0xd0, 0x0, 0x0, 0x1, 0xef, 0xe2, 0x0,
    0x0, 0x0, 0x0, 0x0, 0x0, 0x0, 0x0, 0x0,
    0x0, 0x0, 0x0, 0x1, 0xff, 0xff, 0xff, 0x0,
    0x0, 0x1f, 0xff, 0xff, 0xf0, 0x0, 0x0, 0xaa,
    0xae, 0xff, 0x0, 0x0, 0x0, 0x0, 0xcf, 0xf0,
    0x0, 0x0, 0x0, 0xc, 0xff, 0x0, 0x0, 0x0,
    0x0, 0xcf, 0xf0, 0x0, 0x0, 0x0, 0xc, 0xff,
    0x0, 0x0, 0x0, 0x0, 0xcf, 0xf0, 0x0, 0x6,
    0xaa, 0xae, 0xff, 0xaa, 0xa2, 0x9f, 0xff, 0xff,
    0xff, 0xff, 0x39, 0xff, 0xff, 0xff, 0xff, 0xf3,

    /* U+00F2 "ò" */
    0x3, 0xbc, 0xb0, 0x0, 0x0, 0x0, 0x8f, 0xfa,
    0x0, 0x0, 0x0, 0xa, 0xff, 0x60, 0x0, 0x0,
    0x0, 0x0, 0x0, 0x0, 0x0, 0x0, 0x0, 0x0,
    0x0, 0x0, 0x7c, 0xff, 0xc7, 0x0, 0xb, 0xff,
    0xff, 0xff, 0xb0, 0x6f, 0xff, 0xaa, 0xff, 0xf6,
    0xbf, 0xf6, 0x0, 0x6f, 0xfb, 0xcf, 0xf3, 0x0,
    0x3f, 0xfc, 0xcf, 0xf3, 0x0, 0x3f, 0xfc, 0xcf,
    0xf3, 0x0, 0x3f, 0xfc, 0xbf, 0xf6, 0x0, 0x6f,
    0xfb, 0x6f, 0xff, 0xaa, 0xff, 0xf6, 0xb, 0xff,
    0xff, 0xff, 0xb0, 0x0, 0x7c, 0xff, 0xc7, 0x0,

    /* U+00F3 "ó" */
    0x0, 0x0, 0xa, 0xcb, 0x20, 0x0, 0x0, 0x9f,
    0xf7, 0x0, 0x0, 0x6, 0xff, 0xa0, 0x0, 0x0,
    0x0, 0x0, 0x0, 0x0, 0x0, 0x0, 0x0, 0x0,
    0x0, 0x0, 0x7c, 0xff, 0xc7, 0x0, 0xb, 0xff,
    0xff, 0xff, 0xb0, 0x6f, 0xff, 0xaa, 0xff, 0xf6,
    0xbf, 0xf6, 0x0, 0x6f, 0xfb, 0xcf, 0xf3, 0x0,
    0x3f, 0xfc, 0xcf, 0xf3, 0x0, 0x3f, 0xfc, 0xcf,
    0xf3, 0x0, 0x3f, 0xfc, 0xbf, 0xf6, 0x0, 0x6f,
    0xfb, 0x6f, 0xff, 0xaa, 0xff, 0xf6, 0xb, 0xff,
    0xff, 0xff, 0xb0, 0x0, 0x7c, 0xff, 0xc7, 0x0,

    /* U+00F4 "ô" */
    0x0, 0x5, 0x88, 0x50, 0x0, 0x0, 0x7f, 0xff,
    0xf7, 0x0, 0x8, 0xfe, 0x33, 0xef, 0x80, 0x0,
    0x0, 0x0, 0x0, 0x0, 0x0, 0x0, 0x0, 0x0,
    0x0, 0x0, 0x7c, 0xff, 0xc7, 0x0, 0xb, 0xff,
    0xff, 0xff, 0xb0, 0x6f, 0xff, 0xaa, 0xff, 0xf6,
    0xbf, 0xf6, 0x0, 0x6f, 0xfb, 0xcf, 0xf3, 0x0,
    0x3f, 0xfc, 0xcf, 0xf3, 0x0, 0x3f, 0xfc, 0xcf,
    0xf3, 0x0, 0x3f, 0xfc, 0xbf, 0xf6, 0x0, 0x6f,
    0xfb, 0x6f, 0xff, 0xaa, 0xff, 0xf6, 0xb, 0xff,
    0xff, 0xff, 0xb0, 0x0, 0x7c, 0xff, 0xc7, 0x0,

    /* U+00F5 "õ" */
    0x0, 0x8e, 0xb0, 0x1f, 0x90, 0x4, 0xff, 0xfa,
    0x4f, 0x80, 0x8, 0xf4, 0xaf, 0xff, 0x40, 0x9,
    0xf1, 0xb, 0xe8, 0x0, 0x0, 0x0, 0x0, 0x0,
    0x0, 0x0, 0x7c, 0xff, 0xc7, 0x0, 0xb, 0xff,
    0xff, 0xff, 0xb0, 0x6f, 0xff, 0xaa, 0xff, 0xf6,
    0xbf, 0xf6, 0x0, 0x6f, 0xfb, 0xcf, 0xf3, 0x0,
    0x3f, 0xfc, 0xcf, 0xf3, 0x0, 0x3f, 0xfc, 0xcf,
    0xf3, 0x0, 0x3f, 0xfc, 0xbf, 0xf6, 0x0, 0x6f,
    0xfb, 0x6f, 0xff, 0xaa, 0xff, 0xf6, 0xb, 0xff,
    0xff, 0xff, 0xb0, 0x0, 0x7c, 0xff, 0xc7, 0x0,

    /* U+00F9 "ù" */
    0x3, 0xbc, 0xb0, 0x0, 0x0, 0x0, 0x8f, 0xfa,
    0x0, 0x0, 0x0, 0xa, 0xff, 0x60, 0x0, 0x0,
    0x0, 0x0, 0x0, 0x0, 0x0, 0x0, 0x0, 0x0,
    0x0, 0xbf, 0xf4, 0x0, 0x4f, 0xfb, 0xbf, 0xf4,
    0x0, 0x4f, 0xfb, 0xbf, 0xf4, 0x0, 0x4f, 0xfb,
    0xbf, 0xf4, 0x0, 0x4f, 0xfb, 0xbf, 0xf4, 0x0,
    0x4f, 0xfb, 0xbf, 0xf4, 0x0, 0x4f, 0xfb, 0xbf,
    0xf4, 0x0, 0x4f, 0xfb, 0xaf, 0xf7, 0x0, 0x7f,
    0xf9, 0x5f, 0xff, 0xaa, 0xff, 0xf5, 0xb, 0xff,
    0xff, 0xff, 0xb0, 0x0, 0x7d, 0xff, 0xd7, 0x0,

    /* U+00FA "ú" */
    0x0, 0x0, 0xa, 0xcb, 0x20, 0x0, 0x0, 0x9f,
    0xf7, 0x0, 0x0, 0x6, 0xff, 0xa0, 0x0, 0x0,
    0x0, 0x0, 0x0, 0x0, 0x0, 0x0, 0x0, 0x0,
    0x0, 0xbf, 0xf4, 0x0, 0x4f, 0xfb, 0xbf, 0xf4,
    0x0, 0x4f, 0xfb, 0xbf, 0xf4, 0x0, 0x4f, 0xfb,
    0xbf, 0xf4, 0x0, 0x4f, 0xfb, 0xbf, 0xf4, 0x0,
    0x4f, 0xfb, 0xbf, 0xf4, 0x0, 0x4f, 0xfb, 0xbf,
    0xf4, 0x0, 0x4f, 0xfb, 0xaf, 0xf7, 0x0, 0x7f,
    0xf9, 0x5f, 0xff, 0xaa, 0xff, 0xf5, 0xb, 0xff,
    0xff, 0xff, 0xb0, 0x0, 0x7d, 0xff, 0xd7, 0x0,

    /* U+00FD "ý" */
    0x0, 0x0, 0x1, 0xef, 0xf2, 0x0, 0x0, 0x0,
    0xc, 0xff, 0x40, 0x0, 0x0, 0x0, 0x5c, 0xc6,
    0x0, 0x0, 0x0, 0x0, 0x0, 0x0, 0x0, 0x0,
    0x4f, 0xfe, 0x0, 0x0, 0xcf, 0xf4, 0xe, 0xff,
    0x40, 0x2, 0xff, 0xe0, 0x8, 0xff, 0x90, 0x7,
    0xff, 0x90, 0x2, 0xff, 0xe0, 0xc, 0xff, 0x40,
    0x0, 0xcf, 0xf4, 0x1f, 0xfe, 0x0, 0x0, 0x6f,
    0xf9, 0x6f, 0xf9, 0x0, 0x0, 0xf, 0xfd, 0xaf,
    0xf3, 0x0, 0x0, 0x9, 0xff, 0xef, 0xe0, 0x0,
    0x0, 0x3, 0xff, 0xff, 0x80, 0x0, 0x0, 0x0,
    0xdf, 0xff, 0x20, 0x0, 0x0, 0x0, 0x7f, 0xfd,
    0x0, 0x0, 0x0, 0x0, 0xaf, 0xf7, 0x0, 0x0,
    0x0, 0x0, 0xff, 0xf2, 0x0, 0x0, 0x0, 0x5,
    0xff, 0xc0, 0x0, 0x0, 0x0, 0xa, 0xff, 0x70,
    0x0, 0x0,

    /* U+0102 "Ă" */
    0x0, 0xaf, 0xc0, 0xc, 0xfa, 0x0, 0x0, 0x3f,
    0xfd, 0xdf, 0xf4, 0x0, 0x0, 0x4, 0xbe, 0xeb,
    0x30, 0x0, 0x0, 0x0, 0x0, 0x0, 0x0, 0x0,
    0x0, 0x0, 0x99, 0x98, 0x0, 0x0, 0x0, 0x3,
    0xff, 0xff, 0x20, 0x0, 0x0, 0x7, 0xff, 0xff,
    0x60, 0x0, 0x0, 0xa, 0xfe, 0xef, 0xa0, 0x0,
    0x0, 0xe, 0xfb, 0xbf, 0xe0, 0x0, 0x0, 0x2f,
    0xf8, 0x8f, 0xf2, 0x0, 0x0, 0x6f, 0xf5, 0x5f,
    0xf6, 0x0, 0x0, 0xaf, 0xf2, 0x2f, 0xfa, 0x0,
    0x0, 0xef, 0xe0, 0xf, 0xfe, 0x0, 0x2, 0xff,
    0xfb, 0xbf, 0xff, 0x20, 0x6, 0xff, 0xff, 0xff,
    0xff, 0x60, 0xa, 0xff, 0xcb, 0xbc, 0xff, 0xa0,
    0xe, 0xff, 0x10, 0x1, 0xff, 0xe0, 0x2f, 0xfe,
    0x0, 0x0, 0xef, 0xf2, 0x6f, 0xfa, 0x0, 0x0,
    0xaf, 0xf6,

    /* U+0103 "ă" */
    0x0, 0x6b, 0x80, 0x6, 0xb8, 0x0, 0x4, 0xff,
    0x98, 0xff, 0x80, 0x0, 0x7, 0xff, 0xff, 0x90,
    0x0, 0x0, 0x0, 0x33, 0x10, 0x0, 0x0, 0x0,
    0x1, 0x21, 0x0, 0x0, 0x0, 0x8f, 0xff, 0xfb,
    0x20, 0x0, 0xcf, 0xff, 0xff, 0xfe, 0x20, 0x5f,
    0xfd, 0x44, 0xcf, 0xf8, 0x3, 0x66, 0x20, 0x5,
    0xff, 0xb0, 0x0, 0x47, 0x99, 0xbf, 0xfb, 0x2,
    0xdf, 0xff, 0xff, 0xff, 0xb0, 0xbf, 0xf8, 0x22,
    0x5f, 0xfb, 0xf, 0xff, 0x0, 0x5, 0xff, 0xb0,
    0xef, 0xf7, 0x2, 0xcf, 0xfb, 0x9, 0xff, 0xff,
    0xfd, 0xff, 0xb0, 0xa, 0xff, 0xfb, 0x4f, 0xfb,
    0x0, 0x0, 0x21, 0x0, 0x0, 0x0,

    /* U+0110 "Đ" */
    0x6, 0x99, 0x99, 0x86, 0x10, 0x0, 0xb, 0xff,
    0xff, 0xff, 0xf6, 0x0, 0xb, 0xff, 0xff, 0xff,
    0xff, 0x40, 0xb, 0xff, 0x63, 0x4c, 0xff, 0xc0,
    0xb, 0xff, 0x40, 0x1, 0xff, 0xf0, 0xb, 0xff,
    0x40, 0x0, 0xff, 0xf0, 0x5d, 0xff, 0x95, 0x0,
    0xff, 0xf0, 0xcf, 0xff, 0xfc, 0x0, 0xff, 0xf0,
    0x6d, 0xff, 0xa6, 0x0, 0xff, 0xf0, 0xb, 0xff,
    0x40, 0x0, 0xff, 0xf0, 0xb, 0xff, 0x40, 0x0,
    0xff, 0xf0, 0xb, 0xff, 0x40, 0x6, 0xff, 0xe0,
    0xb, 0xff, 0xdc, 0xef, 0xff, 0x80, 0xb, 0xff,
    0xff, 0xff, 0xfc, 0x0, 0xb, 0xff, 0xff, 0xfc,
    0x60, 0x0,

    /* U+0111 "đ" */
    0x0, 0x0, 0x0, 0x29, 0x96, 0x0, 0x0, 0x0,
    0x5, 0xff, 0xb0, 0x0, 0x2, 0xee, 0xef, 0xff,
    0xe0, 0x0, 0x2e, 0xee, 0xff, 0xfe, 0x0, 0x0,
    0x0, 0x4f, 0xfb, 0x0, 0x2b, 0xfe, 0x84, 0xff,
    0xb0, 0xe, 0xff, 0xff, 0xaf, 0xfb, 0x7, 0xff,
    0xfa, 0xbf, 0xff, 0xb0, 0xaf, 0xf6, 0x0, 0x8f,
    0xfb, 0xc, 0xff, 0x30, 0x5, 0xff, 0xb0, 0xcf,
    0xf3, 0x0, 0x5f, 0xfb, 0xb, 0xff, 0x50, 0x7,
    0xff, 0xb0, 0x8f, 0xfe, 0x78, 0xff, 0xfb, 0x2,
    0xff, 0xff, 0xfb, 0xff, 0xb0, 0x5, 0xef, 0xfb,
    0x4f, 0xfb, 0x0, 0x0, 0x21, 0x0, 0x0, 0x0,

    /* U+0128 "Ĩ" */
    0x0, 0x2, 0x0, 0x1, 0x0, 0x1, 0xdf, 0xf6,
    0x3f, 0x90, 0x7, 0xfe, 0xff, 0xff, 0x60, 0x8,
    0xe1, 0x3d, 0xfa, 0x0, 0x0, 0x0, 0x0, 0x0,
    0x0, 0x39, 0x99, 0x99, 0x99, 0x93, 0x6f, 0xff,
    0xff, 0xff, 0xf6, 0x6f, 0xff, 0xff, 0xff, 0xf6,
    0x0, 0x8, 0xff, 0x80, 0x0, 0x0, 0x8, 0xff,
    0x80, 0x0, 0x0, 0x8, 0xff, 0x80, 0x0, 0x0,
    0x8, 0xff, 0x80, 0x0, 0x0, 0x8, 0xff, 0x80,
    0x0, 0x0, 0x8, 0xff, 0x80, 0x0, 0x0, 0x8,
    0xff, 0x80, 0x0, 0x0, 0x8, 0xff, 0x80, 0x0,
    0x0, 0x8, 0xff, 0x80, 0x0, 0x39, 0x9c, 0xff,
    0xc9, 0x93, 0x6f, 0xff, 0xff, 0xff, 0xf6, 0x6f,
    0xff, 0xff, 0xff, 0xf6,

    /* U+0129 "ĩ" */
    0x0, 0x4c, 0xd6, 0x9, 0xc0, 0x0, 0xe, 0xff,
    0xfc, 0xfe, 0x0, 0x2, 0xfa, 0x4e, 0xff, 0x60,
    0x0, 0x3, 0x10, 0x3, 0x20, 0x0, 0x0, 0x0,
    0x0, 0x0, 0x0, 0x1, 0xff, 0xff, 0xff, 0x0,
    0x0, 0x1f, 0xff, 0xff, 0xf0, 0x0, 0x1, 0xbb,
    0xbf, 0xff, 0x0, 0x0, 0x0, 0x0, 0xcf, 0xf0,
    0x0, 0x0, 0x0, 0xc, 0xff, 0x0, 0x0, 0x0,
    0x0, 0xcf, 0xf0, 0x0, 0x0, 0x0, 0xc, 0xff,
    0x0, 0x0, 0x0, 0x0, 0xcf, 0xf0, 0x0, 0x6,
    0xbb, 0xbf, 0xff, 0xbb, 0xb2, 0x9f, 0xff, 0xff,
    0xff, 0xff, 0x39, 0xff, 0xff, 0xff, 0xff, 0xf3,

    /* U+0168 "Ũ" */
    0x0, 0x2, 0x0, 0x1, 0x0, 0x1, 0xdf, 0xf6,
    0x3f, 0x90, 0x7, 0xfe, 0xff, 0xff, 0x60, 0x8,
    0xe1, 0x3d, 0xfa, 0x0, 0x0, 0x0, 0x0, 0x0,
    0x0, 0x79, 0x91, 0x0, 0x19, 0x97, 0xcf, 0xf3,
    0x0, 0x3f, 0xfc, 0xcf, 0xf3, 0x0, 0x3f, 0xfc,
    0xcf, 0xf3, 0x0, 0x3f, 0xfc, 0xcf, 0xf3, 0x0,
    0x3f, 0xfc, 0xcf, 0xf3, 0x0, 0x3f, 0xfc, 0xcf,
    0xf3, 0x0, 0x3f, 0xfc, 0xcf, 0xf3, 0x0, 0x3f,
    0xfc, 0xcf, 0xf3, 0x0, 0x3f, 0xfc, 0xcf, 0xf3,
    0x0, 0x3f, 0xfc, 0xcf, 0xf3, 0x0, 0x3f, 0xfc,
    0xbf, 0xf5, 0x0, 0x6f, 0xfb, 0x7f, 0xfe, 0x78,
    0xef, 0xf7, 0xd, 0xff, 0xff, 0xff, 0xd0, 0x1,
    0xaf, 0xff, 0xfa, 0x10, 0x0, 0x0, 0x22, 0x0,
    0x0,

    /* U+0169 "ũ" */
    0x0, 0x8d, 0xb2, 0x1c, 0x70, 0x5, 0xff, 0xff,
    0xdf, 0x70, 0x9, 0xf4, 0x8f, 0xfe, 0x10, 0x1,
    0x30, 0x1, 0x40, 0x0, 0x0, 0x0, 0x0, 0x0,
    0x0, 0xbf, 0xf4, 0x0, 0x4f, 0xfb, 0xbf, 0xf4,
    0x0, 0x4f, 0xfb, 0xbf, 0xf4, 0x0, 0x4f, 0xfb,
    0xbf, 0xf4, 0x0, 0x4f, 0xfb, 0xbf, 0xf4, 0x0,
    0x4f, 0xfb, 0xbf, 0xf4, 0x0, 0x4f, 0xfb, 0xbf,
    0xf4, 0x0, 0x4f, 0xfb, 0xaf, 0xf6, 0x0, 0x7f,
    0xfa, 0x6f, 0xff, 0x88, 0xff, 0xf6, 0xd, 0xff,
    0xff, 0xff, 0xd0, 0x1, 0xaf, 0xff, 0xfa, 0x10,
    0x0, 0x0, 0x22, 0x0, 0x0,

    /* U+01A0 "Ơ" */
    0x0, 0x0, 0x0, 0x0, 0x23, 0x20, 0x0, 0x0,
    0x0, 0xb, 0xfb, 0x0, 0x39, 0xbb, 0x94, 0xcf,
    0xa0, 0x8f, 0xff, 0xff, 0xff, 0xf6, 0x4f, 0xff,
    0xee, 0xff, 0xfa, 0xa, 0xff, 0x80, 0x8, 0xff,
    0xa0, 0xcf, 0xf3, 0x0, 0x3f, 0xfc, 0xc, 0xff,
    0x30, 0x3, 0xff, 0xc0, 0xcf, 0xf3, 0x0, 0x3f,
    0xfc, 0xc, 0xff, 0x30, 0x3, 0xff, 0xc0, 0xcf,
    0xf3, 0x0, 0x3f, 0xfc, 0xc, 0xff, 0x30, 0x3,
    0xff, 0xc0, 0xcf, 0xf3, 0x0, 0x3f, 0xfc, 0xb,
    0xff, 0x50, 0x5, 0xff, 0xb0, 0x7f, 0xfe, 0x77,
    0xef, 0xf7, 0x0, 0xdf, 0xff, 0xff, 0xfd, 0x0,
    0x1, 0xaf, 0xff, 0xfa, 0x10, 0x0, 0x0, 0x2,
    0x20, 0x0, 0x0,

    /* U+01A1 "ơ" */
    0x0, 0x0, 0x0, 0x0, 0xac, 0x70, 0x0, 0x2,
    0x20, 0xd, 0xf9, 0x1, 0x9f, 0xff, 0xfb, 0xff,
    0x70, 0xdf, 0xff, 0xff, 0xff, 0xd0, 0x7f, 0xfe,
    0x77, 0xef, 0xf7, 0xb, 0xff, 0x50, 0x5, 0xff,
    0xb0, 0xcf, 0xf3, 0x0, 0x3f, 0xfc, 0xc, 0xff,
    0x30, 0x3, 0xff, 0xc0, 0xcf, 0xf3, 0x0, 0x3f,
    0xfc, 0xb, 0xff, 0x50, 0x5, 0xff, 0xb0, 0x7f,
    0xfe, 0x77, 0xef, 0xf7, 0x0, 0xdf, 0xff, 0xff,
    0xfd, 0x0, 0x1, 0xaf, 0xff, 0xfa, 0x10, 0x0,
    0x0, 0x2, 0x20, 0x0, 0x0,

    /* U+01AF "Ư" */
    0x0, 0x0, 0x0, 0x0, 0x4, 0xcc, 0x0, 0x0,
    0x0, 0x0, 0x0, 0x6f, 0xf0, 0x79, 0x91, 0x0,
    0x19, 0x9d, 0xfd, 0xc, 0xff, 0x30, 0x3, 0xff,
    0xff, 0x40, 0xcf, 0xf3, 0x0, 0x3f, 0xfd, 0x10,
    0xc, 0xff, 0x30, 0x3, 0xff, 0xc0, 0x0, 0xcf,
    0xf3, 0x0, 0x3f, 0xfc, 0x0, 0xc, 0xff, 0x30,
    0x3, 0xff, 0xc0, 0x0, 0xcf, 0xf3, 0x0, 0x3f,
    0xfc, 0x0, 0xc, 0xff, 0x30, 0x3, 0xff, 0xc0,
    0x0, 0xcf, 0xf3, 0x0, 0x3f, 0xfc, 0x0, 0xc,
    0xff, 0x30, 0x3, 0xff, 0xc0, 0x0, 0xcf, 0xf3,
    0x0, 0x3f, 0xfc, 0x0, 0xb, 0xff, 0x50, 0x6,
    0xff, 0xb0, 0x0, 0x7f, 0xfe, 0x78, 0xef, 0xf7,
    0x0, 0x0, 0xdf, 0xff, 0xff, 0xfd, 0x0, 0x0,
    0x1, 0xaf, 0xff, 0xfa, 0x10, 0x0, 0x0, 0x0,
    0x2, 0x20, 0x0, 0x0, 0x0,

    /* U+01B0 "ư" */
    0x0, 0x0, 0x0, 0x0, 0x2, 0x32, 0x0, 0x0,
    0x0, 0x0, 0xb, 0xfb, 0x0, 0x0, 0x0, 0x0,
    0xc, 0xfa, 0xbf, 0xf4, 0x1, 0xff, 0xff, 0xf6,
    0xbf, 0xf4, 0x1, 0xff, 0xfe, 0x80, 0xbf, 0xf4,
    0x1, 0xff, 0xe0, 0x0, 0xbf, 0xf4, 0x1, 0xff,
    0xe0, 0x0, 0xbf, 0xf4, 0x1, 0xff, 0xe0, 0x0,
    0xbf, 0xf4, 0x1, 0xff, 0xe0, 0x0, 0xbf, 0xf4,
    0x1, 0xff, 0xe0, 0x0, 0xaf, 0xf5, 0x2, 0xff,
    0xd0, 0x0, 0x7f, 0xfd, 0x7c, 0xff, 0xa0, 0x0,
    0x1e, 0xff, 0xff, 0xff, 0x30, 0x0, 0x2, 0xcf,
    0xff, 0xd4, 0x0, 0x0, 0x0, 0x1, 0x21, 0x0,
    0x0, 0x0,

    /* U+1EA0 "Ạ" */
    0x0, 0x0, 0x99, 0x98, 0x0, 0x0, 0x0, 0x3,
    0xff, 0xff, 0x20, 0x0, 0x0, 0x7, 0xff, 0xff,
    0x60, 0x0, 0x0, 0xa, 0xfe, 0xef, 0xa0, 0x0,
    0x0, 0xe, 0xfb, 0xbf, 0xe0, 0x0, 0x0, 0x2f,
    0xf8, 0x8f, 0xf2, 0x0, 0x0, 0x6f, 0xf5, 0x5f,
    0xf6, 0x0, 0x0, 0xaf, 0xf2, 0x2f, 0xfa, 0x0,
    0x0, 0xef, 0xe0, 0xf, 0xfe, 0x0, 0x2, 0xff,
    0xfb, 0xbf, 0xff, 0x20, 0x6, 0xff, 0xff, 0xff,
    0xff, 0x60, 0xa, 0xff, 0xcb, 0xbc, 0xff, 0xa0,
    0xe, 0xff, 0x10, 0x1, 0xff, 0xe0, 0x2f, 0xfe,
    0x0, 0x0, 0xef, 0xf2, 0x6f, 0xfa, 0x0, 0x0,
    0xaf, 0xf6, 0x0, 0x0, 0x0, 0x0, 0x0, 0x0,
    0x0, 0x0, 0x4, 0x61, 0x0, 0x0, 0x0, 0x0,
    0x6f, 0xfd, 0x0, 0x0, 0x0, 0x0, 0x7f, 0xfe,
    0x0, 0x0, 0x0, 0x0, 0x8, 0x93, 0x0, 0x0,

    /* U+1EA1 "ạ" */
    0x0, 0x0, 0x1, 0x21, 0x0, 0x0, 0x0, 0x8f,
    0xff, 0xfb, 0x20, 0x0, 0xcf, 0xff, 0xff, 0xfe,
    0x20, 0x5f, 0xfd, 0x44, 0xcf, 0xf8, 0x3, 0x66,
    0x20, 0x5, 0xff, 0xb0, 0x0, 0x47, 0x99, 0xbf,
    0xfb, 0x2, 0xdf, 0xff, 0xff, 0xff, 0xb0, 0xbf,
    0xf8, 0x22, 0x5f, 0xfb, 0xf, 0xff, 0x0, 0x5,
    0xff, 0xb0, 0xef, 0xf7, 0x2, 0xcf, 0xfb, 0x9,
    0xff, 0xff, 0xfd, 0xff, 0xb0, 0xa, 0xff, 0xfb,
    0x4f, 0xfb, 0x0, 0x0, 0x21, 0x0, 0x0, 0x0,
    0x0, 0x0, 0x56, 0x0, 0x0, 0x0, 0x0, 0x8f,
    0xfb, 0x0, 0x0, 0x0, 0x9, 0xff, 0xc0, 0x0,
    0x0, 0x0, 0x18, 0x92, 0x0, 0x0,

    /* U+1EA2 "Ả" */
    0x0, 0x0, 0x1, 0x0, 0x0, 0x0, 0x0, 0x0,
    0xbf, 0xfd, 0x10, 0x0, 0x0, 0x0, 0x7a, 0xef,
    0x70, 0x0, 0x0, 0x0, 0x0, 0xdf, 0x30, 0x0,
    0x0, 0x0, 0x6, 0xb7, 0x0, 0x0, 0x0, 0x0,
    0x0, 0x0, 0x0, 0x0, 0x0, 0x0, 0x99, 0x98,
    0x0, 0x0, 0x0, 0x3, 0xff, 0xff, 0x20, 0x0,
    0x0, 0x7, 0xff, 0xff, 0x60, 0x0, 0x0, 0xa,
    0xfe, 0xef, 0xa0, 0x0, 0x0, 0xe, 0xfb, 0xbf,
    0xe0, 0x0, 0x0, 0x2f, 0xf8, 0x8f, 0xf2, 0x0,
    0x0, 0x6f, 0xf5, 0x5f, 0xf6, 0x0, 0x0, 0xaf,
    0xf2, 0x2f, 0xfa, 0x0, 0x0, 0xef, 0xe0, 0xf,
    0xfe, 0x0, 0x2, 0xff, 0xfb, 0xbf, 0xff, 0x20,
    0x6, 0xff, 0xff, 0xff, 0xff, 0x60, 0xa, 0xff,
    0xcb, 0xbc, 0xff, 0xa0, 0xe, 0xff, 0x10, 0x1,
    0xff, 0xe0, 0x2f, 0xfe, 0x0, 0x0, 0xef, 0xf2,
    0x6f, 0xfa, 0x0, 0x0, 0xaf, 0xf6,

    /* U+1EA3 "ả" */
    0x0, 0x0, 0x9b, 0xa4, 0x0, 0x0, 0x0, 0xe,
    0xff, 0xf2, 0x0, 0x0, 0x0, 0x0, 0xef, 0x30,
    0x0, 0x0, 0x0, 0x8f, 0xa0, 0x0, 0x0, 0x0,
    0x1, 0x10, 0x0, 0x0, 0x0, 0x0, 0x12, 0x10,
    0x0, 0x0, 0x8, 0xff, 0xff, 0xb2, 0x0, 0xc,
    0xff, 0xff, 0xff, 0xe2, 0x5, 0xff, 0xd4, 0x4c,
    0xff, 0x80, 0x36, 0x62, 0x0, 0x5f, 0xfb, 0x0,
    0x4, 0x79, 0x9b, 0xff, 0xb0, 0x2d, 0xff, 0xff,
    0xff, 0xfb, 0xb, 0xff, 0x82, 0x25, 0xff, 0xb0,
    0xff, 0xf0, 0x0, 0x5f, 0xfb, 0xe, 0xff, 0x70,
    0x2c, 0xff, 0xb0, 0x9f, 0xff, 0xff, 0xdf, 0xfb,
    0x0, 0xaf, 0xff, 0xb4, 0xff, 0xb0, 0x0, 0x2,
    0x10, 0x0, 0x0,

    /* U+1EA4 "Ấ" */
    0x0, 0x0, 0x0, 0x0, 0x0, 0x46, 0x61, 0x0,
    0x0, 0x0, 0x0, 0x5, 0xff, 0x70, 0x0, 0x0,
    0x36, 0x63, 0x3e, 0xe7, 0x0, 0x0, 0x4, 0xff,
    0xff, 0x40, 0x0, 0x0, 0x0, 0x4f, 0xf8, 0x8f,
    0xf4, 0x0, 0x0, 0x0, 0x56, 0x50, 0x5, 0x65,
    0x0, 0x0, 0x0, 0x0, 0x99, 0x98, 0x0, 0x0,
    0x0, 0x0, 0x3, 0xff, 0xff, 0x20, 0x0, 0x0,
    0x0, 0x7, 0xff, 0xff, 0x60, 0x0, 0x0, 0x0,
    0xa, 0xfe, 0xef, 0xa0, 0x0, 0x0, 0x0, 0xe,
    0xfb, 0xbf, 0xe0, 0x0, 0x0, 0x0, 0x2f, 0xf8,
    0x8f, 0xf2, 0x0, 0x0, 0x0, 0x6f, 0xf5, 0x5f,
    0xf6, 0x0, 0x0, 0x0, 0xaf, 0xf2, 0x2f, 0xfa,
    0x0, 0x0, 0x0, 0xef, 0xe0, 0xf, 0xfe, 0x0,
    0x0, 0x2, 0xff, 0xfb, 0xbf, 0xff, 0x20, 0x0,
    0x6, 0xff, 0xff, 0xff, 0xff, 0x60, 0x0, 0xa,
    0xff, 0xcb, 0xbc, 0xff, 0xa0, 0x0, 0xe, 0xff,
    0x10, 0x1, 0xff, 0xe0, 0x0, 0x2f, 0xfe, 0x0,
    0x0, 0xef, 0xf2, 0x0, 0x6f, 0xfa, 0x0, 0x0,
    0xaf, 0xf6, 0x0,

    /* U+1EA5 "ấ" */
    0x0, 0x0, 0x0, 0x0, 0x0, 0xaf, 0xf4, 0x0,
    0x0, 0x0, 0x0, 0x7, 0xff, 0x50, 0x0, 0x0,
    0x8b, 0xb8, 0x3c, 0xc5, 0x0, 0x0, 0x8, 0xff,
    0xff, 0x80, 0x0, 0x0, 0x0, 0x8f, 0xf4, 0x4f,
    0xf8, 0x0, 0x0, 0x0, 0x11, 0x10, 0x1, 0x11,
    0x0, 0x0, 0x0, 0x0, 0x1, 0x21, 0x0, 0x0,
    0x0, 0x0, 0x8, 0xff, 0xff, 0xb2, 0x0, 0x0,
    0x0, 0xcf, 0xff, 0xff, 0xfe, 0x20, 0x0, 0x5,
    0xff, 0xd4, 0x4c, 0xff, 0x80, 0x0, 0x3, 0x66,
    0x20, 0x5, 0xff, 0xb0, 0x0, 0x0, 0x4, 0x79,
    0x9b, 0xff, 0xb0, 0x0, 0x2, 0xdf, 0xff, 0xff,
    0xff, 0xb0, 0x0, 0xb, 0xff, 0x82, 0x25, 0xff,
    0xb0, 0x0, 0xf, 0xff, 0x0, 0x5, 0xff, 0xb0,
    0x0, 0xe, 0xff, 0x70, 0x2c, 0xff, 0xb0, 0x0,
    0x9, 0xff, 0xff, 0xfd, 0xff, 0xb0, 0x0, 0x0,
    0xaf, 0xff, 0xb4, 0xff, 0xb0, 0x0, 0x0, 0x0,
    0x21, 0x0, 0x0, 0x0, 0x0,

    /* U+1EA6 "Ầ" */
    0x0, 0x0, 0x0, 0x6, 0x65, 0x0, 0x0, 0x0,
    0x0, 0x5, 0xff, 0x80, 0x0, 0x0, 0x36, 0x63,
    0x5e, 0xe5, 0x0, 0x4, 0xff, 0xff, 0x40, 0x0,
    0x0, 0x4f, 0xf8, 0x8f, 0xf4, 0x0, 0x0, 0x56,
    0x50, 0x5, 0x65, 0x0, 0x0, 0x0, 0x99, 0x98,
    0x0, 0x0, 0x0, 0x3, 0xff, 0xff, 0x20, 0x0,
    0x0, 0x7, 0xff, 0xff, 0x60, 0x0, 0x0, 0xa,
    0xfe, 0xef, 0xa0, 0x0, 0x0, 0xe, 0xfb, 0xbf,
    0xe0, 0x0, 0x0, 0x2f, 0xf8, 0x8f, 0xf2, 0x0,
    0x0, 0x6f, 0xf5, 0x5f, 0xf6, 0x0, 0x0, 0xaf,
    0xf2, 0x2f, 0xfa, 0x0, 0x0, 0xef, 0xe0, 0xf,
    0xfe, 0x0, 0x2, 0xff, 0xfb, 0xbf, 0xff, 0x20,
    0x6, 0xff, 0xff, 0xff, 0xff, 0x60, 0xa, 0xff,
    0xcb, 0xbc, 0xff, 0xa0, 0xe, 0xff, 0x10, 0x1,
    0xff, 0xe0, 0x2f, 0xfe, 0x0, 0x0, 0xef, 0xf2,
    0x6f, 0xfa, 0x0, 0x0, 0xaf, 0xf6,

    /* U+1EA7 "ầ" */
    0x0, 0x0, 0x0, 0xa, 0xff, 0x30, 0x0, 0x0,
    0x0, 0x0, 0xb, 0xfe, 0x20, 0x0, 0x0, 0x8b,
    0xb8, 0xa, 0xca, 0x0, 0x0, 0x8f, 0xff, 0xf8,
    0x0, 0x0, 0x0, 0x8f, 0xf4, 0x4f, 0xf8, 0x0,
    0x0, 0x1, 0x11, 0x0, 0x11, 0x10, 0x0, 0x0,
    0x0, 0x1, 0x21, 0x0, 0x0, 0x0, 0x0, 0x8f,
    0xff, 0xfb, 0x20, 0x0, 0x0, 0xcf, 0xff, 0xff,
    0xfe, 0x20, 0x0, 0x5f, 0xfd, 0x44, 0xcf, 0xf8,
    0x0, 0x3, 0x66, 0x20, 0x5, 0xff, 0xb0, 0x0,
    0x0, 0x47, 0x99, 0xbf, 0xfb, 0x0, 0x2, 0xdf,
    0xff, 0xff, 0xff, 0xb0, 0x0, 0xbf, 0xf8, 0x22,
    0x5f, 0xfb, 0x0, 0xf, 0xff, 0x0, 0x5, 0xff,
    0xb0, 0x0, 0xef, 0xf7, 0x2, 0xcf, 0xfb, 0x0,
    0x9, 0xff, 0xff, 0xfd, 0xff, 0xb0, 0x0, 0xa,
    0xff, 0xfb, 0x4f, 0xfb, 0x0, 0x0, 0x0, 0x21,
    0x0, 0x0, 0x0, 0x0,

    /* U+1EA8 "Ẩ" */
    0x0, 0x0, 0x0, 0x1, 0x66, 0x40, 0x0, 0x0,
    0x0, 0x3, 0xff, 0xf9, 0x0, 0x0, 0x36, 0x64,
    0x27, 0xfb, 0x0, 0x4, 0xff, 0xff, 0x58, 0x92,
    0x0, 0x4f, 0xf8, 0x8f, 0xf4, 0x0, 0x0, 0x56,
    0x50, 0x5, 0x65, 0x0, 0x0, 0x0, 0x99, 0x98,
    0x0, 0x0, 0x0, 0x3, 0xff, 0xff, 0x20, 0x0,
    0x0, 0x7, 0xff, 0xff, 0x60, 0x0, 0x0, 0xa,
    0xfe, 0xef, 0xa0, 0x0, 0x0, 0xe, 0xfb, 0xbf,
    0xe0, 0x0, 0x0, 0x2f, 0xf8, 0x8f, 0xf2, 0x0,
    0x0, 0x6f, 0xf5, 0x5f, 0xf6, 0x0, 0x0, 0xaf,
    0xf2, 0x2f, 0xfa, 0x0, 0x0, 0xef, 0xe0, 0xf,
    0xfe, 0x0, 0x2, 0xff, 0xfb, 0xbf, 0xff, 0x20,
    0x6, 0xff, 0xff, 0xff, 0xff, 0x60, 0xa, 0xff,
    0xcb, 0xbc, 0xff, 0xa0, 0xe, 0xff, 0x10, 0x1,
    0xff, 0xe0, 0x2f, 0xfe, 0x0, 0x0, 0xef, 0xf2,
    0x6f, 0xfa, 0x0, 0x0, 0xaf, 0xf6,

    /* U+1EA9 "ẩ" */
    0x0, 0x0, 0x0, 0x6, 0xff, 0xd3, 0x0, 0x0,
    0x0, 0x4, 0xbd, 0xfb, 0x0, 0x0, 0x0, 0x0,
    0x7, 0xf9, 0x0, 0x0, 0x8b, 0xb8, 0x2c, 0xb0,
    0x0, 0x8, 0xff, 0xff, 0x80, 0x0, 0x0, 0x8f,
    0xf4, 0x4f, 0xf8, 0x0, 0x0, 0x11, 0x10, 0x1,
    0x11, 0x0, 0x0, 0x0, 0x1, 0x21, 0x0, 0x0,
    0x0, 0x8, 0xff, 0xff, 0xb2, 0x0, 0x0, 0xcf,
    0xff, 0xff, 0xfe, 0x20, 0x5, 0xff, 0xd4, 0x4c,
    0xff, 0x80, 0x3, 0x66, 0x20, 0x5, 0xff, 0xb0,
    0x0, 0x4, 0x79, 0x9b, 0xff, 0xb0, 0x2, 0xdf,
    0xff, 0xff, 0xff, 0xb0, 0xb, 0xff, 0x82, 0x25,
    0xff, 0xb0, 0xf, 0xff, 0x0, 0x5, 0xff, 0xb0,
    0xe, 0xff, 0x70, 0x2c, 0xff, 0xb0, 0x9, 0xff,
    0xff, 0xfd, 0xff, 0xb0, 0x0, 0xaf, 0xff, 0xb4,
    0xff, 0xb0, 0x0, 0x0, 0x21, 0x0, 0x0, 0x0,

    /* U+1EAA "Ẫ" */
    0x0, 0x2, 0x53, 0x0, 0x42, 0x0, 0x0, 0x4f,
    0xff, 0xec, 0xf7, 0x0, 0x0, 0x6b, 0x35, 0xac,
    0x90, 0x0, 0x0, 0x5, 0xba, 0xab, 0x50, 0x0,
    0x0, 0x4f, 0xf7, 0x7f, 0xf4, 0x0, 0x0, 0x56,
    0x50, 0x5, 0x65, 0x0, 0x0, 0x0, 0x99, 0x98,
    0x0, 0x0, 0x0, 0x3, 0xff, 0xff, 0x20, 0x0,
    0x0, 0x7, 0xff, 0xff, 0x60, 0x0, 0x0, 0xa,
    0xfe, 0xef, 0xa0, 0x0, 0x0, 0xe, 0xfb, 0xbf,
    0xe0, 0x0, 0x0, 0x2f, 0xf8, 0x8f, 0xf2, 0x0,
    0x0, 0x6f, 0xf5, 0x5f, 0xf6, 0x0, 0x0, 0xaf,
    0xf2, 0x2f, 0xfa, 0x0, 0x0, 0xef, 0xe0, 0xf,
    0xfe, 0x0, 0x2, 0xff, 0xfb, 0xbf, 0xff, 0x20,
    0x6, 0xff, 0xff, 0xff, 0xff, 0x60, 0xa, 0xff,
    0xcb, 0xbc, 0xff, 0xa0, 0xe, 0xff, 0x10, 0x1,
    0xff, 0xe0, 0x2f, 0xfe, 0x0, 0x0, 0xef, 0xf2,
    0x6f, 0xfa, 0x0, 0x0, 0xaf, 0xf6,

    /* U+1EAB "ẫ" */
    0x0, 0x1, 0x53, 0x0, 0x42, 0x0, 0x2, 0xff,
    0xfa, 0x6f, 0x80, 0x0, 0x8f, 0x7b, 0xff, 0xf3,
    0x0, 0x3, 0x60, 0x4, 0x73, 0x0, 0x0, 0x0,
    0x8b, 0xb8, 0x0, 0x0, 0x0, 0x8f, 0xff, 0xf8,
    0x0, 0x0, 0x8f, 0xf4, 0x4f, 0xf8, 0x0, 0x1,
    0x11, 0x0, 0x11, 0x10, 0x0, 0x0, 0x1, 0x21,
    0x0, 0x0, 0x0, 0x8f, 0xff, 0xfb, 0x20, 0x0,
    0xcf, 0xff, 0xff, 0xfe, 0x20, 0x5f, 0xfd, 0x44,
    0xcf, 0xf8, 0x3, 0x66, 0x20, 0x5, 0xff, 0xb0,
    0x0, 0x47, 0x99, 0xbf, 0xfb, 0x2, 0xdf, 0xff,
    0xff, 0xff, 0xb0, 0xbf, 0xf8, 0x22, 0x5f, 0xfb,
    0xf, 0xff, 0x0, 0x5, 0xff, 0xb0, 0xef, 0xf7,
    0x2, 0xcf, 0xfb, 0x9, 0xff, 0xff, 0xfd, 0xff,
    0xb0, 0xa, 0xff, 0xfb, 0x4f, 0xfb, 0x0, 0x0,
    0x21, 0x0, 0x0, 0x0,

    /* U+1EAC "Ậ" */
    0x0, 0x1, 0xdf, 0xfd, 0x10, 0x0, 0x0, 0xc,
    0xfc, 0xdf, 0xc0, 0x0, 0x0, 0x8c, 0xb1, 0x1b,
    0xc8, 0x0, 0x0, 0x0, 0x0, 0x0, 0x0, 0x0,
    0x0, 0x0, 0x99, 0x98, 0x0, 0x0, 0x0, 0x3,
    0xff, 0xff, 0x20, 0x0, 0x0, 0x7, 0xff, 0xff,
    0x60, 0x0, 0x0, 0xa, 0xfe, 0xef, 0xa0, 0x0,
    0x0, 0xe, 0xfb, 0xbf, 0xe0, 0x0, 0x0, 0x2f,
    0xf8, 0x8f, 0xf2, 0x0, 0x0, 0x6f, 0xf5, 0x5f,
    0xf6, 0x0, 0x0, 0xaf, 0xf2, 0x2f, 0xfa, 0x0,
    0x0, 0xef, 0xe0, 0xf, 0xfe, 0x0, 0x2, 0xff,
    0xfb, 0xbf, 0xff, 0x20, 0x6, 0xff, 0xff, 0xff,
    0xff, 0x60, 0xa, 0xff, 0xcb, 0xbc, 0xff, 0xa0,
    0xe, 0xff, 0x10, 0x1, 0xff, 0xe0, 0x2f, 0xfe,
    0x0, 0x0, 0xef, 0xf2, 0x6f, 0xfa, 0x0, 0x0,
    0xaf, 0xf6, 0x0, 0x0, 0x0, 0x0, 0x0, 0x0,
    0x0, 0x0, 0x4, 0x61, 0x0, 0x0, 0x0, 0x0,
    0x6f, 0xfd, 0x0, 0x0, 0x0, 0x0, 0x7f, 0xfe,
    0x0, 0x0, 0x0, 0x0, 0x8, 0x93, 0x0, 0x0,

    /* U+1EAD "ậ" */
    0x0, 0x0, 0x7b, 0xb9, 0x0, 0x0, 0x0, 0x7f,
    0xff, 0xfa, 0x0, 0x0, 0x6f, 0xf4, 0x3e, 0xf9,
    0x0, 0x1, 0x11, 0x0, 0x1, 0x10, 0x0, 0x0,
    0x1, 0x21, 0x0, 0x0, 0x0, 0x8f, 0xff, 0xfb,
    0x20, 0x0, 0xcf, 0xff, 0xff, 0xfe, 0x20, 0x5f,
    0xfd, 0x44, 0xcf, 0xf8, 0x3, 0x66, 0x20, 0x5,
    0xff, 0xb0, 0x0, 0x47, 0x99, 0xbf, 0xfb, 0x2,
    0xdf, 0xff, 0xff, 0xff, 0xb0, 0xbf, 0xf8, 0x22,
    0x5f, 0xfb, 0xf, 0xff, 0x0, 0x5, 0xff, 0xb0,
    0xef, 0xf7, 0x2, 0xcf, 0xfb, 0x9, 0xff, 0xff,
    0xfd, 0xff, 0xb0, 0xa, 0xff, 0xfb, 0x4f, 0xfb,
    0x0, 0x0, 0x21, 0x0, 0x0, 0x0, 0x0, 0x0,
    0x56, 0x0, 0x0, 0x0, 0x0, 0x8f, 0xfb, 0x0,
    0x0, 0x0, 0x9, 0xff, 0xc0, 0x0, 0x0, 0x0,
    0x18, 0x92, 0x0, 0x0,

    /* U+1EAE "Ắ" */
    0x0, 0x0, 0x0, 0x36, 0x60, 0x0, 0x0, 0x0,
    0x3, 0xff, 0x60, 0x0, 0x0, 0x44, 0x1c, 0xe6,
    0x44, 0x0, 0x0, 0xdf, 0x63, 0x36, 0xfd, 0x0,
    0x0, 0x4e, 0xff, 0xff, 0xe4, 0x0, 0x0, 0x1,
    0x46, 0x64, 0x0, 0x0, 0x0, 0x0, 0x99, 0x98,
    0x0, 0x0, 0x0, 0x3, 0xff, 0xff, 0x20, 0x0,
    0x0, 0x7, 0xff, 0xff, 0x60, 0x0, 0x0, 0xa,
    0xfe, 0xef, 0xa0, 0x0, 0x0, 0xe, 0xfb, 0xbf,
    0xe0, 0x0, 0x0, 0x2f, 0xf8, 0x8f, 0xf2, 0x0,
    0x0, 0x6f, 0xf5, 0x5f, 0xf6, 0x0, 0x0, 0xaf,
    0xf2, 0x2f, 0xfa, 0x0, 0x0, 0xef, 0xe0, 0xf,
    0xfe, 0x0, 0x2, 0xff, 0xfb, 0xbf, 0xff, 0x20,
    0x6, 0xff, 0xff, 0xff, 0xff, 0x60, 0xa, 0xff,
    0xcb, 0xbc, 0xff, 0xa0, 0xe, 0xff, 0x10, 0x1,
    0xff, 0xe0, 0x2f, 0xfe, 0x0, 0x0, 0xef, 0xf2,
    0x6f, 0xfa, 0x0, 0x0, 0xaf, 0xf6,

    /* U+1EAF "ắ" */
    0x0, 0x0, 0x0, 0x29, 0x93, 0x0, 0x0, 0x0,
    0xd, 0xf9, 0x0, 0x0, 0x0, 0xb, 0xfb, 0x0,
    0x0, 0x6, 0x96, 0x33, 0x69, 0x60, 0x0, 0x6f,
    0xfa, 0xaf, 0xf6, 0x0, 0x0, 0x7f, 0xff, 0xf7,
    0x0, 0x0, 0x0, 0x2, 0x20, 0x0, 0x0, 0x0,
    0x0, 0x12, 0x10, 0x0, 0x0, 0x8, 0xff, 0xff,
    0xb2, 0x0, 0xc, 0xff, 0xff, 0xff, 0xe2, 0x5,
    0xff, 0xd4, 0x4c, 0xff, 0x80, 0x36, 0x62, 0x0,
    0x5f, 0xfb, 0x0, 0x4, 0x79, 0x9b, 0xff, 0xb0,
    0x2d, 0xff, 0xff, 0xff, 0xfb, 0xb, 0xff, 0x82,
    0x25, 0xff, 0xb0, 0xff, 0xf0, 0x0, 0x5f, 0xfb,
    0xe, 0xff, 0x70, 0x2c, 0xff, 0xb0, 0x9f, 0xff,
    0xff, 0xdf, 0xfb, 0x0, 0xaf, 0xff, 0xb4, 0xff,
    0xb0, 0x0, 0x2, 0x10, 0x0, 0x0,

    /* U+1EB0 "Ằ" */
    0x0, 0x3, 0x65, 0x0, 0x0, 0x0, 0x0, 0x1,
    0xef, 0x40, 0x0, 0x0, 0x0, 0x44, 0x3e, 0xd1,
    0x44, 0x0, 0x0, 0xdf, 0x63, 0x36, 0xfd, 0x0,
    0x0, 0x4e, 0xff, 0xff, 0xe4, 0x0, 0x0, 0x1,
    0x46, 0x64, 0x0, 0x0, 0x0, 0x0, 0x99, 0x98,
    0x0, 0x0, 0x0, 0x3, 0xff, 0xff, 0x20, 0x0,
    0x0, 0x7, 0xff, 0xff, 0x60, 0x0, 0x0, 0xa,
    0xfe, 0xef, 0xa0, 0x0, 0x0, 0xe, 0xfb, 0xbf,
    0xe0, 0x0, 0x0, 0x2f, 0xf8, 0x8f, 0xf2, 0x0,
    0x0, 0x6f, 0xf5, 0x5f, 0xf6, 0x0, 0x0, 0xaf,
    0xf2, 0x2f, 0xfa, 0x0, 0x0, 0xef, 0xe0, 0xf,
    0xfe, 0x0, 0x2, 0xff, 0xfb, 0xbf, 0xff, 0x20,
    0x6, 0xff, 0xff, 0xff, 0xff, 0x60, 0xa, 0xff,
    0xcb, 0xbc, 0xff, 0xa0, 0xe, 0xff, 0x10, 0x1,
    0xff, 0xe0, 0x2f, 0xfe, 0x0, 0x0, 0xef, 0xf2,
    0x6f, 0xfa, 0x0, 0x0, 0xaf, 0xf6,

    /* U+1EB1 "ằ" */
    0x0, 0x39, 0x92, 0x0, 0x0, 0x0, 0x0, 0x9f,
    0xd0, 0x0, 0x0, 0x0, 0x0, 0xbf, 0xb0, 0x0,
    0x0, 0x6, 0x96, 0x33, 0x69, 0x60, 0x0, 0x6f,
    0xfa, 0xaf, 0xf6, 0x0, 0x0, 0x7f, 0xff, 0xf7,
    0x0, 0x0, 0x0, 0x2, 0x20, 0x0, 0x0, 0x0,
    0x0, 0x12, 0x10, 0x0, 0x0, 0x8, 0xff, 0xff,
    0xb2, 0x0, 0xc, 0xff, 0xff, 0xff, 0xe2, 0x5,
    0xff, 0xd4, 0x4c, 0xff, 0x80, 0x36, 0x62, 0x0,
    0x5f, 0xfb, 0x0, 0x4, 0x79, 0x9b, 0xff, 0xb0,
    0x2d, 0xff, 0xff, 0xff, 0xfb, 0xb, 0xff, 0x82,
    0x25, 0xff, 0xb0, 0xff, 0xf0, 0x0, 0x5f, 0xfb,
    0xe, 0xff, 0x70, 0x2c, 0xff, 0xb0, 0x9f, 0xff,
    0xff, 0xdf, 0xfb, 0x0, 0xaf, 0xff, 0xb4, 0xff,
    0xb0, 0x0, 0x2, 0x10, 0x0, 0x0,

    /* U+1EB2 "Ẳ" */
    0x0, 0x0, 0x66, 0x50, 0x0, 0x0, 0x0, 0x0,
    0xff, 0xf9, 0x0, 0x0, 0x0, 0x44, 0x8, 0xf8,
    0x44, 0x0, 0x0, 0xdf, 0x66, 0x67, 0xfd, 0x0,
    0x0, 0x4e, 0xff, 0xff, 0xe4, 0x0, 0x0, 0x1,
    0x46, 0x64, 0x0, 0x0, 0x0, 0x0, 0x99, 0x98,
    0x0, 0x0, 0x0, 0x3, 0xff, 0xff, 0x20, 0x0,
    0x0, 0x7, 0xff, 0xff, 0x60, 0x0, 0x0, 0xa,
    0xfe, 0xef, 0xa0, 0x0, 0x0, 0xe, 0xfb, 0xbf,
    0xe0, 0x0, 0x0, 0x2f, 0xf8, 0x8f, 0xf2, 0x0,
    0x0, 0x6f, 0xf5, 0x5f, 0xf6, 0x0, 0x0, 0xaf,
    0xf2, 0x2f, 0xfa, 0x0, 0x0, 0xef, 0xe0, 0xf,
    0xfe, 0x0, 0x2, 0xff, 0xfb, 0xbf, 0xff, 0x20,
    0x6, 0xff, 0xff, 0xff, 0xff, 0x60, 0xa, 0xff,
    0xcb, 0xbc, 0xff, 0xa0, 0xe, 0xff, 0x10, 0x1,
    0xff, 0xe0, 0x2f, 0xfe, 0x0, 0x0, 0xef, 0xf2,
    0x6f, 0xfa, 0x0, 0x0, 0xaf, 0xf6,

    /* U+1EB3 "ẳ" */
    0x0, 0x0, 0x87, 0x61, 0x0, 0x0, 0x0, 0xf,
    0xff, 0xd0, 0x0, 0x0, 0x0, 0x34, 0xff, 0x0,
    0x0, 0x0, 0x0, 0x9f, 0x80, 0x0, 0x0, 0x69,
    0x63, 0x35, 0x96, 0x0, 0x6, 0xff, 0xaa, 0xff,
    0x60, 0x0, 0x7, 0xff, 0xff, 0x70, 0x0, 0x0,
    0x0, 0x22, 0x0, 0x0, 0x0, 0x0, 0x1, 0x21,
    0x0, 0x0, 0x0, 0x8f, 0xff, 0xfb, 0x20, 0x0,
    0xcf, 0xff, 0xff, 0xfe, 0x20, 0x5f, 0xfd, 0x44,
    0xcf, 0xf8, 0x3, 0x66, 0x20, 0x5, 0xff, 0xb0,
    0x0, 0x47, 0x99, 0xbf, 0xfb, 0x2, 0xdf, 0xff,
    0xff, 0xff, 0xb0, 0xbf, 0xf8, 0x22, 0x5f, 0xfb,
    0xf, 0xff, 0x0, 0x5, 0xff, 0xb0, 0xef, 0xf7,
    0x2, 0xcf, 0xfb, 0x9, 0xff, 0xff, 0xfd, 0xff,
    0xb0, 0xa, 0xff, 0xfb, 0x4f, 0xfb, 0x0, 0x0,
    0x21, 0x0, 0x0, 0x0,

    /* U+1EB4 "Ẵ" */
    0x0, 0x2, 0x53, 0x0, 0x42, 0x0, 0x0, 0x4f,
    0xff, 0xec, 0xf7, 0x0, 0x0, 0x6b, 0x35, 0xac,
    0x90, 0x0, 0x0, 0x6c, 0x83, 0x38, 0xc6, 0x0,
    0x0, 0x2e, 0xff, 0xff, 0xe2, 0x0, 0x0, 0x1,
    0x56, 0x65, 0x10, 0x0, 0x0, 0x0, 0x99, 0x98,
    0x0, 0x0, 0x0, 0x3, 0xff, 0xff, 0x20, 0x0,
    0x0, 0x7, 0xff, 0xff, 0x60, 0x0, 0x0, 0xa,
    0xfe, 0xef, 0xa0, 0x0, 0x0, 0xe, 0xfb, 0xbf,
    0xe0, 0x0, 0x0, 0x2f, 0xf8, 0x8f, 0xf2, 0x0,
    0x0, 0x6f, 0xf5, 0x5f, 0xf6, 0x0, 0x0, 0xaf,
    0xf2, 0x2f, 0xfa, 0x0, 0x0, 0xef, 0xe0, 0xf,
    0xfe, 0x0, 0x2, 0xff, 0xfb, 0xbf, 0xff, 0x20,
    0x6, 0xff, 0xff, 0xff, 0xff, 0x60, 0xa, 0xff,
    0xcb, 0xbc, 0xff, 0xa0, 0xe, 0xff, 0x10, 0x1,
    0xff, 0xe0, 0x2f, 0xfe, 0x0, 0x0, 0xef, 0xf2,
    0x6f, 0xfa, 0x0, 0x0, 0xaf, 0xf6,

    /* U+1EB5 "ẵ" */
    0x0, 0x0, 0x20, 0x0, 0x10, 0x0, 0x1, 0xdf,
    0xf4, 0x1f, 0x90, 0x0, 0x7f, 0xae, 0xfe, 0xf6,
    0x0, 0x7, 0xc1, 0x1b, 0xd9, 0x0, 0x0, 0x69,
    0x50, 0x5, 0x96, 0x0, 0x6, 0xff, 0xaa, 0xff,
    0x60, 0x0, 0x7, 0xff, 0xff, 0x70, 0x0, 0x0,
    0x0, 0x22, 0x0, 0x0, 0x0, 0x0, 0x1, 0x21,
    0x0, 0x0, 0x0, 0x8f, 0xff, 0xfb, 0x20, 0x0,
    0xcf, 0xff, 0xff, 0xfe, 0x20, 0x5f, 0xfd, 0x44,
    0xcf, 0xf8, 0x3, 0x66, 0x20, 0x5, 0xff, 0xb0,
    0x0, 0x47, 0x99, 0xbf, 0xfb, 0x2, 0xdf, 0xff,
    0xff, 0xff, 0xb0, 0xbf, 0xf8, 0x22, 0x5f, 0xfb,
    0xf, 0xff, 0x0, 0x5, 0xff, 0xb0, 0xef, 0xf7,
    0x2, 0xcf, 0xfb, 0x9, 0xff, 0xff, 0xfd, 0xff,
    0xb0, 0xa, 0xff, 0xfb, 0x4f, 0xfb, 0x0, 0x0,
    0x21, 0x0, 0x0, 0x0,

    /* U+1EB6 "Ặ" */
    0x0, 0xaf, 0xc0, 0xc, 0xfa, 0x0, 0x0, 0x3f,
    0xfd, 0xdf, 0xf4, 0x0, 0x0, 0x4, 0xbe, 0xeb,
    0x30, 0x0, 0x0, 0x0, 0x0, 0x0, 0x0, 0x0,
    0x0, 0x0, 0x99, 0x98, 0x0, 0x0, 0x0, 0x3,
    0xff, 0xff, 0x20, 0x0, 0x0, 0x7, 0xff, 0xff,
    0x60, 0x0, 0x0, 0xa, 0xfe, 0xef, 0xa0, 0x0,
    0x0, 0xe, 0xfb, 0xbf, 0xe0, 0x0, 0x0, 0x2f,
    0xf8, 0x8f, 0xf2, 0x0, 0x0, 0x6f, 0xf5, 0x5f,
    0xf6, 0x0, 0x0, 0xaf, 0xf2, 0x2f, 0xfa, 0x0,
    0x0, 0xef, 0xe0, 0xf, 0xfe, 0x0, 0x2, 0xff,
    0xfb, 0xbf, 0xff, 0x20, 0x6, 0xff, 0xff, 0xff,
    0xff, 0x60, 0xa, 0xff, 0xcb, 0xbc, 0xff, 0xa0,
    0xe, 0xff, 0x10, 0x1, 0xff, 0xe0, 0x2f, 0xfe,
    0x0, 0x0, 0xef, 0xf2, 0x6f, 0xfa, 0x0, 0x0,
    0xaf, 0xf6, 0x0, 0x0, 0x0, 0x0, 0x0, 0x0,
    0x0, 0x0, 0x4, 0x61, 0x0, 0x0, 0x0, 0x0,
    0x6f, 0xfd, 0x0, 0x0, 0x0, 0x0, 0x7f, 0xfe,
    0x0, 0x0, 0x0, 0x0, 0x8, 0x93, 0x0, 0x0,

    /* U+1EB7 "ặ" */
    0x0, 0x5b, 0xa0, 0x5, 0xb9, 0x0, 0x3, 0xff,
    0xa7, 0xef, 0xa0, 0x0, 0x6, 0xef, 0xff, 0xa1,
    0x0, 0x0, 0x0, 0x34, 0x10, 0x0, 0x0, 0x0,
    0x1, 0x21, 0x0, 0x0, 0x0, 0x8f, 0xff, 0xfb,
    0x20, 0x0, 0xcf, 0xff, 0xff, 0xfe, 0x20, 0x5f,
    0xfd, 0x44, 0xcf, 0xf8, 0x3, 0x66, 0x20, 0x5,
    0xff, 0xb0, 0x0, 0x47, 0x99, 0xbf, 0xfb, 0x2,
    0xdf, 0xff, 0xff, 0xff, 0xb0, 0xbf, 0xf8, 0x22,
    0x5f, 0xfb, 0xf, 0xff, 0x0, 0x5, 0xff, 0xb0,
    0xef, 0xf7, 0x2, 0xcf, 0xfb, 0x9, 0xff, 0xff,
    0xfd, 0xff, 0xb0, 0xa, 0xff, 0xfb, 0x4f, 0xfb,
    0x0, 0x0, 0x21, 0x0, 0x0, 0x0, 0x0, 0x0,
    0x56, 0x0, 0x0, 0x0, 0x0, 0x8f, 0xfb, 0x0,
    0x0, 0x0, 0x9, 0xff, 0xc0, 0x0, 0x0, 0x0,
    0x18, 0x92, 0x0, 0x0,

    /* U+1EB8 "Ẹ" */
    0x39, 0x99, 0x99, 0x99, 0x95, 0x6f, 0xff, 0xff,
    0xff, 0xf9, 0x6f, 0xff, 0xff, 0xff, 0xf9, 0x6f,
    0xf8, 0x0, 0x0, 0x0, 0x6f, 0xf8, 0x0, 0x0,
    0x0, 0x6f, 0xf8, 0x0, 0x0, 0x0, 0x6f, 0xfe,
    0xcc, 0xcc, 0xb0, 0x6f, 0xff, 0xff, 0xff, 0xe0,
    0x6f, 0xfe, 0xcc, 0xcc, 0xb0, 0x6f, 0xf8, 0x0,
    0x0, 0x0, 0x6f, 0xf8, 0x0, 0x0, 0x0, 0x6f,
    0xf8, 0x0, 0x0, 0x0, 0x6f, 0xfc, 0x99, 0x99,
    0x95, 0x6f, 0xff, 0xff, 0xff, 0xf9, 0x6f, 0xff,
    0xff, 0xff, 0xf9, 0x0, 0x0, 0x0, 0x0, 0x0,
    0x0, 0x0, 0x36, 0x20, 0x0, 0x0, 0x3, 0xff,
    0xf1, 0x0, 0x0, 0x4, 0xff, 0xf1, 0x0, 0x0,
    0x0, 0x79, 0x50, 0x0,

    /* U+1EB9 "ẹ" */
    0x0, 0x0, 0x22, 0x0, 0x0, 0x1, 0x9f, 0xff,
    0xf9, 0x10, 0xd, 0xff, 0xff, 0xff, 0xd0, 0x7f,
    0xfb, 0x22, 0xbf, 0xf7, 0xbf, 0xf2, 0x0, 0x2f,
    0xfb, 0xcf, 0xf8, 0x88, 0x9f, 0xfc, 0xcf, 0xff,
    0xff, 0xff, 0xfc, 0xcf, 0xf4, 0x33, 0x33, 0x32,
    0xbf, 0xf2, 0x0, 0x0, 0x0, 0x7f, 0xfb, 0x22,
    0xaf, 0xf7, 0xd, 0xff, 0xff, 0xff, 0xd0, 0x1,
    0xaf, 0xff, 0xf9, 0x10, 0x0, 0x0, 0x22, 0x0,
    0x0, 0x0, 0x0, 0x55, 0x0, 0x0, 0x0, 0xa,
    0xff, 0x90, 0x0, 0x0, 0xb, 0xff, 0xb0, 0x0,
    0x0, 0x1, 0x99, 0x10, 0x0,

    /* U+1EBA "Ẻ" */
    0x0, 0xb, 0xba, 0x40, 0x0, 0x0, 0xf, 0xff,
    0xf1, 0x0, 0x0, 0x0, 0xf, 0xf1, 0x0, 0x0,
    0x0, 0xaf, 0x80, 0x0, 0x0, 0x0, 0x11, 0x0,
    0x0, 0x39, 0x99, 0x99, 0x99, 0x95, 0x6f, 0xff,
    0xff, 0xff, 0xf9, 0x6f, 0xff, 0xff, 0xff, 0xf9,
    0x6f, 0xf8, 0x0, 0x0, 0x0, 0x6f, 0xf8, 0x0,
    0x0, 0x0, 0x6f, 0xf8, 0x0, 0x0, 0x0, 0x6f,
    0xfe, 0xcc, 0xcc, 0xb0, 0x6f, 0xff, 0xff, 0xff,
    0xe0, 0x6f, 0xfe, 0xcc, 0xcc, 0xb0, 0x6f, 0xf8,
    0x0, 0x0, 0x0, 0x6f, 0xf8, 0x0, 0x0, 0x0,
    0x6f, 0xf8, 0x0, 0x0, 0x0, 0x6f, 0xfc, 0x99,
    0x99, 0x95, 0x6f, 0xff, 0xff, 0xff, 0xf9, 0x6f,
    0xff, 0xff, 0xff, 0xf9,

    /* U+1EBB "ẻ" */
    0x0, 0xb, 0xba, 0x30, 0x0, 0x0, 0xf, 0xff,
    0xf1, 0x0, 0x0, 0x0, 0xf, 0xf1, 0x0, 0x0,
    0x0, 0xaf, 0x80, 0x0, 0x0, 0x0, 0x11, 0x0,
    0x0, 0x0, 0x0, 0x22, 0x0, 0x0, 0x1, 0x9f,
    0xff, 0xf9, 0x10, 0xd, 0xff, 0xff, 0xff, 0xd0,
    0x7f, 0xfb, 0x22, 0xbf, 0xf7, 0xbf, 0xf2, 0x0,
    0x2f, 0xfb, 0xcf, 0xf8, 0x88, 0x9f, 0xfc, 0xcf,
    0xff, 0xff, 0xff, 0xfc, 0xcf, 0xf4, 0x33, 0x33,
    0x32, 0xbf, 0xf2, 0x0, 0x0, 0x0, 0x7f, 0xfb,
    0x22, 0xaf, 0xf7, 0xd, 0xff, 0xff, 0xff, 0xd0,
    0x1, 0xaf, 0xff, 0xf9, 0x10, 0x0, 0x0, 0x22,
    0x0, 0x0,

    /* U+1EBC "Ẽ" */
    0x0, 0x1, 0x10, 0x1, 0x10, 0x0, 0x8f, 0xfb,
    0x1c, 0xf0, 0x1, 0xff, 0xef, 0xff, 0xc0, 0x2,
    0xe7, 0xa, 0xfd, 0x30, 0x0, 0x0, 0x0, 0x0,
    0x0, 0x39, 0x99, 0x99, 0x99, 0x95, 0x6f, 0xff,
    0xff, 0xff, 0xf9, 0x6f, 0xff, 0xff, 0xff, 0xf9,
    0x6f, 0xf8, 0x0, 0x0, 0x0, 0x6f, 0xf8, 0x0,
    0x0, 0x0, 0x6f, 0xf8, 0x0, 0x0, 0x0, 0x6f,
    0xfe, 0xcc, 0xcc, 0xb0, 0x6f, 0xff, 0xff, 0xff,
    0xe0, 0x6f, 0xfe, 0xcc, 0xcc, 0xb0, 0x6f, 0xf8,
    0x0, 0x0, 0x0, 0x6f, 0xf8, 0x0, 0x0, 0x0,
    0x6f, 0xf8, 0x0, 0x0, 0x0, 0x6f, 0xfc, 0x99,
    0x99, 0x95, 0x6f, 0xff, 0xff, 0xff, 0xf9, 0x6f,
    0xff, 0xff, 0xff, 0xf9,

    /* U+1EBD "ẽ" */
    0x0, 0x8d, 0xb2, 0x1c, 0x70, 0x5, 0xff, 0xff,
    0xdf, 0x70, 0x9, 0xf4, 0x8f, 0xfe, 0x10, 0x1,
    0x30, 0x1, 0x40, 0x0, 0x0, 0x0, 0x22, 0x0,
    0x0, 0x1, 0x9f, 0xff, 0xf9, 0x10, 0xd, 0xff,
    0xff, 0xff, 0xd0, 0x7f, 0xfb, 0x22, 0xbf, 0xf7,
    0xbf, 0xf2, 0x0, 0x2f, 0xfb, 0xcf, 0xf8, 0x88,
    0x9f, 0xfc, 0xcf, 0xff, 0xff, 0xff, 0xfc, 0xcf,
    0xf4, 0x33, 0x33, 0x32, 0xbf, 0xf2, 0x0, 0x0,
    0x0, 0x7f, 0xfb, 0x22, 0xaf, 0xf7, 0xd, 0xff,
    0xff, 0xff, 0xd0, 0x1, 0xaf, 0xff, 0xf9, 0x10,
    0x0, 0x0, 0x22, 0x0, 0x0,

    /* U+1EBE "Ế" */
    0x0, 0x0, 0x0, 0x0, 0x4, 0x66, 0x10, 0x0,
    0x0, 0x0, 0x5, 0xff, 0x70, 0x0, 0x3, 0x66,
    0x33, 0xee, 0x70, 0x0, 0x4, 0xff, 0xff, 0x40,
    0x0, 0x0, 0x4, 0xff, 0x88, 0xff, 0x40, 0x0,
    0x0, 0x56, 0x50, 0x5, 0x65, 0x0, 0x0, 0x39,
    0x99, 0x99, 0x99, 0x95, 0x0, 0x6, 0xff, 0xff,
    0xff, 0xff, 0x90, 0x0, 0x6f, 0xff, 0xff, 0xff,
    0xf9, 0x0, 0x6, 0xff, 0x80, 0x0, 0x0, 0x0,
    0x0, 0x6f, 0xf8, 0x0, 0x0, 0x0, 0x0, 0x6,
    0xff, 0x80, 0x0, 0x0, 0x0, 0x0, 0x6f, 0xfe,
    0xcc, 0xcc, 0xb0, 0x0, 0x6, 0xff, 0xff, 0xff,
    0xfe, 0x0, 0x0, 0x6f, 0xfe, 0xcc, 0xcc, 0xb0,
    0x0, 0x6, 0xff, 0x80, 0x0, 0x0, 0x0, 0x0,
    0x6f, 0xf8, 0x0, 0x0, 0x0, 0x0, 0x6, 0xff,
    0x80, 0x0, 0x0, 0x0, 0x0, 0x6f, 0xfc, 0x99,
    0x99, 0x95, 0x0, 0x6, 0xff, 0xff, 0xff, 0xff,
    0x90, 0x0, 0x6f, 0xff, 0xff, 0xff, 0xf9, 0x0,
    0x0,

    /* U+1EBF "ế" */
    0x0, 0x0, 0x0, 0x0, 0xa, 0xff, 0x40, 0x0,
    0x0, 0x0, 0x7, 0xff, 0x50, 0x0, 0x8, 0xbb,
    0x83, 0xcc, 0x50, 0x0, 0x8, 0xff, 0xff, 0x80,
    0x0, 0x0, 0x8, 0xff, 0x44, 0xff, 0x80, 0x0,
    0x0, 0x11, 0x10, 0x1, 0x11, 0x0, 0x0, 0x0,
    0x0, 0x22, 0x0, 0x0, 0x0, 0x0, 0x19, 0xff,
    0xff, 0x91, 0x0, 0x0, 0xd, 0xff, 0xff, 0xff,
    0xd0, 0x0, 0x7, 0xff, 0xb2, 0x2b, 0xff, 0x70,
    0x0, 0xbf, 0xf2, 0x0, 0x2f, 0xfb, 0x0, 0xc,
    0xff, 0x88, 0x89, 0xff, 0xc0, 0x0, 0xcf, 0xff,
    0xff, 0xff, 0xfc, 0x0, 0xc, 0xff, 0x43, 0x33,
    0x33, 0x20, 0x0, 0xbf, 0xf2, 0x0, 0x0, 0x0,
    0x0, 0x7, 0xff, 0xb2, 0x2a, 0xff, 0x70, 0x0,
    0xd, 0xff, 0xff, 0xff, 0xd0, 0x0, 0x0, 0x1a,
    0xff, 0xff, 0x91, 0x0, 0x0, 0x0, 0x0, 0x22,
    0x0, 0x0, 0x0, 0x0,

    /* U+1EC0 "Ề" */
    0x0, 0x0, 0x0, 0x66, 0x50, 0x0, 0x0, 0x0,
    0x5, 0xff, 0x80, 0x0, 0x3, 0x66, 0x35, 0xee,
    0x50, 0x4, 0xff, 0xff, 0x40, 0x0, 0x4, 0xff,
    0x88, 0xff, 0x40, 0x0, 0x56, 0x50, 0x5, 0x65,
    0x0, 0x39, 0x99, 0x99, 0x99, 0x95, 0x6, 0xff,
    0xff, 0xff, 0xff, 0x90, 0x6f, 0xff, 0xff, 0xff,
    0xf9, 0x6, 0xff, 0x80, 0x0, 0x0, 0x0, 0x6f,
    0xf8, 0x0, 0x0, 0x0, 0x6, 0xff, 0x80, 0x0,
    0x0, 0x0, 0x6f, 0xfe, 0xcc, 0xcc, 0xb0, 0x6,
    0xff, 0xff, 0xff, 0xfe, 0x0, 0x6f, 0xfe, 0xcc,
    0xcc, 0xb0, 0x6, 0xff, 0x80, 0x0, 0x0, 0x0,
    0x6f, 0xf8, 0x0, 0x0, 0x0, 0x6, 0xff, 0x80,
    0x0, 0x0, 0x0, 0x6f, 0xfc, 0x99, 0x99, 0x95,
    0x6, 0xff, 0xff, 0xff, 0xff, 0x90, 0x6f, 0xff,
    0xff, 0xff, 0xf9, 0x0,

    /* U+1EC1 "ề" */
    0x0, 0x0, 0x0, 0xaf, 0xf3, 0x0, 0x0, 0x0,
    0x0, 0xb, 0xfe, 0x20, 0x0, 0x8, 0xbb, 0x80,
    0xac, 0xa0, 0x0, 0x8f, 0xff, 0xf8, 0x0, 0x0,
    0x8, 0xff, 0x44, 0xff, 0x80, 0x0, 0x1, 0x11,
    0x0, 0x11, 0x10, 0x0, 0x0, 0x0, 0x22, 0x0,
    0x0, 0x0, 0x1, 0x9f, 0xff, 0xf9, 0x10, 0x0,
    0xd, 0xff, 0xff, 0xff, 0xd0, 0x0, 0x7f, 0xfb,
    0x22, 0xbf, 0xf7, 0x0, 0xbf, 0xf2, 0x0, 0x2f,
    0xfb, 0x0, 0xcf, 0xf8, 0x88, 0x9f, 0xfc, 0x0,
    0xcf, 0xff, 0xff, 0xff, 0xfc, 0x0, 0xcf, 0xf4,
    0x33, 0x33, 0x32, 0x0, 0xbf, 0xf2, 0x0, 0x0,
    0x0, 0x0, 0x7f, 0xfb, 0x22, 0xaf, 0xf7, 0x0,
    0xd, 0xff, 0xff, 0xff, 0xd0, 0x0, 0x1, 0xaf,
    0xff, 0xf9, 0x10, 0x0, 0x0, 0x0, 0x22, 0x0,
    0x0, 0x0,

    /* U+1EC2 "Ể" */
    0x0, 0x0, 0x0, 0x16, 0x64, 0x0, 0x0, 0x0,
    0x3, 0xff, 0xf9, 0x0, 0x3, 0x66, 0x42, 0x7f,
    0xb0, 0x4, 0xff, 0xff, 0x58, 0x92, 0x4, 0xff,
    0x88, 0xff, 0x40, 0x0, 0x56, 0x50, 0x5, 0x65,
    0x0, 0x39, 0x99, 0x99, 0x99, 0x95, 0x6, 0xff,
    0xff, 0xff, 0xff, 0x90, 0x6f, 0xff, 0xff, 0xff,
    0xf9, 0x6, 0xff, 0x80, 0x0, 0x0, 0x0, 0x6f,
    0xf8, 0x0, 0x0, 0x0, 0x6, 0xff, 0x80, 0x0,
    0x0, 0x0, 0x6f, 0xfe, 0xcc, 0xcc, 0xb0, 0x6,
    0xff, 0xff, 0xff, 0xfe, 0x0, 0x6f, 0xfe, 0xcc,
    0xcc, 0xb0, 0x6, 0xff, 0x80, 0x0, 0x0, 0x0,
    0x6f, 0xf8, 0x0, 0x0, 0x0, 0x6, 0xff, 0x80,
    0x0, 0x0, 0x0, 0x6f, 0xfc, 0x99, 0x99, 0x95,
    0x6, 0xff, 0xff, 0xff, 0xff, 0x90, 0x6f, 0xff,
    0xff, 0xff, 0xf9, 0x0,

    /* U+1EC3 "ể" */
    0x0, 0x0, 0x0, 0x6f, 0xfd, 0x30, 0x0, 0x0,
    0x4, 0xbd, 0xfb, 0x0, 0x0, 0x0, 0x0, 0x7f,
    0x90, 0x0, 0x8b, 0xb8, 0x2c, 0xb0, 0x0, 0x8f,
    0xff, 0xf8, 0x0, 0x0, 0x8f, 0xf4, 0x4f, 0xf8,
    0x0, 0x1, 0x11, 0x0, 0x11, 0x10, 0x0, 0x0,
    0x2, 0x20, 0x0, 0x0, 0x1, 0x9f, 0xff, 0xf9,
    0x10, 0x0, 0xdf, 0xff, 0xff, 0xfd, 0x0, 0x7f,
    0xfb, 0x22, 0xbf, 0xf7, 0xb, 0xff, 0x20, 0x2,
    0xff, 0xb0, 0xcf, 0xf8, 0x88, 0x9f, 0xfc, 0xc,
    0xff, 0xff, 0xff, 0xff, 0xc0, 0xcf, 0xf4, 0x33,
    0x33, 0x32, 0xb, 0xff, 0x20, 0x0, 0x0, 0x0,
    0x7f, 0xfb, 0x22, 0xaf, 0xf7, 0x0, 0xdf, 0xff,
    0xff, 0xfd, 0x0, 0x1, 0xaf, 0xff, 0xf9, 0x10,
    0x0, 0x0, 0x2, 0x20, 0x0, 0x0,

    /* U+1EC4 "Ễ" */
    0x0, 0x25, 0x30, 0x4, 0x20, 0x4, 0xff, 0xfe,
    0xcf, 0x70, 0x6, 0xb3, 0x5a, 0xc9, 0x0, 0x0,
    0x5b, 0xaa, 0xb5, 0x0, 0x4, 0xff, 0x77, 0xff,
    0x40, 0x5, 0x65, 0x0, 0x56, 0x50, 0x39, 0x99,
    0x99, 0x99, 0x95, 0x6f, 0xff, 0xff, 0xff, 0xf9,
    0x6f, 0xff, 0xff, 0xff, 0xf9, 0x6f, 0xf8, 0x0,
    0x0, 0x0, 0x6f, 0xf8, 0x0, 0x0, 0x0, 0x6f,
    0xf8, 0x0, 0x0, 0x0, 0x6f, 0xfe, 0xcc, 0xcc,
    0xb0, 0x6f, 0xff, 0xff, 0xff, 0xe0, 0x6f, 0xfe,
    0xcc, 0xcc, 0xb0, 0x6f, 0xf8, 0x0, 0x0, 0x0,
    0x6f, 0xf8, 0x0, 0x0, 0x0, 0x6f, 0xf8, 0x0,
    0x0, 0x0, 0x6f, 0xfc, 0x99, 0x99, 0x95, 0x6f,
    0xff, 0xff, 0xff, 0xf9, 0x6f, 0xff, 0xff, 0xff,
    0xf9,

    /* U+1EC5 "ễ" */
    0x0, 0x15, 0x30, 0x4, 0x20, 0x2, 0xff, 0xfa,
    0x6f, 0x80, 0x8, 0xf7, 0xbf, 0xff, 0x30, 0x3,
    0x60, 0x4, 0x73, 0x0, 0x0, 0x8, 0xbb, 0x80,
    0x0, 0x0, 0x8f, 0xff, 0xf8, 0x0, 0x8, 0xff,
    0x44, 0xff, 0x80, 0x1, 0x11, 0x0, 0x11, 0x10,
    0x0, 0x0, 0x22, 0x0, 0x0, 0x1, 0x9f, 0xff,
    0xf9, 0x10, 0xd, 0xff, 0xff, 0xff, 0xd0, 0x7f,
    0xfb, 0x22, 0xbf, 0xf7, 0xbf, 0xf2, 0x0, 0x2f,
    0xfb, 0xcf, 0xf8, 0x88, 0x9f, 0xfc, 0xcf, 0xff,
    0xff, 0xff, 0xfc, 0xcf, 0xf4, 0x33, 0x33, 0x32,
    0xbf, 0xf2, 0x0, 0x0, 0x0, 0x7f, 0xfb, 0x22,
    0xaf, 0xf7, 0xd, 0xff, 0xff, 0xff, 0xd0, 0x1,
    0xaf, 0xff, 0xf9, 0x10, 0x0, 0x0, 0x22, 0x0,
    0x0,

    /* U+1EC6 "Ệ" */
    0x0, 0x1d, 0xff, 0xd1, 0x0, 0x0, 0xcf, 0xcd,
    0xfc, 0x0, 0x8, 0xcb, 0x11, 0xbc, 0x80, 0x0,
    0x0, 0x0, 0x0, 0x0, 0x39, 0x99, 0x99, 0x99,
    0x95, 0x6f, 0xff, 0xff, 0xff, 0xf9, 0x6f, 0xff,
    0xff, 0xff, 0xf9, 0x6f, 0xf8, 0x0, 0x0, 0x0,
    0x6f, 0xf8, 0x0, 0x0, 0x0, 0x6f, 0xf8, 0x0,
    0x0, 0x0, 0x6f, 0xfe, 0xcc, 0xcc, 0xb0, 0x6f,
    0xff, 0xff, 0xff, 0xe0, 0x6f, 0xfe, 0xcc, 0xcc,
    0xb0, 0x6f, 0xf8, 0x0, 0x0, 0x0, 0x6f, 0xf8,
    0x0, 0x0, 0x0, 0x6f, 0xf8, 0x0, 0x0, 0x0,
    0x6f, 0xfc, 0x99, 0x99, 0x95, 0x6f, 0xff, 0xff,
    0xff, 0xf9, 0x6f, 0xff, 0xff, 0xff, 0xf9, 0x0,
    0x0, 0x0, 0x0, 0x0, 0x0, 0x0, 0x36, 0x20,
    0x0, 0x0, 0x3, 0xff, 0xf1, 0x0, 0x0, 0x4,
    0xff, 0xf1, 0x0, 0x0, 0x0, 0x79, 0x50, 0x0,

    /* U+1EC7 "ệ" */
    0x0, 0x7, 0xbb, 0x90, 0x0, 0x0, 0x7f, 0xff,
    0xfa, 0x0, 0x7, 0xff, 0x43, 0xef, 0x90, 0x1,
    0x11, 0x0, 0x1, 0x10, 0x0, 0x0, 0x22, 0x0,
    0x0, 0x1, 0x9f, 0xff, 0xf9, 0x10, 0xd, 0xff,
    0xff, 0xff, 0xd0, 0x7f, 0xfb, 0x22, 0xbf, 0xf7,
    0xbf, 0xf2, 0x0, 0x2f, 0xfb, 0xcf, 0xf8, 0x88,
    0x9f, 0xfc, 0xcf, 0xff, 0xff, 0xff, 0xfc, 0xcf,
    0xf4, 0x33, 0x33, 0x32, 0xbf, 0xf2, 0x0, 0x0,
    0x0, 0x7f, 0xfb, 0x22, 0xaf, 0xf7, 0xd, 0xff,
    0xff, 0xff, 0xd0, 0x1, 0xaf, 0xff, 0xf9, 0x10,
    0x0, 0x0, 0x22, 0x0, 0x0, 0x0, 0x0, 0x55,
    0x0, 0x0, 0x0, 0xa, 0xff, 0x90, 0x0, 0x0,
    0xb, 0xff, 0xb0, 0x0, 0x0, 0x1, 0x99, 0x10,
    0x0,

    /* U+1EC8 "Ỉ" */
    0x0, 0x7, 0xba, 0x70, 0x0, 0x0, 0xb, 0xff,
    0xf5, 0x0, 0x0, 0x0, 0xb, 0xf6, 0x0, 0x0,
    0x0, 0x5f, 0xc0, 0x0, 0x0, 0x0, 0x11, 0x0,
    0x0, 0x39, 0x99, 0x99, 0x99, 0x93, 0x6f, 0xff,
    0xff, 0xff, 0xf6, 0x6f, 0xff, 0xff, 0xff, 0xf6,
    0x0, 0x8, 0xff, 0x80, 0x0, 0x0, 0x8, 0xff,
    0x80, 0x0, 0x0, 0x8, 0xff, 0x80, 0x0, 0x0,
    0x8, 0xff, 0x80, 0x0, 0x0, 0x8, 0xff, 0x80,
    0x0, 0x0, 0x8, 0xff, 0x80, 0x0, 0x0, 0x8,
    0xff, 0x80, 0x0, 0x0, 0x8, 0xff, 0x80, 0x0,
    0x0, 0x8, 0xff, 0x80, 0x0, 0x39, 0x9c, 0xff,
    0xc9, 0x93, 0x6f, 0xff, 0xff, 0xff, 0xf6, 0x6f,
    0xff, 0xff, 0xff, 0xf6,

    /* U+1EC9 "ỉ" */
    0x0, 0x7, 0xba, 0x60, 0x0, 0x0, 0x0, 0xbf,
    0xff, 0x50, 0x0, 0x0, 0x0, 0xb, 0xf6, 0x0,
    0x0, 0x0, 0x5, 0xfd, 0x0, 0x0, 0x0, 0x0,
    0x11, 0x0, 0x0, 0x0, 0x0, 0x0, 0x0, 0x0,
    0x0, 0x1f, 0xff, 0xff, 0xf0, 0x0, 0x1, 0xff,
    0xff, 0xff, 0x0, 0x0, 0x1b, 0xbb, 0xff, 0xf0,
    0x0, 0x0, 0x0, 0xc, 0xff, 0x0, 0x0, 0x0,
    0x0, 0xcf, 0xf0, 0x0, 0x0, 0x0, 0xc, 0xff,
    0x0, 0x0, 0x0, 0x0, 0xcf, 0xf0, 0x0, 0x0,
    0x0, 0xc, 0xff, 0x0, 0x0, 0x6b, 0xbb, 0xff,
    0xfb, 0xbb, 0x29, 0xff, 0xff, 0xff, 0xff, 0xf3,
    0x9f, 0xff, 0xff, 0xff, 0xff, 0x30,

    /* U+1ECA "Ị" */
    0x39, 0x99, 0x99, 0x99, 0x93, 0x6f, 0xff, 0xff,
    0xff, 0xf6, 0x6f, 0xff, 0xff, 0xff, 0xf6, 0x0,
    0x8, 0xff, 0x80, 0x0, 0x0, 0x8, 0xff, 0x80,
    0x0, 0x0, 0x8, 0xff, 0x80, 0x0, 0x0, 0x8,
    0xff, 0x80, 0x0, 0x0, 0x8, 0xff, 0x80, 0x0,
    0x0, 0x8, 0xff, 0x80, 0x0, 0x0, 0x8, 0xff,
    0x80, 0x0, 0x0, 0x8, 0xff, 0x80, 0x0, 0x0,
    0x8, 0xff, 0x80, 0x0, 0x39, 0x9c, 0xff, 0xc9,
    0x93, 0x6f, 0xff, 0xff, 0xff, 0xf6, 0x6f, 0xff,
    0xff, 0xff, 0xf6, 0x0, 0x0, 0x0, 0x0, 0x0,
    0x0, 0x0, 0x46, 0x10, 0x0, 0x0, 0x6, 0xff,
    0xd0, 0x0, 0x0, 0x7, 0xff, 0xe0, 0x0, 0x0,
    0x0, 0x89, 0x30, 0x0,

    /* U+1ECB "ị" */
    0x0, 0x0, 0xad, 0x80, 0x0, 0x0, 0x0, 0x5f,
    0xff, 0x20, 0x0, 0x0, 0x2, 0xff, 0xd0, 0x0,
    0x0, 0x0, 0x1, 0x30, 0x0, 0x0, 0x0, 0x0,
    0x0, 0x0, 0x0, 0x1, 0xff, 0xff, 0xff, 0x0,
    0x0, 0x1f, 0xff, 0xff, 0xf0, 0x0, 0x1, 0xbb,
    0xbf, 0xff, 0x0, 0x0, 0x0, 0x0, 0xcf, 0xf0,
    0x0, 0x0, 0x0, 0xc, 0xff, 0x0, 0x0, 0x0,
    0x0, 0xcf, 0xf0, 0x0, 0x0, 0x0, 0xc, 0xff,
    0x0, 0x0, 0x0, 0x0, 0xcf, 0xf0, 0x0, 0x6,
    0xbb, 0xbf, 0xff, 0xbb, 0xb2, 0x9f, 0xff, 0xff,
    0xff, 0xff, 0x39, 0xff, 0xff, 0xff, 0xff, 0xf3,
    0x0, 0x0, 0x0, 0x0, 0x0, 0x0, 0x0, 0x3,
    0x62, 0x0, 0x0, 0x0, 0x3, 0xff, 0xf1, 0x0,
    0x0, 0x0, 0x4f, 0xff, 0x10, 0x0, 0x0, 0x0,
    0x79, 0x50, 0x0, 0x0,

    /* U+1ECC "Ọ" */
    0x0, 0x39, 0xbb, 0x93, 0x0, 0x8, 0xff, 0xff,
    0xff, 0x80, 0x4f, 0xff, 0xee, 0xff, 0xf4, 0xaf,
    0xf8, 0x0, 0x8f, 0xfa, 0xcf, 0xf3, 0x0, 0x3f,
    0xfc, 0xcf, 0xf3, 0x0, 0x3f, 0xfc, 0xcf, 0xf3,
    0x0, 0x3f, 0xfc, 0xcf, 0xf3, 0x0, 0x3f, 0xfc,
    0xcf, 0xf3, 0x0, 0x3f, 0xfc, 0xcf, 0xf3, 0x0,
    0x3f, 0xfc, 0xcf, 0xf3, 0x0, 0x3f, 0xfc, 0xbf,
    0xf5, 0x0, 0x5f, 0xfb, 0x7f, 0xfe, 0x77, 0xef,
    0xf7, 0xd, 0xff, 0xff, 0xff, 0xd0, 0x1, 0xaf,
    0xff, 0xfa, 0x10, 0x0, 0x0, 0x22, 0x0, 0x0,
    0x0, 0x0, 0x46, 0x10, 0x0, 0x0, 0x6, 0xff,
    0xd0, 0x0, 0x0, 0x7, 0xff, 0xe0, 0x0, 0x0,
    0x0, 0x89, 0x30, 0x0,

    /* U+1ECD "ọ" */
    0x0, 0x0, 0x22, 0x0, 0x0, 0x1, 0x9f, 0xff,
    0xf9, 0x10, 0xd, 0xff, 0xff, 0xff, 0xd0, 0x7f,
    0xfe, 0x77, 0xef, 0xf7, 0xbf, 0xf5, 0x0, 0x5f,
    0xfb, 0xcf, 0xf3, 0x0, 0x3f, 0xfc, 0xcf, 0xf3,
    0x0, 0x3f, 0xfc, 0xcf, 0xf3, 0x0, 0x3f, 0xfc,
    0xbf, 0xf5, 0x0, 0x5f, 0xfb, 0x7f, 0xfe, 0x77,
    0xef, 0xf7, 0xd, 0xff, 0xff, 0xff, 0xd0, 0x1,
    0xaf, 0xff, 0xfa, 0x10, 0x0, 0x0, 0x22, 0x0,
    0x0, 0x0, 0x0, 0x46, 0x10, 0x0, 0x0, 0x6,
    0xff, 0xd0, 0x0, 0x0, 0x7, 0xff, 0xe0, 0x0,
    0x0, 0x0, 0x89, 0x30, 0x0,

    /* U+1ECE "Ỏ" */
    0x0, 0x7, 0xba, 0x70, 0x0, 0x0, 0xb, 0xff,
    0xf5, 0x0, 0x0, 0x0, 0xb, 0xf6, 0x0, 0x0,
    0x0, 0x5f, 0xc0, 0x0, 0x0, 0x0, 0x11, 0x0,
    0x0, 0x0, 0x39, 0xbb, 0x93, 0x0, 0x8, 0xff,
    0xff, 0xff, 0x80, 0x4f, 0xff, 0xee, 0xff, 0xf4,
    0xaf, 0xf8, 0x0, 0x8f, 0xfa, 0xcf, 0xf3, 0x0,
    0x3f, 0xfc, 0xcf, 0xf3, 0x0, 0x3f, 0xfc, 0xcf,
    0xf3, 0x0, 0x3f, 0xfc, 0xcf, 0xf3, 0x0, 0x3f,
    0xfc, 0xcf, 0xf3, 0x0, 0x3f, 0xfc, 0xcf, 0xf3,
    0x0, 0x3f, 0xfc, 0xcf, 0xf3, 0x0, 0x3f, 0xfc,
    0xbf, 0xf5, 0x0, 0x5f, 0xfb, 0x7f, 0xfe, 0x77,
    0xef, 0xf7, 0xd, 0xff, 0xff, 0xff, 0xd0, 0x1,
    0xaf, 0xff, 0xfa, 0x10, 0x0, 0x0, 0x22, 0x0,
    0x0,

    /* U+1ECF "ỏ" */
    0x0, 0xb, 0xba, 0x30, 0x0, 0x0, 0xf, 0xff,
    0xf1, 0x0, 0x0, 0x0, 0xf, 0xf1, 0x0, 0x0,
    0x0, 0xaf, 0x80, 0x0, 0x0, 0x0, 0x11, 0x0,
    0x0, 0x0, 0x0, 0x22, 0x0, 0x0, 0x1, 0x9f,
    0xff, 0xf9, 0x10, 0xd, 0xff, 0xff, 0xff, 0xd0,
    0x7f, 0xfe, 0x77, 0xef, 0xf7, 0xbf, 0xf5, 0x0,
    0x5f, 0xfb, 0xcf, 0xf3, 0x0, 0x3f, 0xfc, 0xcf,
    0xf3, 0x0, 0x3f, 0xfc, 0xcf, 0xf3, 0x0, 0x3f,
    0xfc, 0xbf, 0xf5, 0x0, 0x5f, 0xfb, 0x7f, 0xfe,
    0x77, 0xef, 0xf7, 0xd, 0xff, 0xff, 0xff, 0xd0,
    0x1, 0xaf, 0xff, 0xfa, 0x10, 0x0, 0x0, 0x22,
    0x0, 0x0,

    /* U+1ED0 "Ố" */
    0x0, 0x0, 0x0, 0x0, 0x4, 0x66, 0x10, 0x0,
    0x0, 0x0, 0x5, 0xff, 0x70, 0x0, 0x3, 0x66,
    0x33, 0xee, 0x70, 0x0, 0x4, 0xff, 0xff, 0x40,
    0x0, 0x0, 0x4, 0xff, 0x88, 0xff, 0x40, 0x0,
    0x0, 0x56, 0x50, 0x5, 0x65, 0x0, 0x0, 0x0,
    0x39, 0xbb, 0x93, 0x0, 0x0, 0x0, 0x8f, 0xff,
    0xff, 0xf8, 0x0, 0x0, 0x4f, 0xff, 0xee, 0xff,
    0xf4, 0x0, 0xa, 0xff, 0x80, 0x8, 0xff, 0xa0,
    0x0, 0xcf, 0xf3, 0x0, 0x3f, 0xfc, 0x0, 0xc,
    0xff, 0x30, 0x3, 0xff, 0xc0, 0x0, 0xcf, 0xf3,
    0x0, 0x3f, 0xfc, 0x0, 0xc, 0xff, 0x30, 0x3,
    0xff, 0xc0, 0x0, 0xcf, 0xf3, 0x0, 0x3f, 0xfc,
    0x0, 0xc, 0xff, 0x30, 0x3, 0xff, 0xc0, 0x0,
    0xcf, 0xf3, 0x0, 0x3f, 0xfc, 0x0, 0xb, 0xff,
    0x50, 0x5, 0xff, 0xb0, 0x0, 0x7f, 0xfe, 0x77,
    0xef, 0xf7, 0x0, 0x0, 0xdf, 0xff, 0xff, 0xfd,
    0x0, 0x0, 0x1, 0xaf, 0xff, 0xfa, 0x10, 0x0,
    0x0, 0x0, 0x2, 0x20, 0x0, 0x0, 0x0,

    /* U+1ED1 "ố" */
    0x0, 0x0, 0x0, 0x0, 0xa, 0xff, 0x40, 0x0,
    0x0, 0x0, 0x7, 0xff, 0x50, 0x0, 0x8, 0xbb,
    0x83, 0xcc, 0x50, 0x0, 0x8, 0xff, 0xff, 0x80,
    0x0, 0x0, 0x8, 0xff, 0x44, 0xff, 0x80, 0x0,
    0x0, 0x11, 0x10, 0x1, 0x11, 0x0, 0x0, 0x0,
    0x0, 0x22, 0x0, 0x0, 0x0, 0x0, 0x19, 0xff,
    0xff, 0x91, 0x0, 0x0, 0xd, 0xff, 0xff, 0xff,
    0xd0, 0x0, 0x7, 0xff, 0xe7, 0x7e, 0xff, 0x70,
    0x0, 0xbf, 0xf5, 0x0, 0x5f, 0xfb, 0x0, 0xc,
    0xff, 0x30, 0x3, 0xff, 0xc0, 0x0, 0xcf, 0xf3,
    0x0, 0x3f, 0xfc, 0x0, 0xc, 0xff, 0x30, 0x3,
    0xff, 0xc0, 0x0, 0xbf, 0xf5, 0x0, 0x5f, 0xfb,
    0x0, 0x7, 0xff, 0xe7, 0x7e, 0xff, 0x70, 0x0,
    0xd, 0xff, 0xff, 0xff, 0xd0, 0x0, 0x0, 0x1a,
    0xff, 0xff, 0xa1, 0x0, 0x0, 0x0, 0x0, 0x22,
    0x0, 0x0, 0x0, 0x0,

    /* U+1ED2 "Ồ" */
    0x0, 0x0, 0x0, 0x66, 0x50, 0x0, 0x0, 0x0,
    0x5, 0xff, 0x80, 0x0, 0x3, 0x66, 0x35, 0xee,
    0x50, 0x4, 0xff, 0xff, 0x40, 0x0, 0x4, 0xff,
    0x88, 0xff, 0x40, 0x0, 0x56, 0x50, 0x5, 0x65,
    0x0, 0x0, 0x39, 0xbb, 0x93, 0x0, 0x0, 0x8f,
    0xff, 0xff, 0xf8, 0x0, 0x4f, 0xff, 0xee, 0xff,
    0xf4, 0xa, 0xff, 0x80, 0x8, 0xff, 0xa0, 0xcf,
    0xf3, 0x0, 0x3f, 0xfc, 0xc, 0xff, 0x30, 0x3,
    0xff, 0xc0, 0xcf, 0xf3, 0x0, 0x3f, 0xfc, 0xc,
    0xff, 0x30, 0x3, 0xff, 0xc0, 0xcf, 0xf3, 0x0,
    0x3f, 0xfc, 0xc, 0xff, 0x30, 0x3, 0xff, 0xc0,
    0xcf, 0xf3, 0x0, 0x3f, 0xfc, 0xb, 0xff, 0x50,
    0x5, 0xff, 0xb0, 0x7f, 0xfe, 0x77, 0xef, 0xf7,
    0x0, 0xdf, 0xff, 0xff, 0xfd, 0x0, 0x1, 0xaf,
    0xff, 0xfa, 0x10, 0x0, 0x0, 0x2, 0x20, 0x0,
    0x0,

    /* U+1ED3 "ồ" */
    0x0, 0x0, 0x0, 0xaf, 0xf3, 0x0, 0x0, 0x0,
    0x0, 0xb, 0xfe, 0x20, 0x0, 0x8, 0xbb, 0x80,
    0xac, 0xa0, 0x0, 0x8f, 0xff, 0xf8, 0x0, 0x0,
    0x8, 0xff, 0x44, 0xff, 0x80, 0x0, 0x1, 0x11,
    0x0, 0x11, 0x10, 0x0, 0x0, 0x0, 0x22, 0x0,
    0x0, 0x0, 0x1, 0x9f, 0xff, 0xf9, 0x10, 0x0,
    0xd, 0xff, 0xff, 0xff, 0xd0, 0x0, 0x7f, 0xfe,
    0x77, 0xef, 0xf7, 0x0, 0xbf, 0xf5, 0x0, 0x5f,
    0xfb, 0x0, 0xcf, 0xf3, 0x0, 0x3f, 0xfc, 0x0,
    0xcf, 0xf3, 0x0, 0x3f, 0xfc, 0x0, 0xcf, 0xf3,
    0x0, 0x3f, 0xfc, 0x0, 0xbf, 0xf5, 0x0, 0x5f,
    0xfb, 0x0, 0x7f, 0xfe, 0x77, 0xef, 0xf7, 0x0,
    0xd, 0xff, 0xff, 0xff, 0xd0, 0x0, 0x1, 0xaf,
    0xff, 0xfa, 0x10, 0x0, 0x0, 0x0, 0x22, 0x0,
    0x0, 0x0,

    /* U+1ED4 "Ổ" */
    0x0, 0x0, 0x0, 0x16, 0x64, 0x0, 0x0, 0x0,
    0x3, 0xff, 0xf9, 0x0, 0x3, 0x66, 0x42, 0x7f,
    0xb0, 0x4, 0xff, 0xff, 0x58, 0x92, 0x4, 0xff,
    0x88, 0xff, 0x40, 0x0, 0x56, 0x50, 0x5, 0x65,
    0x0, 0x0, 0x39, 0xbb, 0x93, 0x0, 0x0, 0x8f,
    0xff, 0xff, 0xf8, 0x0, 0x4f, 0xff, 0xee, 0xff,
    0xf4, 0xa, 0xff, 0x80, 0x8, 0xff, 0xa0, 0xcf,
    0xf3, 0x0, 0x3f, 0xfc, 0xc, 0xff, 0x30, 0x3,
    0xff, 0xc0, 0xcf, 0xf3, 0x0, 0x3f, 0xfc, 0xc,
    0xff, 0x30, 0x3, 0xff, 0xc0, 0xcf, 0xf3, 0x0,
    0x3f, 0xfc, 0xc, 0xff, 0x30, 0x3, 0xff, 0xc0,
    0xcf, 0xf3, 0x0, 0x3f, 0xfc, 0xb, 0xff, 0x50,
    0x5, 0xff, 0xb0, 0x7f, 0xfe, 0x77, 0xef, 0xf7,
    0x0, 0xdf, 0xff, 0xff, 0xfd, 0x0, 0x1, 0xaf,
    0xff, 0xfa, 0x10, 0x0, 0x0, 0x2, 0x20, 0x0,
    0x0,

    /* U+1ED5 "ổ" */
    0x0, 0x0, 0x0, 0x6f, 0xfd, 0x30, 0x0, 0x0,
    0x4, 0xbd, 0xfb, 0x0, 0x0, 0x0, 0x0, 0x7f,
    0x90, 0x0, 0x8b, 0xb8, 0x2c, 0xb0, 0x0, 0x8f,
    0xff, 0xf8, 0x0, 0x0, 0x8f, 0xf4, 0x4f, 0xf8,
    0x0, 0x1, 0x11, 0x0, 0x11, 0x10, 0x0, 0x0,
    0x2, 0x20, 0x0, 0x0, 0x1, 0x9f, 0xff, 0xf9,
    0x10, 0x0, 0xdf, 0xff, 0xff, 0xfd, 0x0, 0x7f,
    0xfe, 0x77, 0xef, 0xf7, 0xb, 0xff, 0x50, 0x5,
    0xff, 0xb0, 0xcf, 0xf3, 0x0, 0x3f, 0xfc, 0xc,
    0xff, 0x30, 0x3, 0xff, 0xc0, 0xcf, 0xf3, 0x0,
    0x3f, 0xfc, 0xb, 0xff, 0x50, 0x5, 0xff, 0xb0,
    0x7f, 0xfe, 0x77, 0xef, 0xf7, 0x0, 0xdf, 0xff,
    0xff, 0xfd, 0x0, 0x1, 0xaf, 0xff, 0xfa, 0x10,
    0x0, 0x0, 0x2, 0x20, 0x0, 0x0,

    /* U+1ED6 "Ỗ" */
    0x0, 0x25, 0x30, 0x4, 0x20, 0x4, 0xff, 0xfe,
    0xcf, 0x70, 0x6, 0xb3, 0x5a, 0xc9, 0x0, 0x0,
    0x5b, 0xaa, 0xb5, 0x0, 0x4, 0xff, 0x77, 0xff,
    0x40, 0x5, 0x65, 0x0, 0x56, 0x50, 0x0, 0x39,
    0xbb, 0x93, 0x0, 0x8, 0xff, 0xff, 0xff, 0x80,
    0x4f, 0xff, 0xee, 0xff, 0xf4, 0xaf, 0xf8, 0x0,
    0x8f, 0xfa, 0xcf, 0xf3, 0x0, 0x3f, 0xfc, 0xcf,
    0xf3, 0x0, 0x3f, 0xfc, 0xcf, 0xf3, 0x0, 0x3f,
    0xfc, 0xcf, 0xf3, 0x0, 0x3f, 0xfc, 0xcf, 0xf3,
    0x0, 0x3f, 0xfc, 0xcf, 0xf3, 0x0, 0x3f, 0xfc,
    0xcf, 0xf3, 0x0, 0x3f, 0xfc, 0xbf, 0xf5, 0x0,
    0x5f, 0xfb, 0x7f, 0xfe, 0x77, 0xef, 0xf7, 0xd,
    0xff, 0xff, 0xff, 0xd0, 0x1, 0xaf, 0xff, 0xfa,
    0x10, 0x0, 0x0, 0x22, 0x0, 0x0,

    /* U+1ED7 "ỗ" */
    0x0, 0x15, 0x30, 0x4, 0x20, 0x2, 0xff, 0xfa,
    0x6f, 0x80, 0x8, 0xf7, 0xbf, 0xff, 0x30, 0x3,
    0x60, 0x4, 0x73, 0x0, 0x0, 0x8, 0xbb, 0x80,
    0x0, 0x0, 0x8f, 0xff, 0xf8, 0x0, 0x8, 0xff,
    0x44, 0xff, 0x80, 0x1, 0x11, 0x0, 0x11, 0x10,
    0x0, 0x0, 0x22, 0x0, 0x0, 0x1, 0x9f, 0xff,
    0xf9, 0x10, 0xd, 0xff, 0xff, 0xff, 0xd0, 0x7f,
    0xfe, 0x77, 0xef, 0xf7, 0xbf, 0xf5, 0x0, 0x5f,
    0xfb, 0xcf, 0xf3, 0x0, 0x3f, 0xfc, 0xcf, 0xf3,
    0x0, 0x3f, 0xfc, 0xcf, 0xf3, 0x0, 0x3f, 0xfc,
    0xbf, 0xf5, 0x0, 0x5f, 0xfb, 0x7f, 0xfe, 0x77,
    0xef, 0xf7, 0xd, 0xff, 0xff, 0xff, 0xd0, 0x1,
    0xaf, 0xff, 0xfa, 0x10, 0x0, 0x0, 0x22, 0x0,
    0x0,

    /* U+1ED8 "Ộ" */
    0x0, 0x1d, 0xff, 0xd1, 0x0, 0x0, 0xcf, 0xcd,
    0xfc, 0x0, 0x8, 0xcb, 0x11, 0xbc, 0x80, 0x0,
    0x0, 0x0, 0x0, 0x0, 0x0, 0x39, 0xbb, 0x93,
    0x0, 0x8, 0xff, 0xff, 0xff, 0x80, 0x4f, 0xff,
    0xee, 0xff, 0xf4, 0xaf, 0xf8, 0x0, 0x8f, 0xfa,
    0xcf, 0xf3, 0x0, 0x3f, 0xfc, 0xcf, 0xf3, 0x0,
    0x3f, 0xfc, 0xcf, 0xf3, 0x0, 0x3f, 0xfc, 0xcf,
    0xf3, 0x0, 0x3f, 0xfc, 0xcf, 0xf3, 0x0, 0x3f,
    0xfc, 0xcf, 0xf3, 0x0, 0x3f, 0xfc, 0xcf, 0xf3,
    0x0, 0x3f, 0xfc, 0xbf, 0xf5, 0x0, 0x5f, 0xfb,
    0x7f, 0xfe, 0x77, 0xef, 0xf7, 0xd, 0xff, 0xff,
    0xff, 0xd0, 0x1, 0xaf, 0xff, 0xfa, 0x10, 0x0,
    0x0, 0x22, 0x0, 0x0, 0x0, 0x0, 0x55, 0x0,
    0x0, 0x0, 0xa, 0xff, 0x90, 0x0, 0x0, 0xb,
    0xff, 0xb0, 0x0, 0x0, 0x1, 0x99, 0x10, 0x0,

    /* U+1ED9 "ộ" */
    0x0, 0x8, 0xbb, 0x80, 0x0, 0x0, 0x8f, 0xff,
    0xf8, 0x0, 0x8, 0xff, 0x34, 0xff, 0x80, 0x1,
    0x11, 0x0, 0x1, 0x10, 0x0, 0x0, 0x22, 0x0,
    0x0, 0x1, 0x9f, 0xff, 0xf9, 0x10, 0xd, 0xff,
    0xff, 0xff, 0xd0, 0x7f, 0xfe, 0x77, 0xef, 0xf7,
    0xbf, 0xf5, 0x0, 0x5f, 0xfb, 0xcf, 0xf3, 0x0,
    0x3f, 0xfc, 0xcf, 0xf3, 0x0, 0x3f, 0xfc, 0xcf,
    0xf3, 0x0, 0x3f, 0xfc, 0xbf, 0xf5, 0x0, 0x5f,
    0xfb, 0x7f, 0xfe, 0x77, 0xef, 0xf7, 0xd, 0xff,
    0xff, 0xff, 0xd0, 0x1, 0xaf, 0xff, 0xfa, 0x10,
    0x0, 0x0, 0x22, 0x0, 0x0, 0x0, 0x0, 0x46,
    0x10, 0x0, 0x0, 0x6, 0xff, 0xd0, 0x0, 0x0,
    0x7, 0xff, 0xe0, 0x0, 0x0, 0x0, 0x89, 0x30,
    0x0,

    /* U+1EDA "Ớ" */
    0x0, 0x0, 0x3f, 0xfd, 0x10, 0x0, 0x0, 0x1e,
    0xff, 0x20, 0x0, 0x0, 0x8, 0xcc, 0x40, 0x23,
    0x20, 0x0, 0x0, 0x0, 0xb, 0xfb, 0x0, 0x39,
    0xbb, 0x94, 0xcf, 0xa0, 0x8f, 0xff, 0xff, 0xff,
    0xf6, 0x4f, 0xff, 0xee, 0xff, 0xfa, 0xa, 0xff,
    0x80, 0x8, 0xff, 0xa0, 0xcf, 0xf3, 0x0, 0x3f,
    0xfc, 0xc, 0xff, 0x30, 0x3, 0xff, 0xc0, 0xcf,
    0xf3, 0x0, 0x3f, 0xfc, 0xc, 0xff, 0x30, 0x3,
    0xff, 0xc0, 0xcf, 0xf3, 0x0, 0x3f, 0xfc, 0xc,
    0xff, 0x30, 0x3, 0xff, 0xc0, 0xcf, 0xf3, 0x0,
    0x3f, 0xfc, 0xb, 0xff, 0x50, 0x5, 0xff, 0xb0,
    0x7f, 0xfe, 0x77, 0xef, 0xf7, 0x0, 0xdf, 0xff,
    0xff, 0xfd, 0x0, 0x1, 0xaf, 0xff, 0xfa, 0x10,
    0x0, 0x0, 0x2, 0x20, 0x0, 0x0,

    /* U+1EDB "ớ" */
    0x0, 0x0, 0x1b, 0xba, 0x10, 0x0, 0x0, 0xb,
    0xff, 0x50, 0x0, 0x0, 0x8, 0xff, 0x80, 0x0,
    0x0, 0x0, 0x11, 0x10, 0xa, 0xc7, 0x0, 0x0,
    0x22, 0x0, 0xdf, 0x90, 0x19, 0xff, 0xff, 0xbf,
    0xf7, 0xd, 0xff, 0xff, 0xff, 0xfd, 0x7, 0xff,
    0xe7, 0x7e, 0xff, 0x70, 0xbf, 0xf5, 0x0, 0x5f,
    0xfb, 0xc, 0xff, 0x30, 0x3, 0xff, 0xc0, 0xcf,
    0xf3, 0x0, 0x3f, 0xfc, 0xc, 0xff, 0x30, 0x3,
    0xff, 0xc0, 0xbf, 0xf5, 0x0, 0x5f, 0xfb, 0x7,
    0xff, 0xe7, 0x7e, 0xff, 0x70, 0xd, 0xff, 0xff,
    0xff, 0xd0, 0x0, 0x1a, 0xff, 0xff, 0xa1, 0x0,
    0x0, 0x0, 0x22, 0x0, 0x0, 0x0,

    /* U+1EDC "Ờ" */
    0x6, 0xff, 0xd0, 0x0, 0x0, 0x0, 0x8, 0xff,
    0x90, 0x0, 0x0, 0x0, 0x9, 0xcc, 0x30, 0x23,
    0x20, 0x0, 0x0, 0x0, 0xb, 0xfb, 0x0, 0x39,
    0xbb, 0x94, 0xcf, 0xa0, 0x8f, 0xff, 0xff, 0xff,
    0xf6, 0x4f, 0xff, 0xee, 0xff, 0xfa, 0xa, 0xff,
    0x80, 0x8, 0xff, 0xa0, 0xcf, 0xf3, 0x0, 0x3f,
    0xfc, 0xc, 0xff, 0x30, 0x3, 0xff, 0xc0, 0xcf,
    0xf3, 0x0, 0x3f, 0xfc, 0xc, 0xff, 0x30, 0x3,
    0xff, 0xc0, 0xcf, 0xf3, 0x0, 0x3f, 0xfc, 0xc,
    0xff, 0x30, 0x3, 0xff, 0xc0, 0xcf, 0xf3, 0x0,
    0x3f, 0xfc, 0xb, 0xff, 0x50, 0x5, 0xff, 0xb0,
    0x7f, 0xfe, 0x77, 0xef, 0xf7, 0x0, 0xdf, 0xff,
    0xff, 0xfd, 0x0, 0x1, 0xaf, 0xff, 0xfa, 0x10,
    0x0, 0x0, 0x2, 0x20, 0x0, 0x0,

    /* U+1EDD "ờ" */
    0x5, 0xbb, 0x80, 0x0, 0x0, 0x0, 0xc, 0xff,
    0x60, 0x0, 0x0, 0x0, 0x1d, 0xff, 0x20, 0x0,
    0x0, 0x0, 0x1, 0x10, 0xa, 0xc7, 0x0, 0x0,
    0x22, 0x0, 0xdf, 0x90, 0x19, 0xff, 0xff, 0xbf,
    0xf7, 0xd, 0xff, 0xff, 0xff, 0xfd, 0x7, 0xff,
    0xe7, 0x7e, 0xff, 0x70, 0xbf, 0xf5, 0x0, 0x5f,
    0xfb, 0xc, 0xff, 0x30, 0x3, 0xff, 0xc0, 0xcf,
    0xf3, 0x0, 0x3f, 0xfc, 0xc, 0xff, 0x30, 0x3,
    0xff, 0xc0, 0xbf, 0xf5, 0x0, 0x5f, 0xfb, 0x7,
    0xff, 0xe7, 0x7e, 0xff, 0x70, 0xd, 0xff, 0xff,
    0xff, 0xd0, 0x0, 0x1a, 0xff, 0xff, 0xa1, 0x0,
    0x0, 0x0, 0x22, 0x0, 0x0, 0x0,

    /* U+1EDE "Ở" */
    0x0, 0xb, 0xba, 0x40, 0x0, 0x0, 0x0, 0xff,
    0xff, 0x10, 0x0, 0x0, 0x0, 0xf, 0xf1, 0x0,
    0x0, 0x0, 0xa, 0xf8, 0x2, 0x32, 0x0, 0x0,
    0x11, 0x0, 0xbf, 0xb0, 0x3, 0x9b, 0xb9, 0x4c,
    0xfa, 0x8, 0xff, 0xff, 0xff, 0xff, 0x64, 0xff,
    0xfe, 0xef, 0xff, 0xa0, 0xaf, 0xf8, 0x0, 0x8f,
    0xfa, 0xc, 0xff, 0x30, 0x3, 0xff, 0xc0, 0xcf,
    0xf3, 0x0, 0x3f, 0xfc, 0xc, 0xff, 0x30, 0x3,
    0xff, 0xc0, 0xcf, 0xf3, 0x0, 0x3f, 0xfc, 0xc,
    0xff, 0x30, 0x3, 0xff, 0xc0, 0xcf, 0xf3, 0x0,
    0x3f, 0xfc, 0xc, 0xff, 0x30, 0x3, 0xff, 0xc0,
    0xbf, 0xf5, 0x0, 0x5f, 0xfb, 0x7, 0xff, 0xe7,
    0x7e, 0xff, 0x70, 0xd, 0xff, 0xff, 0xff, 0xd0,
    0x0, 0x1a, 0xff, 0xff, 0xa1, 0x0, 0x0, 0x0,
    0x22, 0x0, 0x0, 0x0,

    /* U+1EDF "ở" */
    0x0, 0xb, 0xba, 0x30, 0x0, 0x0, 0x0, 0xff,
    0xff, 0x10, 0x0, 0x0, 0x0, 0xf, 0xf1, 0x0,
    0x0, 0x0, 0xa, 0xf8, 0x0, 0x0, 0x0, 0x0,
    0x11, 0x0, 0xac, 0x70, 0x0, 0x2, 0x20, 0xd,
    0xf9, 0x1, 0x9f, 0xff, 0xfb, 0xff, 0x70, 0xdf,
    0xff, 0xff, 0xff, 0xd0, 0x7f, 0xfe, 0x77, 0xef,
    0xf7, 0xb, 0xff, 0x50, 0x5, 0xff, 0xb0, 0xcf,
    0xf3, 0x0, 0x3f, 0xfc, 0xc, 0xff, 0x30, 0x3,
    0xff, 0xc0, 0xcf, 0xf3, 0x0, 0x3f, 0xfc, 0xb,
    0xff, 0x50, 0x5, 0xff, 0xb0, 0x7f, 0xfe, 0x77,
    0xef, 0xf7, 0x0, 0xdf, 0xff, 0xff, 0xfd, 0x0,
    0x1, 0xaf, 0xff, 0xfa, 0x10, 0x0, 0x0, 0x2,
    0x20, 0x0, 0x0,

    /* U+1EE0 "Ỡ" */
    0x0, 0x2, 0x0, 0x1, 0x0, 0x0, 0x3e, 0xfe,
    0x46, 0xf6, 0x0, 0xa, 0xfe, 0xff, 0xff, 0x30,
    0x0, 0xbd, 0x5, 0xef, 0x82, 0x32, 0x0, 0x0,
    0x0, 0x0, 0xbf, 0xb0, 0x3, 0x9b, 0xb9, 0x4c,
    0xfa, 0x8, 0xff, 0xff, 0xff, 0xff, 0x64, 0xff,
    0xfe, 0xef, 0xff, 0xa0, 0xaf, 0xf8, 0x0, 0x8f,
    0xfa, 0xc, 0xff, 0x30, 0x3, 0xff, 0xc0, 0xcf,
    0xf3, 0x0, 0x3f, 0xfc, 0xc, 0xff, 0x30, 0x3,
    0xff, 0xc0, 0xcf, 0xf3, 0x0, 0x3f, 0xfc, 0xc,
    0xff, 0x30, 0x3, 0xff, 0xc0, 0xcf, 0xf3, 0x0,
    0x3f, 0xfc, 0xc, 0xff, 0x30, 0x3, 0xff, 0xc0,
    0xbf, 0xf5, 0x0, 0x5f, 0xfb, 0x7, 0xff, 0xe7,
    0x7e, 0xff, 0x70, 0xd, 0xff, 0xff, 0xff, 0xd0,
    0x0, 0x1a, 0xff, 0xff, 0xa1, 0x0, 0x0, 0x0,
    0x22, 0x0, 0x0, 0x0,

    /* U+1EE1 "ỡ" */
    0x1, 0xae, 0xa1, 0x4c, 0x50, 0x0, 0x9f, 0xff,
    0xed, 0xf4, 0x0, 0xc, 0xf3, 0xaf, 0xfc, 0x0,
    0x0, 0x22, 0x0, 0x23, 0xa, 0xc7, 0x0, 0x0,
    0x22, 0x0, 0xdf, 0x90, 0x19, 0xff, 0xff, 0xbf,
    0xf7, 0xd, 0xff, 0xff, 0xff, 0xfd, 0x7, 0xff,
    0xe7, 0x7e, 0xff, 0x70, 0xbf, 0xf5, 0x0, 0x5f,
    0xfb, 0xc, 0xff, 0x30, 0x3, 0xff, 0xc0, 0xcf,
    0xf3, 0x0, 0x3f, 0xfc, 0xc, 0xff, 0x30, 0x3,
    0xff, 0xc0, 0xbf, 0xf5, 0x0, 0x5f, 0xfb, 0x7,
    0xff, 0xe7, 0x7e, 0xff, 0x70, 0xd, 0xff, 0xff,
    0xff, 0xd0, 0x0, 0x1a, 0xff, 0xff, 0xa1, 0x0,
    0x0, 0x0, 0x22, 0x0, 0x0, 0x0,

    /* U+1EE2 "Ợ" */
    0x0, 0x0, 0x0, 0x0, 0x23, 0x20, 0x0, 0x0,
    0x0, 0xb, 0xfb, 0x0, 0x39, 0xbb, 0x94, 0xcf,
    0xa0, 0x8f, 0xff, 0xff, 0xff, 0xf6, 0x4f, 0xff,
    0xee, 0xff, 0xfa, 0xa, 0xff, 0x80, 0x8, 0xff,
    0xa0, 0xcf, 0xf3, 0x0, 0x3f, 0xfc, 0xc, 0xff,
    0x30, 0x3, 0xff, 0xc0, 0xcf, 0xf3, 0x0, 0x3f,
    0xfc, 0xc, 0xff, 0x30, 0x3, 0xff, 0xc0, 0xcf,
    0xf3, 0x0, 0x3f, 0xfc, 0xc, 0xff, 0x30, 0x3,
    0xff, 0xc0, 0xcf, 0xf3, 0x0, 0x3f, 0xfc, 0xb,
    0xff, 0x50, 0x5, 0xff, 0xb0, 0x7f, 0xfe, 0x77,
    0xef, 0xf7, 0x0, 0xdf, 0xff, 0xff, 0xfd, 0x0,
    0x1, 0xaf, 0xff, 0xfa, 0x10, 0x0, 0x0, 0x2,
    0x20, 0x0, 0x0, 0x0, 0x0, 0x46, 0x10, 0x0,
    0x0, 0x0, 0x6f, 0xfd, 0x0, 0x0, 0x0, 0x7,
    0xff, 0xe0, 0x0, 0x0, 0x0, 0x8, 0x93, 0x0,
    0x0,

    /* U+1EE3 "ợ" */
    0x0, 0x0, 0x0, 0x0, 0xac, 0x70, 0x0, 0x2,
    0x20, 0xd, 0xf9, 0x1, 0x9f, 0xff, 0xfb, 0xff,
    0x70, 0xdf, 0xff, 0xff, 0xff, 0xd0, 0x7f, 0xfe,
    0x77, 0xef, 0xf7, 0xb, 0xff, 0x50, 0x5, 0xff,
    0xb0, 0xcf, 0xf3, 0x0, 0x3f, 0xfc, 0xc, 0xff,
    0x30, 0x3, 0xff, 0xc0, 0xcf, 0xf3, 0x0, 0x3f,
    0xfc, 0xb, 0xff, 0x50, 0x5, 0xff, 0xb0, 0x7f,
    0xfe, 0x77, 0xef, 0xf7, 0x0, 0xdf, 0xff, 0xff,
    0xfd, 0x0, 0x1, 0xaf, 0xff, 0xfa, 0x10, 0x0,
    0x0, 0x2, 0x20, 0x0, 0x0, 0x0, 0x0, 0x46,
    0x10, 0x0, 0x0, 0x0, 0x6f, 0xfd, 0x0, 0x0,
    0x0, 0x7, 0xff, 0xe0, 0x0, 0x0, 0x0, 0x8,
    0x93, 0x0, 0x0,

    /* U+1EE4 "Ụ" */
    0x79, 0x91, 0x0, 0x19, 0x97, 0xcf, 0xf3, 0x0,
    0x3f, 0xfc, 0xcf, 0xf3, 0x0, 0x3f, 0xfc, 0xcf,
    0xf3, 0x0, 0x3f, 0xfc, 0xcf, 0xf3, 0x0, 0x3f,
    0xfc, 0xcf, 0xf3, 0x0, 0x3f, 0xfc, 0xcf, 0xf3,
    0x0, 0x3f, 0xfc, 0xcf, 0xf3, 0x0, 0x3f, 0xfc,
    0xcf, 0xf3, 0x0, 0x3f, 0xfc, 0xcf, 0xf3, 0x0,
    0x3f, 0xfc, 0xcf, 0xf3, 0x0, 0x3f, 0xfc, 0xbf,
    0xf5, 0x0, 0x6f, 0xfb, 0x7f, 0xfe, 0x78, 0xef,
    0xf7, 0xd, 0xff, 0xff, 0xff, 0xd0, 0x1, 0xaf,
    0xff, 0xfa, 0x10, 0x0, 0x0, 0x22, 0x0, 0x0,
    0x0, 0x0, 0x55, 0x0, 0x0, 0x0, 0xa, 0xff,
    0x90, 0x0, 0x0, 0xb, 0xff, 0xb0, 0x0, 0x0,
    0x1, 0x99, 0x10, 0x0,

    /* U+1EE5 "ụ" */
    0xbf, 0xf4, 0x0, 0x4f, 0xfb, 0xbf, 0xf4, 0x0,
    0x4f, 0xfb, 0xbf, 0xf4, 0x0, 0x4f, 0xfb, 0xbf,
    0xf4, 0x0, 0x4f, 0xfb, 0xbf, 0xf4, 0x0, 0x4f,
    0xfb, 0xbf, 0xf4, 0x0, 0x4f, 0xfb, 0xbf, 0xf4,
    0x0, 0x4f, 0xfb, 0xaf, 0xf6, 0x0, 0x7f, 0xfa,
    0x6f, 0xff, 0x88, 0xff, 0xf6, 0xd, 0xff, 0xff,
    0xff, 0xd0, 0x1, 0xaf, 0xff, 0xfa, 0x10, 0x0,
    0x0, 0x22, 0x0, 0x0, 0x0, 0x0, 0x55, 0x0,
    0x0, 0x0, 0xa, 0xff, 0x90, 0x0, 0x0, 0xb,
    0xff, 0xb0, 0x0, 0x0, 0x1, 0x99, 0x10, 0x0,

    /* U+1EE6 "Ủ" */
    0x0, 0xb, 0xba, 0x40, 0x0, 0x0, 0xf, 0xff,
    0xf1, 0x0, 0x0, 0x0, 0xf, 0xf1, 0x0, 0x0,
    0x0, 0xaf, 0x80, 0x0, 0x0, 0x0, 0x11, 0x0,
    0x0, 0x79, 0x91, 0x0, 0x19, 0x97, 0xcf, 0xf3,
    0x0, 0x3f, 0xfc, 0xcf, 0xf3, 0x0, 0x3f, 0xfc,
    0xcf, 0xf3, 0x0, 0x3f, 0xfc, 0xcf, 0xf3, 0x0,
    0x3f, 0xfc, 0xcf, 0xf3, 0x0, 0x3f, 0xfc, 0xcf,
    0xf3, 0x0, 0x3f, 0xfc, 0xcf, 0xf3, 0x0, 0x3f,
    0xfc, 0xcf, 0xf3, 0x0, 0x3f, 0xfc, 0xcf, 0xf3,
    0x0, 0x3f, 0xfc, 0xcf, 0xf3, 0x0, 0x3f, 0xfc,
    0xbf, 0xf5, 0x0, 0x6f, 0xfb, 0x7f, 0xfe, 0x78,
    0xef, 0xf7, 0xd, 0xff, 0xff, 0xff, 0xd0, 0x1,
    0xaf, 0xff, 0xfa, 0x10, 0x0, 0x0, 0x22, 0x0,
    0x0,

    /* U+1EE7 "ủ" */
    0x0, 0xb, 0xba, 0x30, 0x0, 0x0, 0xf, 0xff,
    0xf1, 0x0, 0x0, 0x0, 0xf, 0xf1, 0x0, 0x0,
    0x0, 0xaf, 0x80, 0x0, 0x0, 0x0, 0x11, 0x0,
    0x0, 0x0, 0x0, 0x0, 0x0, 0x0, 0xbf, 0xf4,
    0x0, 0x4f, 0xfb, 0xbf, 0xf4, 0x0, 0x4f, 0xfb,
    0xbf, 0xf4, 0x0, 0x4f, 0xfb, 0xbf, 0xf4, 0x0,
    0x4f, 0xfb, 0xbf, 0xf4, 0x0, 0x4f, 0xfb, 0xbf,
    0xf4, 0x0, 0x4f, 0xfb, 0xbf, 0xf4, 0x0, 0x4f,
    0xfb, 0xaf, 0xf6, 0x0, 0x7f, 0xfa, 0x6f, 0xff,
    0x88, 0xff, 0xf6, 0xd, 0xff, 0xff, 0xff, 0xd0,
    0x1, 0xaf, 0xff, 0xfa, 0x10, 0x0, 0x0, 0x22,
    0x0, 0x0,

    /* U+1EE8 "Ứ" */
    0x0, 0x0, 0x1e, 0xff, 0x30, 0x0, 0x0, 0x0,
    0xc, 0xff, 0x50, 0x0, 0x0, 0x0, 0x5, 0xcc,
    0x70, 0x4, 0xcc, 0x0, 0x0, 0x0, 0x0, 0x0,
    0x6f, 0xf0, 0x79, 0x91, 0x0, 0x19, 0x9d, 0xfd,
    0xc, 0xff, 0x30, 0x3, 0xff, 0xff, 0x40, 0xcf,
    0xf3, 0x0, 0x3f, 0xfd, 0x10, 0xc, 0xff, 0x30,
    0x3, 0xff, 0xc0, 0x0, 0xcf, 0xf3, 0x0, 0x3f,
    0xfc, 0x0, 0xc, 0xff, 0x30, 0x3, 0xff, 0xc0,
    0x0, 0xcf, 0xf3, 0x0, 0x3f, 0xfc, 0x0, 0xc,
    0xff, 0x30, 0x3, 0xff, 0xc0, 0x0, 0xcf, 0xf3,
    0x0, 0x3f, 0xfc, 0x0, 0xc, 0xff, 0x30, 0x3,
    0xff, 0xc0, 0x0, 0xcf, 0xf3, 0x0, 0x3f, 0xfc,
    0x0, 0xb, 0xff, 0x50, 0x6, 0xff, 0xb0, 0x0,
    0x7f, 0xfe, 0x78, 0xef, 0xf7, 0x0, 0x0, 0xdf,
    0xff, 0xff, 0xfd, 0x0, 0x0, 0x1, 0xaf, 0xff,
    0xfa, 0x10, 0x0, 0x0, 0x0, 0x2, 0x20, 0x0,
    0x0, 0x0,

    /* U+1EE9 "ứ" */
    0x0, 0x0, 0x3b, 0xb9, 0x0, 0x0, 0x0, 0x1,
    0xef, 0xf3, 0x0, 0x0, 0x0, 0xb, 0xff, 0x50,
    0x2, 0x32, 0x0, 0x1, 0x11, 0x0, 0xb, 0xfb,
    0x0, 0x0, 0x0, 0x0, 0xc, 0xfa, 0xbf, 0xf4,
    0x1, 0xff, 0xff, 0xf6, 0xbf, 0xf4, 0x1, 0xff,
    0xfe, 0x80, 0xbf, 0xf4, 0x1, 0xff, 0xe0, 0x0,
    0xbf, 0xf4, 0x1, 0xff, 0xe0, 0x0, 0xbf, 0xf4,
    0x1, 0xff, 0xe0, 0x0, 0xbf, 0xf4, 0x1, 0xff,
    0xe0, 0x0, 0xbf, 0xf4, 0x1, 0xff, 0xe0, 0x0,
    0xaf, 0xf5, 0x2, 0xff, 0xd0, 0x0, 0x7f, 0xfd,
    0x7c, 0xff, 0xa0, 0x0, 0x1e, 0xff, 0xff, 0xff,
    0x30, 0x0, 0x2, 0xcf, 0xff, 0xd4, 0x0, 0x0,
    0x0, 0x1, 0x21, 0x0, 0x0, 0x0,

    /* U+1EEA "Ừ" */
    0x3, 0xff, 0xf2, 0x0, 0x0, 0x0, 0x0, 0x5,
    0xff, 0xc0, 0x0, 0x0, 0x0, 0x0, 0x7, 0xcc,
    0x60, 0x4, 0xcc, 0x0, 0x0, 0x0, 0x0, 0x0,
    0x6f, 0xf0, 0x79, 0x91, 0x0, 0x19, 0x9d, 0xfd,
    0xc, 0xff, 0x30, 0x3, 0xff, 0xff, 0x40, 0xcf,
    0xf3, 0x0, 0x3f, 0xfd, 0x10, 0xc, 0xff, 0x30,
    0x3, 0xff, 0xc0, 0x0, 0xcf, 0xf3, 0x0, 0x3f,
    0xfc, 0x0, 0xc, 0xff, 0x30, 0x3, 0xff, 0xc0,
    0x0, 0xcf, 0xf3, 0x0, 0x3f, 0xfc, 0x0, 0xc,
    0xff, 0x30, 0x3, 0xff, 0xc0, 0x0, 0xcf, 0xf3,
    0x0, 0x3f, 0xfc, 0x0, 0xc, 0xff, 0x30, 0x3,
    0xff, 0xc0, 0x0, 0xcf, 0xf3, 0x0, 0x3f, 0xfc,
    0x0, 0xb, 0xff, 0x50, 0x6, 0xff, 0xb0, 0x0,
    0x7f, 0xfe, 0x78, 0xef, 0xf7, 0x0, 0x0, 0xdf,
    0xff, 0xff, 0xfd, 0x0, 0x0, 0x1, 0xaf, 0xff,
    0xfa, 0x10, 0x0, 0x0, 0x0, 0x2, 0x20, 0x0,
    0x0, 0x0,

    /* U+1EEB "ừ" */
    0x7, 0xbb, 0x60, 0x0, 0x0, 0x0, 0x1, 0xef,
    0xf3, 0x0, 0x0, 0x0, 0x0, 0x3f, 0xfe, 0x10,
    0x2, 0x32, 0x0, 0x1, 0x11, 0x0, 0xb, 0xfb,
    0x0, 0x0, 0x0, 0x0, 0xc, 0xfa, 0xbf, 0xf4,
    0x1, 0xff, 0xff, 0xf6, 0xbf, 0xf4, 0x1, 0xff,
    0xfe, 0x80, 0xbf, 0xf4, 0x1, 0xff, 0xe0, 0x0,
    0xbf, 0xf4, 0x1, 0xff, 0xe0, 0x0, 0xbf, 0xf4,
    0x1, 0xff, 0xe0, 0x0, 0xbf, 0xf4, 0x1, 0xff,
    0xe0, 0x0, 0xbf, 0xf4, 0x1, 0xff, 0xe0, 0x0,
    0xaf, 0xf5, 0x2, 0xff, 0xd0, 0x0, 0x7f, 0xfd,
    0x7c, 0xff, 0xa0, 0x0, 0x1e, 0xff, 0xff, 0xff,
    0x30, 0x0, 0x2, 0xcf, 0xff, 0xd4, 0x0, 0x0,
    0x0, 0x1, 0x21, 0x0, 0x0, 0x0,

    /* U+1EEC "Ử" */
    0x0, 0xb, 0xba, 0x40, 0x0, 0x0, 0x0, 0x0,
    0xff, 0xff, 0x10, 0x0, 0x0, 0x0, 0x0, 0xf,
    0xf1, 0x0, 0x0, 0x0, 0x0, 0xa, 0xf8, 0x0,
    0x4c, 0xc0, 0x0, 0x0, 0x11, 0x0, 0x6, 0xff,
    0x7, 0x99, 0x10, 0x1, 0x99, 0xdf, 0xd0, 0xcf,
    0xf3, 0x0, 0x3f, 0xff, 0xf4, 0xc, 0xff, 0x30,
    0x3, 0xff, 0xd1, 0x0, 0xcf, 0xf3, 0x0, 0x3f,
    0xfc, 0x0, 0xc, 0xff, 0x30, 0x3, 0xff, 0xc0,
    0x0, 0xcf, 0xf3, 0x0, 0x3f, 0xfc, 0x0, 0xc,
    0xff, 0x30, 0x3, 0xff, 0xc0, 0x0, 0xcf, 0xf3,
    0x0, 0x3f, 0xfc, 0x0, 0xc, 0xff, 0x30, 0x3,
    0xff, 0xc0, 0x0, 0xcf, 0xf3, 0x0, 0x3f, 0xfc,
    0x0, 0xc, 0xff, 0x30, 0x3, 0xff, 0xc0, 0x0,
    0xbf, 0xf5, 0x0, 0x6f, 0xfb, 0x0, 0x7, 0xff,
    0xe7, 0x8e, 0xff, 0x70, 0x0, 0xd, 0xff, 0xff,
    0xff, 0xd0, 0x0, 0x0, 0x1a, 0xff, 0xff, 0xa1,
    0x0, 0x0, 0x0, 0x0, 0x22, 0x0, 0x0, 0x0,
    0x0,

    /* U+1EED "ử" */
    0x0, 0xb, 0xba, 0x30, 0x0, 0x0, 0x0, 0xf,
    0xff, 0xf1, 0x0, 0x0, 0x0, 0x0, 0xf, 0xf1,
    0x0, 0x0, 0x0, 0x0, 0xaf, 0x80, 0x2, 0x32,
    0x0, 0x0, 0x11, 0x0, 0xb, 0xfb, 0x0, 0x0,
    0x0, 0x0, 0xc, 0xfa, 0xbf, 0xf4, 0x1, 0xff,
    0xff, 0xf6, 0xbf, 0xf4, 0x1, 0xff, 0xfe, 0x80,
    0xbf, 0xf4, 0x1, 0xff, 0xe0, 0x0, 0xbf, 0xf4,
    0x1, 0xff, 0xe0, 0x0, 0xbf, 0xf4, 0x1, 0xff,
    0xe0, 0x0, 0xbf, 0xf4, 0x1, 0xff, 0xe0, 0x0,
    0xbf, 0xf4, 0x1, 0xff, 0xe0, 0x0, 0xaf, 0xf5,
    0x2, 0xff, 0xd0, 0x0, 0x7f, 0xfd, 0x7c, 0xff,
    0xa0, 0x0, 0x1e, 0xff, 0xff, 0xff, 0x30, 0x0,
    0x2, 0xcf, 0xff, 0xd4, 0x0, 0x0, 0x0, 0x1,
    0x21, 0x0, 0x0, 0x0,

    /* U+1EEE "Ữ" */
    0x0, 0x2, 0x0, 0x1, 0x0, 0x0, 0x0, 0x1d,
    0xff, 0x63, 0xf9, 0x0, 0x0, 0x7, 0xfe, 0xff,
    0xff, 0x60, 0x0, 0x0, 0x8e, 0x13, 0xdf, 0xa0,
    0x4c, 0xc0, 0x0, 0x0, 0x0, 0x0, 0x6, 0xff,
    0x7, 0x99, 0x10, 0x1, 0x99, 0xdf, 0xd0, 0xcf,
    0xf3, 0x0, 0x3f, 0xff, 0xf4, 0xc, 0xff, 0x30,
    0x3, 0xff, 0xd1, 0x0, 0xcf, 0xf3, 0x0, 0x3f,
    0xfc, 0x0, 0xc, 0xff, 0x30, 0x3, 0xff, 0xc0,
    0x0, 0xcf, 0xf3, 0x0, 0x3f, 0xfc, 0x0, 0xc,
    0xff, 0x30, 0x3, 0xff, 0xc0, 0x0, 0xcf, 0xf3,
    0x0, 0x3f, 0xfc, 0x0, 0xc, 0xff, 0x30, 0x3,
    0xff, 0xc0, 0x0, 0xcf, 0xf3, 0x0, 0x3f, 0xfc,
    0x0, 0xc, 0xff, 0x30, 0x3, 0xff, 0xc0, 0x0,
    0xbf, 0xf5, 0x0, 0x6f, 0xfb, 0x0, 0x7, 0xff,
    0xe7, 0x8e, 0xff, 0x70, 0x0, 0xd, 0xff, 0xff,
    0xff, 0xd0, 0x0, 0x0, 0x1a, 0xff, 0xff, 0xa1,
    0x0, 0x0, 0x0, 0x0, 0x22, 0x0, 0x0, 0x0,
    0x0,

    /* U+1EEF "ữ" */
    0x2, 0xbd, 0x80, 0x6c, 0x20, 0x0, 0xc, 0xff,
    0xfd, 0xef, 0x10, 0x0, 0xf, 0xd3, 0xcf, 0xf9,
    0x2, 0x32, 0x3, 0x20, 0x3, 0x30, 0xb, 0xfb,
    0x0, 0x0, 0x0, 0x0, 0xc, 0xfa, 0xbf, 0xf4,
    0x1, 0xff, 0xff, 0xf6, 0xbf, 0xf4, 0x1, 0xff,
    0xfe, 0x80, 0xbf, 0xf4, 0x1, 0xff, 0xe0, 0x0,
    0xbf, 0xf4, 0x1, 0xff, 0xe0, 0x0, 0xbf, 0xf4,
    0x1, 0xff, 0xe0, 0x0, 0xbf, 0xf4, 0x1, 0xff,
    0xe0, 0x0, 0xbf, 0xf4, 0x1, 0xff, 0xe0, 0x0,
    0xaf, 0xf5, 0x2, 0xff, 0xd0, 0x0, 0x7f, 0xfd,
    0x7c, 0xff, 0xa0, 0x0, 0x1e, 0xff, 0xff, 0xff,
    0x30, 0x0, 0x2, 0xcf, 0xff, 0xd4, 0x0, 0x0,
    0x0, 0x1, 0x21, 0x0, 0x0, 0x0,

    /* U+1EF0 "Ự" */
    0x0, 0x0, 0x0, 0x0, 0x4, 0xcc, 0x0, 0x0,
    0x0, 0x0, 0x0, 0x6f, 0xf0, 0x79, 0x91, 0x0,
    0x19, 0x9d, 0xfd, 0xc, 0xff, 0x30, 0x3, 0xff,
    0xff, 0x40, 0xcf, 0xf3, 0x0, 0x3f, 0xfd, 0x10,
    0xc, 0xff, 0x30, 0x3, 0xff, 0xc0, 0x0, 0xcf,
    0xf3, 0x0, 0x3f, 0xfc, 0x0, 0xc, 0xff, 0x30,
    0x3, 0xff, 0xc0, 0x0, 0xcf, 0xf3, 0x0, 0x3f,
    0xfc, 0x0, 0xc, 0xff, 0x30, 0x3, 0xff, 0xc0,
    0x0, 0xcf, 0xf3, 0x0, 0x3f, 0xfc, 0x0, 0xc,
    0xff, 0x30, 0x3, 0xff, 0xc0, 0x0, 0xcf, 0xf3,
    0x0, 0x3f, 0xfc, 0x0, 0xb, 0xff, 0x50, 0x6,
    0xff, 0xb0, 0x0, 0x7f, 0xfe, 0x78, 0xef, 0xf7,
    0x0, 0x0, 0xdf, 0xff, 0xff, 0xfd, 0x0, 0x0,
    0x1, 0xaf, 0xff, 0xfa, 0x10, 0x0, 0x0, 0x0,
    0x2, 0x20, 0x0, 0x0, 0x0, 0x0, 0x0, 0x46,
    0x10, 0x0, 0x0, 0x0, 0x0, 0x6f, 0xfd, 0x0,
    0x0, 0x0, 0x0, 0x7, 0xff, 0xe0, 0x0, 0x0,
    0x0, 0x0, 0x8, 0x93, 0x0, 0x0, 0x0,

    /* U+1EF1 "ự" */
    0x0, 0x0, 0x0, 0x0, 0x2, 0x32, 0x0, 0x0,
    0x0, 0x0, 0xb, 0xfb, 0x0, 0x0, 0x0, 0x0,
    0xc, 0xfa, 0xbf, 0xf4, 0x1, 0xff, 0xff, 0xf6,
    0xbf, 0xf4, 0x1, 0xff, 0xfe, 0x80, 0xbf, 0xf4,
    0x1, 0xff, 0xe0, 0x0, 0xbf, 0xf4, 0x1, 0xff,
    0xe0, 0x0, 0xbf, 0xf4, 0x1, 0xff, 0xe0, 0x0,
    0xbf, 0xf4, 0x1, 0xff, 0xe0, 0x0, 0xbf, 0xf4,
    0x1, 0xff, 0xe0, 0x0, 0xaf, 0xf5, 0x2, 0xff,
    0xd0, 0x0, 0x7f, 0xfd, 0x7c, 0xff, 0xa0, 0x0,
    0x1e, 0xff, 0xff, 0xff, 0x30, 0x0, 0x2, 0xcf,
    0xff, 0xd4, 0x0, 0x0, 0x0, 0x1, 0x21, 0x0,
    0x0, 0x0, 0x0, 0x2, 0x63, 0x0, 0x0, 0x0,
    0x0, 0x1f, 0xff, 0x30, 0x0, 0x0, 0x0, 0x1f,
    0xff, 0x40, 0x0, 0x0, 0x0, 0x5, 0x96, 0x0,
    0x0, 0x0,

    /* U+1EF2 "Ỳ" */
    0x0, 0x3f, 0xff, 0x20, 0x0, 0x0, 0x0, 0x5,
    0xff, 0xc0, 0x0, 0x0, 0x0, 0x0, 0x7c, 0xc6,
    0x0, 0x0, 0x0, 0x0, 0x0, 0x0, 0x0, 0x0,
    0x59, 0x95, 0x0, 0x0, 0x59, 0x95, 0x3f, 0xfe,
    0x0, 0x0, 0xdf, 0xf3, 0xc, 0xff, 0x50, 0x4,
    0xff, 0xc0, 0x5, 0xff, 0xb0, 0xa, 0xff, 0x50,
    0x0, 0xdf, 0xf2, 0x1f, 0xfd, 0x0, 0x0, 0x6f,
    0xf8, 0x6f, 0xf6, 0x0, 0x0, 0xe, 0xfd, 0xbf,
    0xe0, 0x0, 0x0, 0x8, 0xff, 0xff, 0x80, 0x0,
    0x0, 0x1, 0xff, 0xff, 0x10, 0x0, 0x0, 0x0,
    0xaf, 0xfa, 0x0, 0x0, 0x0, 0x0, 0x8f, 0xf8,
    0x0, 0x0, 0x0, 0x0, 0x8f, 0xf8, 0x0, 0x0,
    0x0, 0x0, 0x8f, 0xf8, 0x0, 0x0, 0x0, 0x0,
    0x8f, 0xf8, 0x0, 0x0, 0x0, 0x0, 0x8f, 0xf8,
    0x0, 0x0,

    /* U+1EF3 "ỳ" */
    0x0, 0x3b, 0xba, 0x0, 0x0, 0x0, 0x0, 0x9,
    0xff, 0x90, 0x0, 0x0, 0x0, 0x0, 0xbf, 0xf5,
    0x0, 0x0, 0x0, 0x0, 0x1, 0x11, 0x0, 0x0,
    0x0, 0x0, 0x0, 0x0, 0x0, 0x0, 0x4f, 0xfe,
    0x0, 0x0, 0xcf, 0xf4, 0xe, 0xff, 0x40, 0x2,
    0xff, 0xe0, 0x7, 0xff, 0xa0, 0x7, 0xff, 0x90,
    0x1, 0xff, 0xf0, 0xc, 0xff, 0x30, 0x0, 0xbf,
    0xf5, 0x2f, 0xfd, 0x0, 0x0, 0x5f, 0xfa, 0x7f,
    0xf8, 0x0, 0x0, 0xe, 0xfe, 0xbf, 0xf2, 0x0,
    0x0, 0x8, 0xff, 0xff, 0xc0, 0x0, 0x0, 0x2,
    0xff, 0xff, 0x70, 0x0, 0x0, 0x0, 0xbf, 0xff,
    0x10, 0x0, 0x0, 0x0, 0x7f, 0xfb, 0x0, 0x0,
    0x0, 0x0, 0xbf, 0xf6, 0x0, 0x0, 0x0, 0x1,
    0xff, 0xf0, 0x0, 0x0, 0x0, 0x7, 0xff, 0xa0,
    0x0, 0x0, 0x0, 0x7, 0x99, 0x30, 0x0, 0x0,

    /* U+1EF4 "Ỵ" */
    0x59, 0x95, 0x0, 0x0, 0x59, 0x95, 0x3f, 0xfe,
    0x0, 0x0, 0xdf, 0xf3, 0xc, 0xff, 0x50, 0x4,
    0xff, 0xc0, 0x5, 0xff, 0xb0, 0xa, 0xff, 0x50,
    0x0, 0xdf, 0xf2, 0x1f, 0xfd, 0x0, 0x0, 0x6f,
    0xf8, 0x6f, 0xf6, 0x0, 0x0, 0xe, 0xfd, 0xbf,
    0xe0, 0x0, 0x0, 0x8, 0xff, 0xff, 0x80, 0x0,
    0x0, 0x1, 0xff, 0xff, 0x10, 0x0, 0x0, 0x0,
    0xaf, 0xfa, 0x0, 0x0, 0x0, 0x0, 0x8f, 0xf8,
    0x0, 0x0, 0x0, 0x0, 0x8f, 0xf8, 0x0, 0x0,
    0x0, 0x0, 0x8f, 0xf8, 0x0, 0x0, 0x0, 0x0,
    0x8f, 0xf8, 0x0, 0x0, 0x0, 0x0, 0x8f, 0xf8,
    0x0, 0x0, 0x0, 0x0, 0x0, 0x0, 0x0, 0x0,
    0x0, 0x0, 0x4, 0x61, 0x0, 0x0, 0x0, 0x0,
    0x6f, 0xfd, 0x0, 0x0, 0x0, 0x0, 0x7f, 0xfe,
    0x0, 0x0, 0x0, 0x0, 0x8, 0x93, 0x0, 0x0,

    /* U+1EF5 "ỵ" */
    0x4f, 0xfe, 0x0, 0x0, 0xcf, 0xf4, 0xe, 0xff,
    0x40, 0x2, 0xff, 0xe0, 0x7, 0xff, 0xa0, 0x7,
    0xff, 0x90, 0x1, 0xff, 0xf0, 0xc, 0xff, 0x30,
    0x0, 0xbf, 0xf5, 0x2f, 0xfd, 0x0, 0x0, 0x5f,
    0xfa, 0x7f, 0xf8, 0x0, 0x0, 0xe, 0xfe, 0xbf,
    0xf2, 0x0, 0x0, 0x8, 0xff, 0xff, 0xc0, 0x0,
    0x0, 0x2, 0xff, 0xff, 0x70, 0x0, 0x0, 0x0,
    0xbf, 0xff, 0x10, 0x0, 0x0, 0x0, 0x7f, 0xfb,
    0x0, 0x0, 0x0, 0x0, 0xbf, 0xf6, 0x0, 0x0,
    0x0, 0x1, 0xff, 0xf0, 0x36, 0x30, 0x0, 0x7,
    0xff, 0xa2, 0xff, 0xf2, 0x0, 0x7, 0x99, 0x33,
    0xff, 0xf3, 0x0, 0x0, 0x0, 0x0, 0x69, 0x50,

    /* U+1EF6 "Ỷ" */
    0x0, 0x0, 0xbb, 0xa4, 0x0, 0x0, 0x0, 0x0,
    0xff, 0xff, 0x10, 0x0, 0x0, 0x0, 0x0, 0xff,
    0x10, 0x0, 0x0, 0x0, 0xa, 0xf8, 0x0, 0x0,
    0x0, 0x0, 0x1, 0x10, 0x0, 0x0, 0x59, 0x95,
    0x0, 0x0, 0x59, 0x95, 0x3f, 0xfe, 0x0, 0x0,
    0xdf, 0xf3, 0xc, 0xff, 0x50, 0x4, 0xff, 0xc0,
    0x5, 0xff, 0xb0, 0xa, 0xff, 0x50, 0x0, 0xdf,
    0xf2, 0x1f, 0xfd, 0x0, 0x0, 0x6f, 0xf8, 0x6f,
    0xf6, 0x0, 0x0, 0xe, 0xfd, 0xbf, 0xe0, 0x0,
    0x0, 0x8, 0xff, 0xff, 0x80, 0x0, 0x0, 0x1,
    0xff, 0xff, 0x10, 0x0, 0x0, 0x0, 0xaf, 0xfa,
    0x0, 0x0, 0x0, 0x0, 0x8f, 0xf8, 0x0, 0x0,
    0x0, 0x0, 0x8f, 0xf8, 0x0, 0x0, 0x0, 0x0,
    0x8f, 0xf8, 0x0, 0x0, 0x0, 0x0, 0x8f, 0xf8,
    0x0, 0x0, 0x0, 0x0, 0x8f, 0xf8, 0x0, 0x0,

    /* U+1EF7 "ỷ" */
    0x0, 0x0, 0x7b, 0xa6, 0x0, 0x0, 0x0, 0x0,
    0xbf, 0xff, 0x50, 0x0, 0x0, 0x0, 0x0, 0xbf,
    0x60, 0x0, 0x0, 0x0, 0x5, 0xfd, 0x0, 0x0,
    0x0, 0x0, 0x1, 0x10, 0x0, 0x0, 0x0, 0x0,
    0x0, 0x0, 0x0, 0x0, 0x4f, 0xfe, 0x0, 0x0,
    0xcf, 0xf4, 0xe, 0xff, 0x40, 0x2, 0xff, 0xe0,
    0x7, 0xff, 0xa0, 0x7, 0xff, 0x90, 0x1, 0xff,
    0xf0, 0xc, 0xff, 0x30, 0x0, 0xbf, 0xf5, 0x2f,
    0xfd, 0x0, 0x0, 0x5f, 0xfa, 0x7f, 0xf8, 0x0,
    0x0, 0xe, 0xfe, 0xbf, 0xf2, 0x0, 0x0, 0x8,
    0xff, 0xff, 0xc0, 0x0, 0x0, 0x2, 0xff, 0xff,
    0x70, 0x0, 0x0, 0x0, 0xbf, 0xff, 0x10, 0x0,
    0x0, 0x0, 0x7f, 0xfb, 0x0, 0x0, 0x0, 0x0,
    0xbf, 0xf6, 0x0, 0x0, 0x0, 0x1, 0xff, 0xf0,
    0x0, 0x0, 0x0, 0x7, 0xff, 0xa0, 0x0, 0x0,
    0x0, 0x7, 0x99, 0x30, 0x0, 0x0,

    /* U+1EF8 "Ỹ" */
    0x0, 0x0, 0x20, 0x0, 0x10, 0x0, 0x0, 0x1d,
    0xff, 0x63, 0xf9, 0x0, 0x0, 0x7f, 0xef, 0xff,
    0xf6, 0x0, 0x0, 0x8e, 0x13, 0xdf, 0xa0, 0x0,
    0x0, 0x0, 0x0, 0x0, 0x0, 0x0, 0x59, 0x95,
    0x0, 0x0, 0x59, 0x95, 0x3f, 0xfe, 0x0, 0x0,
    0xdf, 0xf3, 0xc, 0xff, 0x50, 0x4, 0xff, 0xc0,
    0x5, 0xff, 0xb0, 0xa, 0xff, 0x50, 0x0, 0xdf,
    0xf2, 0x1f, 0xfd, 0x0, 0x0, 0x6f, 0xf8, 0x6f,
    0xf6, 0x0, 0x0, 0xe, 0xfd, 0xbf, 0xe0, 0x0,
    0x0, 0x8, 0xff, 0xff, 0x80, 0x0, 0x0, 0x1,
    0xff, 0xff, 0x10, 0x0, 0x0, 0x0, 0xaf, 0xfa,
    0x0, 0x0, 0x0, 0x0, 0x8f, 0xf8, 0x0, 0x0,
    0x0, 0x0, 0x8f, 0xf8, 0x0, 0x0, 0x0, 0x0,
    0x8f, 0xf8, 0x0, 0x0, 0x0, 0x0, 0x8f, 0xf8,
    0x0, 0x0, 0x0, 0x0, 0x8f, 0xf8, 0x0, 0x0,

    /* U+1EF9 "ỹ" */
    0x0, 0x8, 0xdb, 0x21, 0xc7, 0x0, 0x0, 0x5f,
    0xff, 0xfd, 0xf7, 0x0, 0x0, 0x9f, 0x48, 0xff,
    0xe1, 0x0, 0x0, 0x13, 0x0, 0x14, 0x0, 0x0,
    0x0, 0x0, 0x0, 0x0, 0x0, 0x0, 0x4f, 0xfe,
    0x0, 0x0, 0xcf, 0xf4, 0xe, 0xff, 0x40, 0x2,
    0xff, 0xe0, 0x7, 0xff, 0xa0, 0x7, 0xff, 0x90,
    0x1, 0xff, 0xf0, 0xc, 0xff, 0x30, 0x0, 0xbf,
    0xf5, 0x2f, 0xfd, 0x0, 0x0, 0x5f, 0xfa, 0x7f,
    0xf8, 0x0, 0x0, 0xe, 0xfe, 0xbf, 0xf2, 0x0,
    0x0, 0x8, 0xff, 0xff, 0xc0, 0x0, 0x0, 0x2,
    0xff, 0xff, 0x70, 0x0, 0x0, 0x0, 0xbf, 0xff,
    0x10, 0x0, 0x0, 0x0, 0x7f, 0xfb, 0x0, 0x0,
    0x0, 0x0, 0xbf, 0xf6, 0x0, 0x0, 0x0, 0x1,
    0xff, 0xf0, 0x0, 0x0, 0x0, 0x7, 0xff, 0xa0,
    0x0, 0x0, 0x0, 0x7, 0x99, 0x30, 0x0, 0x0
};


/*---------------------
 *  GLYPH DESCRIPTION
 *--------------------*/

static const lv_font_fmt_txt_glyph_dsc_t glyph_dsc[] = {
    {.bitmap_index = 0, .adv_w = 0, .box_w = 0, .box_h = 0, .ofs_x = 0, .ofs_y = 0} /* id = 0 reserved */,
    {.bitmap_index = 0, .adv_w = 192, .box_w = 0, .box_h = 0, .ofs_x = 0, .ofs_y = 0},
    {.bitmap_index = 0, .adv_w = 192, .box_w = 4, .box_h = 14, .ofs_x = 4, .ofs_y = 0},
    {.bitmap_index = 28, .adv_w = 192, .box_w = 8, .box_h = 6, .ofs_x = 2, .ofs_y = 8},
    {.bitmap_index = 52, .adv_w = 192, .box_w = 12, .box_h = 14, .ofs_x = 0, .ofs_y = 0},
    {.bitmap_index = 136, .adv_w = 192, .box_w = 12, .box_h = 20, .ofs_x = 0, .ofs_y = -3},
    {.bitmap_index = 256, .adv_w = 192, .box_w = 14, .box_h = 14, .ofs_x = -1, .ofs_y = 0},
    {.bitmap_index = 354, .adv_w = 192, .box_w = 12, .box_h = 14, .ofs_x = 0, .ofs_y = 0},
    {.bitmap_index = 438, .adv_w = 192, .box_w = 4, .box_h = 6, .ofs_x = 4, .ofs_y = 8},
    {.bitmap_index = 450, .adv_w = 192, .box_w = 7, .box_h = 20, .ofs_x = 3, .ofs_y = -3},
    {.bitmap_index = 520, .adv_w = 192, .box_w = 7, .box_h = 20, .ofs_x = 2, .ofs_y = -3},
    {.bitmap_index = 590, .adv_w = 192, .box_w = 12, .box_h = 11, .ofs_x = 0, .ofs_y = 1},
    {.bitmap_index = 656, .adv_w = 192, .box_w = 10, .box_h = 10, .ofs_x = 1, .ofs_y = 1},
    {.bitmap_index = 706, .adv_w = 192, .box_w = 6, .box_h = 7, .ofs_x = 2, .ofs_y = -4},
    {.bitmap_index = 727, .adv_w = 192, .box_w = 8, .box_h = 3, .ofs_x = 2, .ofs_y = 5},
    {.bitmap_index = 739, .adv_w = 192, .box_w = 6, .box_h = 4, .ofs_x = 3, .ofs_y = 0},
    {.bitmap_index = 751, .adv_w = 192, .box_w = 10, .box_h = 19, .ofs_x = 1, .ofs_y = -2},
    {.bitmap_index = 846, .adv_w = 192, .box_w = 10, .box_h = 14, .ofs_x = 1, .ofs_y = 0},
    {.bitmap_index = 916, .adv_w = 192, .box_w = 11, .box_h = 14, .ofs_x = 1, .ofs_y = 0},
    {.bitmap_index = 993, .adv_w = 192, .box_w = 10, .box_h = 14, .ofs_x = 1, .ofs_y = 0},
    {.bitmap_index = 1063, .adv_w = 192, .box_w = 10, .box_h = 14, .ofs_x = 1, .ofs_y = 0},
    {.bitmap_index = 1133, .adv_w = 192, .box_w = 10, .box_h = 14, .ofs_x = 1, .ofs_y = 0},
    {.bitmap_index = 1203, .adv_w = 192, .box_w = 10, .box_h = 14, .ofs_x = 1, .ofs_y = 0},
    {.bitmap_index = 1273, .adv_w = 192, .box_w = 12, .box_h = 14, .ofs_x = 0, .ofs_y = 0},
    {.bitmap_index = 1357, .adv_w = 192, .box_w = 11, .box_h = 14, .ofs_x = 0, .ofs_y = 0},
    {.bitmap_index = 1434, .adv_w = 192, .box_w = 10, .box_h = 14, .ofs_x = 1, .ofs_y = 0},
    {.bitmap_index = 1504, .adv_w = 192, .box_w = 12, .box_h = 14, .ofs_x = 0, .ofs_y = 0},
    {.bitmap_index = 1588, .adv_w = 192, .box_w = 4, .box_h = 11, .ofs_x = 4, .ofs_y = 0},
    {.bitmap_index = 1610, .adv_w = 192, .box_w = 7, .box_h = 15, .ofs_x = 2, .ofs_y = -4},
    {.bitmap_index = 1663, .adv_w = 192, .box_w = 10, .box_h = 12, .ofs_x = 1, .ofs_y = 0},
    {.bitmap_index = 1723, .adv_w = 192, .box_w = 10, .box_h = 8, .ofs_x = 1, .ofs_y = 3},
    {.bitmap_index = 1763, .adv_w = 192, .box_w = 10, .box_h = 12, .ofs_x = 1, .ofs_y = 0},
    {.bitmap_index = 1823, .adv_w = 192, .box_w = 9, .box_h = 14, .ofs_x = 2, .ofs_y = 0},
    {.bitmap_index = 1886, .adv_w = 192, .box_w = 12, .box_h = 18, .ofs_x = 0, .ofs_y = -4},
    {.bitmap_index = 1994, .adv_w = 192, .box_w = 12, .box_h = 14, .ofs_x = 0, .ofs_y = 0},
    {.bitmap_index = 2078, .adv_w = 192, .box_w = 11, .box_h = 14, .ofs_x = 1, .ofs_y = 0},
    {.bitmap_index = 2155, .adv_w = 192, .box_w = 10, .box_h = 14, .ofs_x = 1, .ofs_y = 0},
    {.bitmap_index = 2225, .adv_w = 192, .box_w = 11, .box_h = 14, .ofs_x = 1, .ofs_y = 0},
    {.bitmap_index = 2302, .adv_w = 192, .box_w = 10, .box_h = 14, .ofs_x = 1, .ofs_y = 0},
    {.bitmap_index = 2372, .adv_w = 192, .box_w = 10, .box_h = 14, .ofs_x = 1, .ofs_y = 0},
    {.bitmap_index = 2442, .adv_w = 192, .box_w = 10, .box_h = 14, .ofs_x = 1, .ofs_y = 0},
    {.bitmap_index = 2512, .adv_w = 192, .box_w = 10, .box_h = 14, .ofs_x = 1, .ofs_y = 0},
    {.bitmap_index = 2582, .adv_w = 192, .box_w = 10, .box_h = 14, .ofs_x = 1, .ofs_y = 0},
    {.bitmap_index = 2652, .adv_w = 192, .box_w = 11, .box_h = 14, .ofs_x = 0, .ofs_y = 0},
    {.bitmap_index = 2729, .adv_w = 192, .box_w = 11, .box_h = 14, .ofs_x = 1, .ofs_y = 0},
    {.bitmap_index = 2806, .adv_w = 192, .box_w = 10, .box_h = 14, .ofs_x = 1, .ofs_y = 0},
    {.bitmap_index = 2876, .adv_w = 192, .box_w = 12, .box_h = 14, .ofs_x = 0, .ofs_y = 0},
    {.bitmap_index = 2960, .adv_w = 192, .box_w = 10, .box_h = 14, .ofs_x = 1, .ofs_y = 0},
    {.bitmap_index = 3030, .adv_w = 192, .box_w = 10, .box_h = 14, .ofs_x = 1, .ofs_y = 0},
    {.bitmap_index = 3100, .adv_w = 192, .box_w = 11, .box_h = 14, .ofs_x = 1, .ofs_y = 0},
    {.bitmap_index = 3177, .adv_w = 192, .box_w = 11, .box_h = 18, .ofs_x = 1, .ofs_y = -4},
    {.bitmap_index = 3276, .adv_w = 192, .box_w = 11, .box_h = 14, .ofs_x = 1, .ofs_y = 0},
    {.bitmap_index = 3353, .adv_w = 192, .box_w = 12, .box_h = 14, .ofs_x = 0, .ofs_y = 0},
    {.bitmap_index = 3437, .adv_w = 192, .box_w = 12, .box_h = 14, .ofs_x = 0, .ofs_y = 0},
    {.bitmap_index = 3521, .adv_w = 192, .box_w = 10, .box_h = 14, .ofs_x = 1, .ofs_y = 0},
    {.bitmap_index = 3591, .adv_w = 192, .box_w = 12, .box_h = 14, .ofs_x = 0, .ofs_y = 0},
    {.bitmap_index = 3675, .adv_w = 192, .box_w = 12, .box_h = 14, .ofs_x = 0, .ofs_y = 0},
    {.bitmap_index = 3759, .adv_w = 192, .box_w = 12, .box_h = 14, .ofs_x = 0, .ofs_y = 0},
    {.bitmap_index = 3843, .adv_w = 192, .box_w = 12, .box_h = 14, .ofs_x = 0, .ofs_y = 0},
    {.bitmap_index = 3927, .adv_w = 192, .box_w = 10, .box_h = 14, .ofs_x = 1, .ofs_y = 0},
    {.bitmap_index = 3997, .adv_w = 192, .box_w = 7, .box_h = 19, .ofs_x = 3, .ofs_y = -2},
    {.bitmap_index = 4064, .adv_w = 192, .box_w = 11, .box_h = 19, .ofs_x = 0, .ofs_y = -2},
    {.bitmap_index = 4169, .adv_w = 192, .box_w = 7, .box_h = 19, .ofs_x = 2, .ofs_y = -2},
    {.bitmap_index = 4236, .adv_w = 192, .box_w = 10, .box_h = 8, .ofs_x = 1, .ofs_y = 7},
    {.bitmap_index = 4276, .adv_w = 192, .box_w = 10, .box_h = 3, .ofs_x = 1, .ofs_y = -3},
    {.bitmap_index = 4291, .adv_w = 192, .box_w = 6, .box_h = 3, .ofs_x = 3, .ofs_y = 13},
    {.bitmap_index = 4300, .adv_w = 192, .box_w = 11, .box_h = 11, .ofs_x = 0, .ofs_y = 0},
    {.bitmap_index = 4361, .adv_w = 192, .box_w = 10, .box_h = 14, .ofs_x = 1, .ofs_y = 0},
    {.bitmap_index = 4431, .adv_w = 192, .box_w = 10, .box_h = 11, .ofs_x = 1, .ofs_y = 0},
    {.bitmap_index = 4486, .adv_w = 192, .box_w = 10, .box_h = 14, .ofs_x = 1, .ofs_y = 0},
    {.bitmap_index = 4556, .adv_w = 192, .box_w = 10, .box_h = 11, .ofs_x = 1, .ofs_y = 0},
    {.bitmap_index = 4611, .adv_w = 192, .box_w = 11, .box_h = 14, .ofs_x = 0, .ofs_y = 0},
    {.bitmap_index = 4688, .adv_w = 192, .box_w = 10, .box_h = 15, .ofs_x = 1, .ofs_y = -4},
    {.bitmap_index = 4763, .adv_w = 192, .box_w = 10, .box_h = 14, .ofs_x = 1, .ofs_y = 0},
    {.bitmap_index = 4833, .adv_w = 192, .box_w = 11, .box_h = 16, .ofs_x = 1, .ofs_y = 0},
    {.bitmap_index = 4921, .adv_w = 192, .box_w = 9, .box_h = 20, .ofs_x = 1, .ofs_y = -4},
    {.bitmap_index = 5011, .adv_w = 192, .box_w = 11, .box_h = 14, .ofs_x = 1, .ofs_y = 0},
    {.bitmap_index = 5088, .adv_w = 192, .box_w = 12, .box_h = 14, .ofs_x = 0, .ofs_y = 0},
    {.bitmap_index = 5172, .adv_w = 192, .box_w = 12, .box_h = 11, .ofs_x = 0, .ofs_y = 0},
    {.bitmap_index = 5238, .adv_w = 192, .box_w = 10, .box_h = 11, .ofs_x = 1, .ofs_y = 0},
    {.bitmap_index = 5293, .adv_w = 192, .box_w = 10, .box_h = 11, .ofs_x = 1, .ofs_y = 0},
    {.bitmap_index = 5348, .adv_w = 192, .box_w = 10, .box_h = 15, .ofs_x = 1, .ofs_y = -4},
    {.bitmap_index = 5423, .adv_w = 192, .box_w = 10, .box_h = 15, .ofs_x = 1, .ofs_y = -4},
    {.bitmap_index = 5498, .adv_w = 192, .box_w = 11, .box_h = 11, .ofs_x = 1, .ofs_y = 0},
    {.bitmap_index = 5559, .adv_w = 192, .box_w = 10, .box_h = 11, .ofs_x = 1, .ofs_y = 0},
    {.bitmap_index = 5614, .adv_w = 192, .box_w = 11, .box_h = 14, .ofs_x = 0, .ofs_y = 0},
    {.bitmap_index = 5691, .adv_w = 192, .box_w = 10, .box_h = 11, .ofs_x = 1, .ofs_y = 0},
    {.bitmap_index = 5746, .adv_w = 192, .box_w = 12, .box_h = 11, .ofs_x = 0, .ofs_y = 0},
    {.bitmap_index = 5812, .adv_w = 192, .box_w = 12, .box_h = 11, .ofs_x = 0, .ofs_y = 0},
    {.bitmap_index = 5878, .adv_w = 192, .box_w = 12, .box_h = 11, .ofs_x = 0, .ofs_y = 0},
    {.bitmap_index = 5944, .adv_w = 192, .box_w = 12, .box_h = 15, .ofs_x = 0, .ofs_y = -4},
    {.bitmap_index = 6034, .adv_w = 192, .box_w = 10, .box_h = 11, .ofs_x = 1, .ofs_y = 0},
    {.bitmap_index = 6089, .adv_w = 192, .box_w = 10, .box_h = 19, .ofs_x = 1, .ofs_y = -2},
    {.bitmap_index = 6184, .adv_w = 192, .box_w = 4, .box_h = 19, .ofs_x = 4, .ofs_y = -2},
    {.bitmap_index = 6222, .adv_w = 192, .box_w = 10, .box_h = 19, .ofs_x = 1, .ofs_y = -2},
    {.bitmap_index = 6317, .adv_w = 192, .box_w = 12, .box_h = 5, .ofs_x = 0, .ofs_y = 4},
    {.bitmap_index = 6347, .adv_w = 192, .box_w = 12, .box_h = 19, .ofs_x = 0, .ofs_y = 0},
    {.bitmap_index = 6461, .adv_w = 192, .box_w = 12, .box_h = 19, .ofs_x = 0, .ofs_y = 0},
    {.bitmap_index = 6575, .adv_w = 192, .box_w = 12, .box_h = 19, .ofs_x = 0, .ofs_y = 0},
    {.bitmap_index = 6689, .adv_w = 192, .box_w = 12, .box_h = 19, .ofs_x = 0, .ofs_y = 0},
    {.bitmap_index = 6803, .adv_w = 192, .box_w = 10, .box_h = 19, .ofs_x = 1, .ofs_y = 0},
    {.bitmap_index = 6898, .adv_w = 192, .box_w = 10, .box_h = 19, .ofs_x = 1, .ofs_y = 0},
    {.bitmap_index = 6993, .adv_w = 192, .box_w = 10, .box_h = 19, .ofs_x = 1, .ofs_y = 0},
    {.bitmap_index = 7088, .adv_w = 192, .box_w = 10, .box_h = 19, .ofs_x = 1, .ofs_y = 0},
    {.bitmap_index = 7183, .adv_w = 192, .box_w = 10, .box_h = 19, .ofs_x = 1, .ofs_y = 0},
    {.bitmap_index = 7278, .adv_w = 192, .box_w = 10, .box_h = 19, .ofs_x = 1, .ofs_y = 0},
    {.bitmap_index = 7373, .adv_w = 192, .box_w = 10, .box_h = 19, .ofs_x = 1, .ofs_y = 0},
    {.bitmap_index = 7468, .adv_w = 192, .box_w = 10, .box_h = 19, .ofs_x = 1, .ofs_y = 0},
    {.bitmap_index = 7563, .adv_w = 192, .box_w = 10, .box_h = 19, .ofs_x = 1, .ofs_y = 0},
    {.bitmap_index = 7658, .adv_w = 192, .box_w = 10, .box_h = 19, .ofs_x = 1, .ofs_y = 0},
    {.bitmap_index = 7753, .adv_w = 192, .box_w = 10, .box_h = 19, .ofs_x = 1, .ofs_y = 0},
    {.bitmap_index = 7848, .adv_w = 192, .box_w = 12, .box_h = 19, .ofs_x = 0, .ofs_y = 0},
    {.bitmap_index = 7962, .adv_w = 192, .box_w = 11, .box_h = 16, .ofs_x = 0, .ofs_y = 0},
    {.bitmap_index = 8050, .adv_w = 192, .box_w = 11, .box_h = 16, .ofs_x = 0, .ofs_y = 0},
    {.bitmap_index = 8138, .adv_w = 192, .box_w = 11, .box_h = 16, .ofs_x = 0, .ofs_y = 0},
    {.bitmap_index = 8226, .adv_w = 192, .box_w = 11, .box_h = 16, .ofs_x = 0, .ofs_y = 0},
    {.bitmap_index = 8314, .adv_w = 192, .box_w = 10, .box_h = 16, .ofs_x = 1, .ofs_y = 0},
    {.bitmap_index = 8394, .adv_w = 192, .box_w = 10, .box_h = 16, .ofs_x = 1, .ofs_y = 0},
    {.bitmap_index = 8474, .adv_w = 192, .box_w = 10, .box_h = 16, .ofs_x = 1, .ofs_y = 0},
    {.bitmap_index = 8554, .adv_w = 192, .box_w = 11, .box_h = 16, .ofs_x = 1, .ofs_y = 0},
    {.bitmap_index = 8642, .adv_w = 192, .box_w = 11, .box_h = 16, .ofs_x = 1, .ofs_y = 0},
    {.bitmap_index = 8730, .adv_w = 192, .box_w = 10, .box_h = 16, .ofs_x = 1, .ofs_y = 0},
    {.bitmap_index = 8810, .adv_w = 192, .box_w = 10, .box_h = 16, .ofs_x = 1, .ofs_y = 0},
    {.bitmap_index = 8890, .adv_w = 192, .box_w = 10, .box_h = 16, .ofs_x = 1, .ofs_y = 0},
    {.bitmap_index = 8970, .adv_w = 192, .box_w = 10, .box_h = 16, .ofs_x = 1, .ofs_y = 0},
    {.bitmap_index = 9050, .adv_w = 192, .box_w = 10, .box_h = 16, .ofs_x = 1, .ofs_y = 0},
    {.bitmap_index = 9130, .adv_w = 192, .box_w = 10, .box_h = 16, .ofs_x = 1, .ofs_y = 0},
    {.bitmap_index = 9210, .adv_w = 192, .box_w = 12, .box_h = 19, .ofs_x = 0, .ofs_y = -4},
    {.bitmap_index = 9324, .adv_w = 192, .box_w = 12, .box_h = 19, .ofs_x = 0, .ofs_y = 0},
    {.bitmap_index = 9438, .adv_w = 192, .box_w = 11, .box_h = 17, .ofs_x = 0, .ofs_y = -1},
    {.bitmap_index = 9532, .adv_w = 192, .box_w = 12, .box_h = 15, .ofs_x = 0, .ofs_y = 0},
    {.bitmap_index = 9622, .adv_w = 192, .box_w = 11, .box_h = 16, .ofs_x = 1, .ofs_y = -1},
    {.bitmap_index = 9710, .adv_w = 192, .box_w = 10, .box_h = 20, .ofs_x = 1, .ofs_y = 0},
    {.bitmap_index = 9810, .adv_w = 192, .box_w = 11, .box_h = 16, .ofs_x = 1, .ofs_y = 0},
    {.bitmap_index = 9898, .adv_w = 192, .box_w = 10, .box_h = 21, .ofs_x = 1, .ofs_y = -1},
    {.bitmap_index = 10003, .adv_w = 192, .box_w = 10, .box_h = 17, .ofs_x = 1, .ofs_y = -1},
    {.bitmap_index = 10088, .adv_w = 192, .box_w = 11, .box_h = 18, .ofs_x = 1, .ofs_y = -1},
    {.bitmap_index = 10187, .adv_w = 192, .box_w = 11, .box_h = 14, .ofs_x = 1, .ofs_y = -1},
    {.bitmap_index = 10264, .adv_w = 192, .box_w = 13, .box_h = 18, .ofs_x = 1, .ofs_y = -1},
    {.bitmap_index = 10381, .adv_w = 192, .box_w = 12, .box_h = 15, .ofs_x = 1, .ofs_y = -1},
    {.bitmap_index = 10471, .adv_w = 192, .box_w = 12, .box_h = 20, .ofs_x = 0, .ofs_y = -5},
    {.bitmap_index = 10591, .adv_w = 192, .box_w = 11, .box_h = 17, .ofs_x = 0, .ofs_y = -5},
    {.bitmap_index = 10685, .adv_w = 192, .box_w = 12, .box_h = 21, .ofs_x = 0, .ofs_y = 0},
    {.bitmap_index = 10811, .adv_w = 192, .box_w = 11, .box_h = 18, .ofs_x = 0, .ofs_y = -1},
    {.bitmap_index = 10910, .adv_w = 192, .box_w = 14, .box_h = 21, .ofs_x = 0, .ofs_y = 0},
    {.bitmap_index = 11057, .adv_w = 192, .box_w = 14, .box_h = 19, .ofs_x = 0, .ofs_y = -1},
    {.bitmap_index = 11190, .adv_w = 192, .box_w = 12, .box_h = 21, .ofs_x = 0, .ofs_y = 0},
    {.bitmap_index = 11316, .adv_w = 192, .box_w = 13, .box_h = 19, .ofs_x = 0, .ofs_y = -1},
    {.bitmap_index = 11440, .adv_w = 192, .box_w = 12, .box_h = 21, .ofs_x = 0, .ofs_y = 0},
    {.bitmap_index = 11566, .adv_w = 192, .box_w = 12, .box_h = 20, .ofs_x = 0, .ofs_y = -1},
    {.bitmap_index = 11686, .adv_w = 192, .box_w = 12, .box_h = 21, .ofs_x = 0, .ofs_y = 0},
    {.bitmap_index = 11812, .adv_w = 192, .box_w = 11, .box_h = 21, .ofs_x = 0, .ofs_y = -1},
    {.bitmap_index = 11928, .adv_w = 192, .box_w = 12, .box_h = 24, .ofs_x = 0, .ofs_y = -5},
    {.bitmap_index = 12072, .adv_w = 192, .box_w = 11, .box_h = 21, .ofs_x = 0, .ofs_y = -5},
    {.bitmap_index = 12188, .adv_w = 192, .box_w = 12, .box_h = 21, .ofs_x = 0, .ofs_y = 0},
    {.bitmap_index = 12314, .adv_w = 192, .box_w = 11, .box_h = 20, .ofs_x = 0, .ofs_y = -1},
    {.bitmap_index = 12424, .adv_w = 192, .box_w = 12, .box_h = 21, .ofs_x = 0, .ofs_y = 0},
    {.bitmap_index = 12550, .adv_w = 192, .box_w = 11, .box_h = 20, .ofs_x = 0, .ofs_y = -1},
    {.bitmap_index = 12660, .adv_w = 192, .box_w = 12, .box_h = 21, .ofs_x = 0, .ofs_y = 0},
    {.bitmap_index = 12786, .adv_w = 192, .box_w = 11, .box_h = 21, .ofs_x = 0, .ofs_y = -1},
    {.bitmap_index = 12902, .adv_w = 192, .box_w = 12, .box_h = 21, .ofs_x = 0, .ofs_y = 0},
    {.bitmap_index = 13028, .adv_w = 192, .box_w = 11, .box_h = 21, .ofs_x = 0, .ofs_y = -1},
    {.bitmap_index = 13144, .adv_w = 192, .box_w = 12, .box_h = 24, .ofs_x = 0, .ofs_y = -5},
    {.bitmap_index = 13288, .adv_w = 192, .box_w = 11, .box_h = 21, .ofs_x = 0, .ofs_y = -5},
    {.bitmap_index = 13404, .adv_w = 192, .box_w = 10, .box_h = 20, .ofs_x = 1, .ofs_y = -5},
    {.bitmap_index = 13504, .adv_w = 192, .box_w = 10, .box_h = 17, .ofs_x = 1, .ofs_y = -5},
    {.bitmap_index = 13589, .adv_w = 192, .box_w = 10, .box_h = 20, .ofs_x = 1, .ofs_y = 0},
    {.bitmap_index = 13689, .adv_w = 192, .box_w = 10, .box_h = 18, .ofs_x = 1, .ofs_y = -1},
    {.bitmap_index = 13779, .adv_w = 192, .box_w = 10, .box_h = 20, .ofs_x = 1, .ofs_y = 0},
    {.bitmap_index = 13879, .adv_w = 192, .box_w = 10, .box_h = 17, .ofs_x = 1, .ofs_y = -1},
    {.bitmap_index = 13964, .adv_w = 192, .box_w = 13, .box_h = 21, .ofs_x = 1, .ofs_y = 0},
    {.bitmap_index = 14101, .adv_w = 192, .box_w = 13, .box_h = 19, .ofs_x = 1, .ofs_y = -1},
    {.bitmap_index = 14225, .adv_w = 192, .box_w = 11, .box_h = 21, .ofs_x = 1, .ofs_y = 0},
    {.bitmap_index = 14341, .adv_w = 192, .box_w = 12, .box_h = 19, .ofs_x = 1, .ofs_y = -1},
    {.bitmap_index = 14455, .adv_w = 192, .box_w = 11, .box_h = 21, .ofs_x = 1, .ofs_y = 0},
    {.bitmap_index = 14571, .adv_w = 192, .box_w = 11, .box_h = 20, .ofs_x = 1, .ofs_y = -1},
    {.bitmap_index = 14681, .adv_w = 192, .box_w = 10, .box_h = 21, .ofs_x = 1, .ofs_y = 0},
    {.bitmap_index = 14786, .adv_w = 192, .box_w = 10, .box_h = 21, .ofs_x = 1, .ofs_y = -1},
    {.bitmap_index = 14891, .adv_w = 192, .box_w = 10, .box_h = 24, .ofs_x = 1, .ofs_y = -5},
    {.bitmap_index = 15011, .adv_w = 192, .box_w = 10, .box_h = 21, .ofs_x = 1, .ofs_y = -5},
    {.bitmap_index = 15116, .adv_w = 192, .box_w = 10, .box_h = 20, .ofs_x = 1, .ofs_y = 0},
    {.bitmap_index = 15216, .adv_w = 192, .box_w = 11, .box_h = 17, .ofs_x = 1, .ofs_y = 0},
    {.bitmap_index = 15310, .adv_w = 192, .box_w = 10, .box_h = 20, .ofs_x = 1, .ofs_y = -5},
    {.bitmap_index = 15410, .adv_w = 192, .box_w = 11, .box_h = 21, .ofs_x = 1, .ofs_y = -5},
    {.bitmap_index = 15526, .adv_w = 192, .box_w = 10, .box_h = 20, .ofs_x = 1, .ofs_y = -5},
    {.bitmap_index = 15626, .adv_w = 192, .box_w = 10, .box_h = 17, .ofs_x = 1, .ofs_y = -5},
    {.bitmap_index = 15711, .adv_w = 192, .box_w = 10, .box_h = 21, .ofs_x = 1, .ofs_y = -1},
    {.bitmap_index = 15816, .adv_w = 192, .box_w = 10, .box_h = 18, .ofs_x = 1, .ofs_y = -1},
    {.bitmap_index = 15906, .adv_w = 192, .box_w = 13, .box_h = 22, .ofs_x = 1, .ofs_y = -1},
    {.bitmap_index = 16049, .adv_w = 192, .box_w = 13, .box_h = 19, .ofs_x = 1, .ofs_y = -1},
    {.bitmap_index = 16173, .adv_w = 192, .box_w = 11, .box_h = 22, .ofs_x = 1, .ofs_y = -1},
    {.bitmap_index = 16294, .adv_w = 192, .box_w = 12, .box_h = 19, .ofs_x = 1, .ofs_y = -1},
    {.bitmap_index = 16408, .adv_w = 192, .box_w = 11, .box_h = 22, .ofs_x = 1, .ofs_y = -1},
    {.bitmap_index = 16529, .adv_w = 192, .box_w = 11, .box_h = 20, .ofs_x = 1, .ofs_y = -1},
    {.bitmap_index = 16639, .adv_w = 192, .box_w = 10, .box_h = 22, .ofs_x = 1, .ofs_y = -1},
    {.bitmap_index = 16749, .adv_w = 192, .box_w = 10, .box_h = 21, .ofs_x = 1, .ofs_y = -1},
    {.bitmap_index = 16854, .adv_w = 192, .box_w = 10, .box_h = 24, .ofs_x = 1, .ofs_y = -5},
    {.bitmap_index = 16974, .adv_w = 192, .box_w = 10, .box_h = 21, .ofs_x = 1, .ofs_y = -5},
    {.bitmap_index = 17079, .adv_w = 192, .box_w = 11, .box_h = 20, .ofs_x = 1, .ofs_y = -1},
    {.bitmap_index = 17189, .adv_w = 192, .box_w = 11, .box_h = 17, .ofs_x = 1, .ofs_y = -1},
    {.bitmap_index = 17283, .adv_w = 192, .box_w = 11, .box_h = 20, .ofs_x = 1, .ofs_y = -1},
    {.bitmap_index = 17393, .adv_w = 192, .box_w = 11, .box_h = 17, .ofs_x = 1, .ofs_y = -1},
    {.bitmap_index = 17487, .adv_w = 192, .box_w = 11, .box_h = 21, .ofs_x = 1, .ofs_y = -1},
    {.bitmap_index = 17603, .adv_w = 192, .box_w = 11, .box_h = 18, .ofs_x = 1, .ofs_y = -1},
    {.bitmap_index = 17702, .adv_w = 192, .box_w = 11, .box_h = 21, .ofs_x = 1, .ofs_y = -1},
    {.bitmap_index = 17818, .adv_w = 192, .box_w = 11, .box_h = 17, .ofs_x = 1, .ofs_y = -1},
    {.bitmap_index = 17912, .adv_w = 192, .box_w = 11, .box_h = 22, .ofs_x = 1, .ofs_y = -5},
    {.bitmap_index = 18033, .adv_w = 192, .box_w = 11, .box_h = 18, .ofs_x = 1, .ofs_y = -5},
    {.bitmap_index = 18132, .adv_w = 192, .box_w = 10, .box_h = 20, .ofs_x = 1, .ofs_y = -5},
    {.bitmap_index = 18232, .adv_w = 192, .box_w = 10, .box_h = 16, .ofs_x = 1, .ofs_y = -5},
    {.bitmap_index = 18312, .adv_w = 192, .box_w = 10, .box_h = 21, .ofs_x = 1, .ofs_y = -1},
    {.bitmap_index = 18417, .adv_w = 192, .box_w = 10, .box_h = 18, .ofs_x = 1, .ofs_y = -1},
    {.bitmap_index = 18507, .adv_w = 192, .box_w = 13, .box_h = 20, .ofs_x = 1, .ofs_y = -1},
    {.bitmap_index = 18637, .adv_w = 192, .box_w = 12, .box_h = 17, .ofs_x = 1, .ofs_y = -1},
    {.bitmap_index = 18739, .adv_w = 192, .box_w = 13, .box_h = 20, .ofs_x = 1, .ofs_y = -1},
    {.bitmap_index = 18869, .adv_w = 192, .box_w = 12, .box_h = 17, .ofs_x = 1, .ofs_y = -1},
    {.bitmap_index = 18971, .adv_w = 192, .box_w = 13, .box_h = 21, .ofs_x = 1, .ofs_y = -1},
    {.bitmap_index = 19108, .adv_w = 192, .box_w = 12, .box_h = 18, .ofs_x = 1, .ofs_y = -1},
    {.bitmap_index = 19216, .adv_w = 192, .box_w = 13, .box_h = 21, .ofs_x = 1, .ofs_y = -1},
    {.bitmap_index = 19353, .adv_w = 192, .box_w = 12, .box_h = 17, .ofs_x = 1, .ofs_y = -1},
    {.bitmap_index = 19455, .adv_w = 192, .box_w = 13, .box_h = 22, .ofs_x = 1, .ofs_y = -5},
    {.bitmap_index = 19598, .adv_w = 192, .box_w = 12, .box_h = 19, .ofs_x = 1, .ofs_y = -5},
    {.bitmap_index = 19712, .adv_w = 192, .box_w = 12, .box_h = 19, .ofs_x = 0, .ofs_y = 0},
    {.bitmap_index = 19826, .adv_w = 192, .box_w = 12, .box_h = 20, .ofs_x = 0, .ofs_y = -4},
    {.bitmap_index = 19946, .adv_w = 192, .box_w = 12, .box_h = 20, .ofs_x = 0, .ofs_y = -5},
    {.bitmap_index = 20066, .adv_w = 192, .box_w = 12, .box_h = 16, .ofs_x = 0, .ofs_y = -5},
    {.bitmap_index = 20162, .adv_w = 192, .box_w = 12, .box_h = 20, .ofs_x = 0, .ofs_y = 0},
    {.bitmap_index = 20282, .adv_w = 192, .box_w = 12, .box_h = 21, .ofs_x = 0, .ofs_y = -4},
    {.bitmap_index = 20408, .adv_w = 192, .box_w = 12, .box_h = 20, .ofs_x = 0, .ofs_y = 0},
    {.bitmap_index = 20528, .adv_w = 192, .box_w = 12, .box_h = 20, .ofs_x = 0, .ofs_y = -4}
};

/*---------------------
 *  CHARACTER MAPPING
 *--------------------*/

static const uint16_t unicode_list_1[] = {
    0x0, 0x1, 0x2, 0x3, 0x8, 0x9, 0xa, 0xc,
    0xd, 0x12, 0x13, 0x14, 0x15, 0x19, 0x1a, 0x1d,
    0x20, 0x21, 0x22, 0x23, 0x28, 0x29, 0x2a, 0x2c,
    0x2d, 0x32, 0x33, 0x34, 0x35, 0x39, 0x3a, 0x3d,
    0x42, 0x43, 0x50, 0x51, 0x68, 0x69, 0xa8, 0xa9,
    0xe0, 0xe1, 0xef, 0xf0
};

/*Collect the unicode lists and glyph_id offsets*/
static const lv_font_fmt_txt_cmap_t cmaps[] =
{
    {
        .range_start = 32, .range_length = 95, .glyph_id_start = 1,
        .unicode_list = NULL, .glyph_id_ofs_list = NULL, .list_length = 0, .type = LV_FONT_FMT_TXT_CMAP_FORMAT0_TINY
    },
    {
        .range_start = 192, .range_length = 241, .glyph_id_start = 96,
        .unicode_list = unicode_list_1, .glyph_id_ofs_list = NULL, .list_length = 44, .type = LV_FONT_FMT_TXT_CMAP_SPARSE_TINY
    },
    {
        .range_start = 7840, .range_length = 90, .glyph_id_start = 140,
        .unicode_list = NULL, .glyph_id_ofs_list = NULL, .list_length = 0, .type = LV_FONT_FMT_TXT_CMAP_FORMAT0_TINY
    }
};



/*--------------------
 *  ALL CUSTOM DATA
 *--------------------*/

#if LVGL_VERSION_MAJOR == 8
/*Store all the custom data of the font*/
static  lv_font_fmt_txt_glyph_cache_t cache;
#endif

#if LVGL_VERSION_MAJOR >= 8
static const lv_font_fmt_txt_dsc_t font_dsc = {
#else
static lv_font_fmt_txt_dsc_t font_dsc = {
#endif
    .glyph_bitmap = glyph_bitmap,
    .glyph_dsc = glyph_dsc,
    .cmaps = cmaps,
    .kern_dsc = NULL,
    .kern_scale = 0,
    .cmap_num = 3,
    .bpp = 4,
    .kern_classes = 0,
    .bitmap_format = 0,
#if LVGL_VERSION_MAJOR == 8
    .cache = &cache
#endif
};



/*-----------------
 *  PUBLIC FONT
 *----------------*/

/*Initialize a public general font descriptor*/
#if LVGL_VERSION_MAJOR >= 8
const lv_font_t muse_font_mono_vi_20 = {
#else
lv_font_t muse_font_mono_vi_20 = {
#endif
    .get_glyph_dsc = lv_font_get_glyph_dsc_fmt_txt,    /*Function pointer to get glyph's data*/
    .get_glyph_bitmap = lv_font_get_bitmap_fmt_txt,    /*Function pointer to get glyph's bitmap*/
    .line_height = 26,          /*The maximum line height required by the font*/
    .base_line = 5,             /*Baseline measured from the bottom of the line*/
#if !(LVGL_VERSION_MAJOR == 6 && LVGL_VERSION_MINOR == 0)
    .subpx = LV_FONT_SUBPX_NONE,
#endif
#if LV_VERSION_CHECK(7, 4, 0) || LVGL_VERSION_MAJOR >= 8
    .underline_position = -3,
    .underline_thickness = 1,
#endif
    .dsc = &font_dsc,          /*The custom font data. Will be accessed by `get_glyph_bitmap/dsc` */
#if LV_VERSION_CHECK(8, 2, 0) || LVGL_VERSION_MAJOR >= 9
    .fallback = NULL,
#endif
    .user_data = NULL,
};



#endif /*#if MUSE_FONT_MONO_VI_20*/

